{"fSSA1": [15.161339144114134, 0.008765907604043471], "fSSA2": [79.0574078386166, 0.010151988155791564], "u": [0.0031089710939599742, 3.7295223131208983e-06], "v": [0.01803822273161216, 5.053371797471479e-06], "s": [0.5191037529789866, 0.014090911394626822], "H": [0.13232103845974885, 0.026382984009942847], "C": [0.03922883804735109, 0.013827155144436366], "vel log": [0.006646102937689202, 0.004595590176553795], "steps": [0, 10000]}