{"fSSA1": [16.151850445987996, 0.0015669273325891282, 7.114353266802031e-05, 0.00020504520842657526, 0.00010491547962514279, 0.00016968700094440825, 0.00023660552563828128], "fSSA2": [76.16234612325603, 0.004655169694901911, 0.00019817762809770626, 0.00016645524736562118, 9.038220366823567e-05, 0.0001929086037264827, 0.00043447867460539517], "u": [0.0031918362893639685, 0.00017001429910748394, 0.00030126700143222015, 0.00018454017743709653, 0.00015117694380773657, 0.00025049828811398405, 0.00028888004349048995], "v": [0.018261115255132906, 0.000835547589405168, 0.0011138882909755823, 0.00042182255953655964, 0.0003612436843702121, 0.0007437089079758297, 0.0006229811564427021], "s": [0.5445689877720588, 0.017108468047923014, 0.002561795092451235, 0.0009027078664705279, 0.0008177794721032801, 0.0008183132194870247, 0.0010553472148441196], "H": [0.13232103845974885, 0.023887890032915134, 0.006893101224101404, 0.005416964059851743, 0.005352535050979832, 0.005310904485892548, 0.005350101075853408], "C": [0.1675718722266979, 0.001000155231099009, 0.0042081617209493395, 0.001703216825360065, 0.0016410950443323125, 0.0013828087693866474, 0.0011528928770873853], "vel log": [0.006678069848076507, 0.005820706451151945, 0.006058620736614045, 0.00573062615395416, 0.005706971558670418, 0.005969021017299136, 0.005877721705467661], "steps": [0, 10000, 20000, 30000, 40000, 50000, 60000]}