{"fMOLHO 1": [196.27732937125634, 0.0006648237788004288, 0.004629567038773655], "fMOLHO 2": [143.75081644486903, 0.008783559609973814, 0.0018659206369141814], "fMOLHO base 1": [117.82232581573675, 0.0010500721811309071, 0.0013890467300030763], "fMOLHO base 2": [91.88063909383683, 0.0033459251286790783, 0.005835830235379004], "u": [0.2955244311924177, 0.006106618343933818, 0.005075189179348578], "v": [0.1884909677561726, 0.019639217201534123, 0.013029078160331527], "s": [1.0697661865263468, 0.049113364041965556, 0.049312113879974924], "H": [0.6233631249450422, 0.5375051173475754, 0.06212161594541196], "C": [0.04922556698545891, 0.010515056622866276, 0.0037687468676544295], "steps": [0, 10000, 20000]}