{"fMOLHO 1": [6.745854840085898e-05, 6.13716871212032e-07, 5.212313910536414e-07, 5.126004830740068e-07, 5.538750727368584e-07, 5.756469524093363e-07, 5.925951408203714e-07, 6.342105951700184e-07, 6.454516117315787e-07, 6.368745131542709e-07, 6.338032266236666e-07, 6.300614488243841e-07, 6.378172803620172e-07, 6.388507950053449e-07, 6.474756566288986e-07, 6.540785743323845e-07], "fMOLHO 2": [6.0228846839253134e-05, 4.959973682583559e-07, 4.969082287723603e-07, 5.22781584892932e-07, 5.326283148274146e-07, 5.179593552679343e-07, 5.161011815660238e-07, 5.273699113990063e-07, 5.306763663717227e-07, 5.206563625079808e-07, 4.854782297158758e-07, 5.159041741805984e-07, 4.919220670787496e-07, 4.931385094797523e-07, 5.248549013218369e-07, 5.044835582716781e-07], "fMOLHO base 1": [3.8890144325438206e-05, 4.6211765467569663e-07, 4.140784131532465e-07, 4.1440625194310276e-07, 4.385214476781493e-07, 4.5329256669844065e-07, 4.651270996421241e-07, 4.902707968287393e-07, 4.960465548096941e-07, 4.885219273047278e-07, 4.817487984754744e-07, 4.884818475624662e-07, 4.913607713193594e-07, 4.923094204072328e-07, 4.94411367726326e-07, 5.045543062495838e-07], "fMOLHO base 2": [3.156904802333909e-05, 5.520312978900063e-07, 5.660385531381559e-07, 5.831120465515795e-07, 5.936648619219589e-07, 5.858797253646879e-07, 5.842159377584312e-07, 5.914249747213638e-07, 5.940598686152656e-07, 5.867568573767746e-07, 5.76615477027648e-07, 5.73761808991971e-07, 5.757228396700417e-07, 5.766734828158001e-07, 5.745840580224516e-07, 5.850051611989358e-07], "u": [1.4719851224211906, 0.0007752013083615304, 0.00040834749390504483, 0.0003346270680090847, 0.00031242937238248203, 0.0003020721385210576, 0.0002950064856863321, 0.0002846936605010111, 0.00028272726593015423, 0.00027684518591496513, 0.00025997440985807164, 0.00023923982331547317, 0.00022557381892500682, 0.00021670753082226942, 0.00021163141974237028, 0.00020503993582431484], "v": [1.5783363095194827, 0.0008250082999224663, 0.0005353818433139042, 0.0004983870488820694, 0.0004432500982419248, 0.00040707315719463967, 0.0003773746537579267, 0.000344282412265285, 0.00031702094011657036, 0.0003014791644649749, 0.00029151489802110197, 0.00027845485127459837, 0.0002715511184293945, 0.0002650853007521714, 0.0002608700817352229, 0.00024403802369029088], "u_base": [7.725544294889673, 0.0007893570491715214, 0.0005553592802499217, 0.0004716107755247363, 0.0004275409425526267, 0.00040771519889915096, 0.00039285433853761666, 0.00036974006459487043, 0.00035165501401917767, 0.0003272591701124118, 0.00030222966447600736, 0.00027348716044506353, 0.0002547549137241291, 0.00024022007623739286, 0.00026571405483183684, 0.00022400349481308576], "v_base": [37.83819757834678, 0.001088822361575549, 0.0007256092012947838, 0.000614560437882068, 0.0005522965345739243, 0.0005188224546703228, 0.000504520082705272, 0.00047901432594809153, 0.00044039912194654077, 0.00040568642307152225, 0.00044932397014582094, 0.00041234758330587124, 0.0003643396474439405, 0.0003492173939695239, 0.00044971252198510375, 0.00031785743360825575], "s": [3.7819945583226793, 0.0017517547512233215, 0.0012570515852913984, 0.001156530546402653, 0.0011305457106975615, 0.0010608852469282189, 0.00099147077358195, 0.0009648459406471373, 0.0009302832297706096, 0.0008767217185775539, 0.0008278610669996058, 0.0007996657074619615, 0.0007356888014260703, 0.0007085847328462243, 0.0007963611875782972, 0.0006866808755175258], "H": [4.218065061650512, 0.029960660675744478, 0.022682001604464916, 0.019347442563558668, 0.01735998423490471, 0.015742855932622198, 0.014623491853184515, 0.01367353920868712, 0.012899980011280439, 0.012232624393484017, 0.01175548919128168, 0.011190322963291859, 0.010769632160372886, 0.010553182127076033, 0.012112177201073137, 0.009895552731779719], "C": [0.08181918336663158, 0.0005950619674361141, 0.0005883382477616965, 0.0005797393216477657, 0.000572598037001499, 0.000564150622400626, 0.0005618080025893457, 0.0005628432280521519, 0.0005605807456044786, 0.0005579936353355759, 0.0005578557683644255, 0.0005578517988270232, 0.000557470686604155, 0.0005567351168415591, 0.0005549948934065045, 0.0005503679279261772], "steps": [0, 10000, 20000, 30000, 40000, 50000, 60000, 70000, 80000, 90000, 100000, 110000, 120000, 130000, 140000, 150000]}