{"fMOLHO 1": [0.14627442614700983, 2.5576864375852185e-05, 2.3781388089282497e-05, 2.184359965480609e-05, 2.1591974941374994e-05], "fMOLHO 2": [0.08345759549240772, 6.041216717024618e-05, 5.020784964835982e-05, 4.848312142110121e-05, 4.584260578516207e-05], "fMOLHO base 1": [0.09021593672418607, 5.148489586263102e-05, 5.0182112390139745e-05, 4.838858281423798e-05, 4.928384062270544e-05], "fMOLHO base 2": [0.05238651162543106, 0.00014232825527358962, 0.0001388004143814748, 0.00013596934234153319, 0.00013617809463402524], "u": [0.11449621254342553, 5.3870228561881895e-05, 3.765880773770759e-05, 3.2305876826826515e-05, 3.0900426591768765e-05], "v": [0.09951339094057826, 5.415651440510576e-05, 2.813575732572307e-05, 2.4953302303095974e-05, 2.3930366778987434e-05], "u_base": [0.6637831211063931, 1.381400786683688e-05, 8.788114942358311e-06, 7.747262976001918e-06, 8.66513227285066e-06], "v_base": [0.11364507723914809, 2.074322221189544e-05, 1.3377870801782486e-05, 1.1659447009736375e-05, 1.4486859100322599e-05], "s": [1.843258735868832, 6.081627615462943e-05, 4.419705821839831e-05, 4.488878009214307e-05, 4.1234164282392444e-05], "H": [0.06667026318620405, 0.0005584550906765891, 0.0003645645129067915, 0.00043200126786433726, 0.000314111463836484], "C": [0.02993091632100889, 0.00023051094786024175, 0.00018966846073466783, 0.00016989581409114236, 0.0001509054201506207], "steps": [0, 10000, 20000, 30000, 40000]}