{"fSSA1": [15.172009708506781, 0.00011742319779191166], "fSSA2": [79.81856535171582, 0.0002591552637706819], "u": [0.0032784452494086735, 0.00028436003940251786], "v": [0.01742247652462329, 0.001138932387416972], "s": [0.5078558131851573, 0.0026560770314118], "H": [0.1199194672768321, 0.013203514771625208], "C": [0.17535081936241334, 0.004326124028123093], "vel log": [0.006657973328694453, 0.006057180817565282], "steps": [0, 5000]}