{"fMOLHO 1": [369.2334915138611, 0.003751007582101468, 0.0029852223650497565, 0.0031386301489300427, 0.004820933962187131, 0.003729270208930641, 0.00345727186422981, 0.0037937145745924007, 0.038518365417704634, 0.014063070304570956, 0.0039040566878479296], "fMOLHO 2": [265.80121084937787, 0.007465417812516876, 0.005443629434751423, 0.005078495776822234, 0.006306572945450785, 0.005150039022516739, 0.004454303472966544, 0.006400453028704003, 0.06624765575707843, 0.02442855416893369, 0.012606702855721515], "fMOLHO base 1": [262.7287220776616, 0.011743469771136644, 0.01197520359685598, 0.013887308548386676, 0.01138241298461224, 0.013913015898381597, 0.012053135908074714, 0.015580987563592188, 0.07516699634021264, 0.023454959271399976, 0.003979858569761389], "fMOLHO base 2": [263.76541629239085, 0.0429134430051199, 0.04319721981411617, 0.05022740719849595, 0.044262998209340515, 0.04945798902874139, 0.04219013396639781, 0.045216013860713965, 0.11465245248286436, 0.03282421714321177, 0.04685803892741116], "u": [2532.203011627582, 0.006062378967992638, 0.006301085476184009, 0.0038674098865354787, 0.005854023808024842, 0.0030898247188294917, 0.004228480160602951, 0.002707788518436846, 0.06553004527292287, 0.019989067557180804, 0.008123087128277943], "v": [3145.406819840205, 0.016705737222836574, 0.020825576420467933, 0.013841807323672324, 0.020099673200985598, 0.014025771035167497, 0.02100465855112231, 0.01810362300407371, 0.11159367864626578, 0.03077146744242303, 0.03177783183467437], "u_base": [10.51133221001087, 0.030030024646435106, 0.022241632285977656, 0.0199215669742211, 0.01697416896879436, 0.014963168274057708, 0.011965472490085232, 0.009788486388470465, 0.0458098716003668, 0.03372186643540251, 0.034755097500234505], "v_base": [3.3038291512515636, 0.16650517051518265, 0.06685030933208963, 0.05915912909665023, 0.052403665139099866, 0.0499075537221047, 0.04163946127412619, 0.036849400157440176, 0.20554440383138511, 0.21443320175489494, 0.22687489327904603], "s": [6.990162480101391, 0.10448836059231699, 0.07394038675909766, 0.06851256690384556, 0.06534617249074405, 0.06469978151136066, 0.06175919443613614, 0.061121210523859944, 0.2455641182359622, 0.24485407446004992, 0.2440042540783768], "H": [9.223803890154038, 0.08698729600547116, 0.04167046757506088, 0.03647062580691793, 0.03435689066474391, 0.036909549150809295, 0.03157300234242037, 0.02968857845355068, 613.4046729894255, 1366.4452141491033, 262.1121531551451], "C": [0.10703321116388921, 0.0024015677860819732, 0.0016890594853574224, 0.0015120112073096282, 0.0013551206404425963, 0.0010555899242006017, 0.0009125032701445846, 0.0008731247336916825, 0.017552604286779835, 0.013368557471462686, 0.014539922692237292], "steps": [0, 10000, 20000, 30000, 40000, 50000, 60000, 70000, 80000, 90000, 100000]}