{"fMOLHO 1": [3.296442305665728e-05, 6.069503046099009e-07, 6.275306195387256e-07, 6.308764072872971e-07, 6.432738341824512e-07], "fMOLHO 2": [3.288494261625084e-05, 5.452153420411504e-07, 4.947904860414895e-07, 4.974742098743707e-07, 4.9747761512713e-07], "fMOLHO base 1": [1.9748969971483373e-05, 4.787597339619399e-07, 4.828803028713816e-07, 4.839671430641374e-07, 4.860579561596615e-07], "fMOLHO base 2": [1.8430731042096553e-05, 5.827950843197959e-07, 5.605176966034419e-07, 5.689009762439252e-07, 5.61267927815215e-07], "u": [0.45658935299176506, 0.0006941671732372646, 0.0004840312845111729, 0.0004464319535676498, 0.0004110366767572863], "v": [0.34530305174927145, 0.0009300577136254687, 0.0007399314559059444, 0.0006177818117040816, 0.0005477454367276012], "u_base": [42.0882127571433, 0.001006600001357073, 0.0005931313884896535, 0.0005703463574379247, 0.000564926848167973], "v_base": [15.038805651558084, 0.0012901456024672735, 0.0009887811292523777, 0.0008289527856039716, 0.0007693427213940907], "s": [2.6658429940629245, 0.0021231089115537607, 0.001802978666697512, 0.0015862272947794217, 0.001523486682361506], "H": [7.805224489405127, 0.030156251880214147, 0.024137872762783737, 0.021352746605103265, 0.0204276349211529], "C": [6.853885721710649, 0.02423937132814781, 0.01715676598638784, 0.014055173429292623, 0.012278282261034772], "steps": [0, 10000, 20000, 30000, 40000]}