{"fMOLHO 1": [139.91513279145943, 0.0012839553987557168, 0.0002603541786653525, 0.00016742461088796543, 0.0002408439494111037, 0.00044817836420536696, 0.00014485111618857342, 0.0009688010339083082, 0.00019290312158119034, 0.0001581928714409585, 0.0002435440531009139, 0.00019080630107456883, 0.00014681580405896436, 0.0002090530242446496, 0.00014929261414974777, 0.00017501742616503598, 0.0003662451796587983, 0.00031702090727093654, 0.00041221073314601215, 0.0002719853915213872, 0.00047031662246975296, 0.00037214528816466454, 0.00018776266684089024, 0.00021919241827978055, 0.00018721247885407656, 0.0002012076335008705, 0.00016679797469511774, 0.0005016445585298372, 0.00017804927828364594, 0.00016448647413730145, 0.00021913743694913738, 0.00017524553709045694, 0.0002854994902625272, 0.00026732809968005436, 0.00030163066881219177, 0.000168856711549832, 0.00019427665858633662, 0.0002199656321780482, 0.0003423683672951155, 0.0001878669970523699, 0.00016455752919197883, 0.0002643891209581045, 0.0005160401844801259, 0.0001614533306467414, 0.00040022403784700073, 0.0002611854447810173, 0.0002402387023331382, 0.0001627099489000448, 0.00015153236531150006, 0.00034587889899264116, 0.0001756733879490506], "fMOLHO 2": [103.69723291964304, 0.0017547803006374085, 0.00033292656280840024, 0.0002942952071966448, 0.00033465647762299754, 0.000689249371473728, 0.0002455695633786681, 0.0005173863927826174, 0.00027814959909966907, 0.00032988805063229217, 0.00023560404917331962, 0.0002760908212747925, 0.00021817770852026506, 0.00018064795027901087, 0.0002093160997917201, 0.0001879973508413714, 0.00021001436132620405, 0.00043570398666158665, 0.0002843085900470415, 0.0002422652057421201, 0.00029122144615903505, 0.00038519846540716187, 0.00024435940101763786, 0.0003259168391326392, 0.00023842313922864153, 0.00025518344911670045, 0.0002631086998919628, 0.000356126620628434, 0.000256395906167205, 0.00021743602545997795, 0.0001866778107006286, 0.00019766425780727996, 0.00037512649771531784, 0.0002870554838104072, 0.00038802561836965795, 0.0003555702896802907, 0.00022697891429061267, 0.00028942873926327987, 0.00034769110359383573, 0.00025503249050670793, 0.00026056962495027723, 0.00026472483428365364, 0.0003000635515031692, 0.0002191077046828258, 0.0003144857318772874, 0.0002363079846485719, 0.00023864537313730117, 0.0002931345791356023, 0.00022685094461640068, 0.0001761861697307354, 0.0002699545553225989], "fMOLHO base 1": [77.62922228069638, 0.0010433667202173098, 0.0005094452181747873, 0.00035156433689225217, 0.0002171784489423243, 0.00029476561627422935, 0.0001577745053532043, 0.0005688629048917583, 0.00023337131312854245, 0.00016845720566794394, 0.00023410256165323548, 0.00017012807246612145, 0.00014175072147588736, 0.00014111252086650432, 0.00013520873098917262, 0.000149741651343632, 0.00018725414537483606, 0.0002769066116949093, 0.000410503531873121, 0.00016969875994116842, 0.0002828986011924778, 0.0005026592824690489, 0.00021803196293833181, 0.00028598475282879543, 0.00022189788312403734, 0.000202353883368269, 0.00015408990775021947, 0.0007394430616910347, 0.0001498286011572633, 0.00016862801438412398, 0.00012220805285825988, 0.0001368527664041429, 0.00041036524085166825, 0.0003126563610427259, 0.0004355813265394182, 0.0001744480695900016, 0.0001363674439798037, 0.00020928799082962733, 0.00021253943712755088, 0.00016819125860829108, 0.0001862045048651426, 0.00014527180817750068, 0.0007934822350559753, 0.00016789532009975556, 0.00031362915300027944, 0.0001948608700359208, 0.0001784701090637693, 0.0001614618438915801, 0.00018098798669003544, 0.00015103820138187248, 0.00017954717447664934], "fMOLHO base 2": [61.55630551007211, 0.001131533547618879, 0.00022856232738529276, 0.00014820110935931993, 0.00016946783537804375, 0.0008664327086452818, 0.00015332661111420093, 0.0002189055838318429, 0.00018342287814989019, 0.00016560736582733348, 0.00019783478151121515, 0.00019640196927540215, 0.00019167373366496253, 0.00022826305614519804, 0.00018175631645232424, 0.00021793654519046066, 0.00047811037060097185, 0.0001932523180022982, 0.0006114638642241746, 0.0001940492631415919, 0.0008355892269615627, 0.00020055103049605188, 0.0005518018601299362, 0.00020614748095994923, 0.0002593859848804169, 0.0001407764303992321, 0.00013859232774054273, 0.00021690657965196567, 0.00019047324407353577, 0.00016791688473227832, 0.00019939356283469846, 0.00016654281374807076, 0.00017278286120648271, 0.00024996210770786384, 0.0001565239823145955, 0.00024679775605631525, 0.00016562032376232088, 0.00014541036317507053, 0.0003001389701458713, 0.00013920218913894008, 0.0001554985249168172, 0.00015127282004763988, 0.00035200480209223833, 0.00020086806366408625, 0.0002793510673006581, 0.0001785675568312172, 0.00023434925391449188, 0.0001598740092103272, 0.00024602203442243613, 0.00022067929044426913, 0.00019205769453986535], "u": [648.0950126274191, 0.000940925672079048, 0.0003756928429205552, 0.00034634574454653203, 0.00018864541196995485, 0.0011761874625097382, 0.00014436790839091764, 0.00013938527738930617, 0.00017692783677622146, 0.00013523447615153083, 0.0003150700343644807, 0.00025086817208292507, 0.00013086625432740393, 0.00011892170450051279, 0.00012920751856465828, 0.00010563712795391731, 0.00011780809335714007, 0.00031339960029573186, 0.0004825484175158624, 0.00011251183063245038, 0.00012392454638954234, 0.00011475857149975272, 0.00010443859276236455, 0.0001072019262733238, 0.00010365859940882758, 0.0001002894263461271, 9.05775379632351e-05, 0.00015126557668812895, 9.380376579132344e-05, 8.905781762477507e-05, 0.00011044682738281006, 8.911277773096895e-05, 0.00014674727524606942, 0.0001518769889172679, 0.00015597280298470674, 9.230285848840192e-05, 8.602139477721796e-05, 9.041524344913152e-05, 9.275169349116149e-05, 9.03002530900819e-05, 8.94662299068825e-05, 8.911232844367473e-05, 0.00013982847674311093, 9.781256461683311e-05, 0.00011457403601144027, 0.00010497356617002075, 8.493955701504668e-05, 8.33389742941109e-05, 8.29916994509675e-05, 0.00015199909771540464, 7.8759914391861e-05], "v": [1785.9595798370929, 0.0011799538630613868, 0.000298997860551429, 0.00018621697139456077, 0.0002616404325932256, 0.0010769977044275225, 0.00011825687128710414, 0.00013947278853427262, 0.00010869496496088159, 0.00016190965426562848, 9.025616046529014e-05, 0.00019563537474887597, 8.098583908298506e-05, 9.225558419386702e-05, 7.989963832019832e-05, 8.835252834235896e-05, 0.00040109656299769657, 0.0001288138390217268, 0.00011313988405654878, 0.00011861706151795381, 0.00012831193517549427, 8.562886482604495e-05, 0.0002538848819229095, 9.772546461670914e-05, 8.087337536153387e-05, 0.00010086525622296254, 0.00010249923774927656, 9.482326564557056e-05, 7.766918691505695e-05, 6.468219127253335e-05, 8.56333670056707e-05, 7.951631940305346e-05, 6.999030345783415e-05, 0.0003007318279812325, 7.138641493879368e-05, 0.00011618456431753901, 6.844469237661252e-05, 6.864310896292064e-05, 0.000285712802575135, 0.00010522760727380057, 8.769009459618446e-05, 0.00013413141960456792, 0.00026154185238394306, 6.446262623925366e-05, 0.000122439277028892, 0.00015135121309128776, 0.00022012920582147204, 7.701680562348028e-05, 8.695850659352953e-05, 0.00010381115912730344, 7.209555901105151e-05],