{"fMOLHO 1": [0.010620257415871309, 2.1697993010734596e-05, 1.3218340091542664e-05, 1.1699930315797598e-05, 1.0427983958142487e-05], "fMOLHO 2": [0.010133280222863514, 2.6818242573616575e-05, 2.033136284620524e-05, 1.96505017067836e-05, 1.9385127957622388e-05], "fMOLHO base 1": [0.006841816763077738, 2.2217827706112594e-05, 1.6716681405853956e-05, 1.626880388377144e-05, 1.578060406688914e-05], "fMOLHO base 2": [0.006518647888088833, 4.1306617068088745e-05, 3.944640381528362e-05, 3.96593910530912e-05, 3.877738506369749e-05], "u": [0.6620672697691734, 0.00015191770021594293, 6.0952209518664105e-05, 4.246456964299056e-05, 3.75446950289275e-05], "v": [0.35467547227243723, 0.00021868214424464617, 7.208141742686567e-05, 4.9950746444585214e-05, 4.111081164938965e-05], "u_base": [9.002273153091823, 0.00022810313430746644, 0.0001292742995544573, 8.297691717192416e-05, 0.00010190074767517398], "v_base": [41.8873136746998, 0.00019898993120796382, 6.869514280168689e-05, 5.333718625170417e-05, 5.974529283178467e-05], "s": [0.5515514720800387, 0.0001293617110663302, 5.766201760748113e-05, 4.509542003337333e-05, 4.332657227822453e-05], "H": [0.05639687454478484, 0.0009505970383133828, 0.0005634784662104039, 0.0004642255860810308, 0.00041630305892936055], "C": [0.039588785747499515, 0.0002857321923552286, 0.00026163969332953347, 0.000243768282077006, 0.00022593594776523554], "steps": [0, 10000, 20000, 30000, 40000]}