{"fMOLHO 1": [0.0003618092290883634, 4.201505883012428e-07, 4.3406023174720165e-07, 4.881272879686964e-07, 5.010025539339035e-07], "fMOLHO 2": [0.00017048251354212114, 4.25743822516305e-07, 3.854240075318611e-07, 3.94651395300245e-07, 3.943201063324868e-07], "fMOLHO base 1": [0.00024209856664345644, 3.42984250764012e-07, 3.519038252726667e-07, 3.7421956895486203e-07, 3.965784049042373e-07], "fMOLHO base 2": [0.00011771120224556521, 4.979851528427616e-07, 4.829508253950367e-07, 4.864433639749076e-07, 4.930018452496295e-07], "u": [0.5729256715461125, 0.00012884526844486987, 8.54805555036785e-05, 7.675755826591272e-05, 7.215386772865537e-05], "v": [1.425405460725651, 0.00013803227700314325, 8.89860801096115e-05, 8.640999456589332e-05, 6.876513065392741e-05], "u_base": [0.4937918648408734, 1.7610088639153955e-05, 1.4426370118454802e-05, 1.5558431896125393e-05, 1.4379537817039065e-05], "v_base": [0.3811130288540633, 4.750288012409926e-05, 3.332249697152573e-05, 2.8425725283838582e-05, 2.4246009594441243e-05], "s": [1.008834109483515, 0.00013124309747386718, 0.00010999032871563456, 0.0001336450953128388, 9.008567842424727e-05], "H": [1.2715099059460682, 0.002784838187339157, 0.002362965732457655, 0.003188768279074426, 0.0017815257082873458], "C": [0.0637886217597595, 0.0005096523586184265, 0.00046306074658284974, 0.0004313717282681532, 0.000396316732392091], "steps": [0, 10000, 20000, 30000, 40000]}