{"fMOLHO 1": [199.31561981124815, 0.003272800859958268, 0.010883012384616472, 0.00724168155276856, 0.006450212187829453], "fMOLHO 2": [196.79397052186036, 0.003117067198899223, 0.016074835129133484, 0.010270550061629996, 0.012981327933390087], "fMOLHO base 1": [115.79652703045176, 0.01234505426358451, 0.008464119746520622, 0.0059416693704763945, 0.009847801060159601], "fMOLHO base 2": [97.31818098316856, 0.04544874702299899, 0.01381441522489326, 0.007604176851695191, 0.018960747759761795], "u": [0.2763898529829591, 0.004476523057906849, 0.007851271238146634, 0.007384867824278479, 0.007712380898494096], "v": [0.41896575821257714, 0.015536347544640956, 0.015394564263757238, 0.01966660417780743, 0.020918688959623188], "u_base": [0.23234379872881422, 0.0020147586247867893, 0.0025436679751119637, 0.0009722352343873051, 0.0015066078320976866], "v_base": [0.6124307265231653, 0.008585321301084877, 0.002732138091749023, 0.0023432261525248308, 0.005498494319088545], "s": [6.389610366569538, 0.05386412152299917, 0.24623164196818625, 0.24575850264860424, 0.2461931195126589], "H": [3.91120192640484, 0.03429279734666891, 64.87796491272026, 3.936990667463802, 24.76905805671709], "C": [0.1024993114638805, 0.006688836415619054, 0.024799342707501486, 0.017279475582095312, 0.021481083416713554], "steps": [0, 10000, 20000, 30000, 40000]}