{"fMOLHO 1": [565.1035184173127, 0.0005709786723561894, 0.0003096687653602683, 0.0003124326327703414, 0.00019993357468931004, 0.00017067728638702552, 0.00017894339921019836, 0.0002079080585328969, 0.000170406680182932, 0.0001238823091393851, 0.00012465226012232247, 0.00014639409697530942, 0.00014028429808890367, 0.0001775280160013058, 0.00024299797061958075, 0.00016120180567588297, 0.00012320712961367384, 0.00013261325194288993, 0.00012851916086159386, 0.00013260182131895345, 0.00012109802658515931], "fMOLHO 2": [247.7027850039669, 0.00066179454510269, 0.0002530884729512616, 0.00042862502331998014, 0.00028434524504199134, 0.000247552814668168, 0.0002781348374831317, 0.00043006848587880407, 0.0002443454010449637, 0.00018731419522134956, 0.0001851542461312076, 0.00021135526250213156, 0.00022362975644783098, 0.0002427936054791369, 0.0002752993851397022, 0.00022490357677557642, 0.00019795713096048629, 0.00021391481313932088, 0.00020954714303965424, 0.00021985347338933074, 0.0001888439612262827], "fMOLHO base 1": [349.05463510385766, 0.0003464977699822327, 0.00019721048063809943, 0.0002548279388586828, 0.0001227909605306181, 0.00011582948454519769, 0.0001286822827280895, 0.00013241214813356273, 0.00010341840892486288, 0.00010891598788018164, 0.00010177157419053054, 0.00010251534690247656, 8.564899035536657e-05, 0.0001278038680719549, 0.00015018009366995756, 0.00011081095003134619, 8.509781620862806e-05, 8.29501699546295e-05, 8.199132834347523e-05, 8.106808110684318e-05, 8.198787939074614e-05], "fMOLHO base 2": [146.37733287827996, 0.00045273086755618996, 0.00024141894187114612, 0.00036983253856687996, 0.00016319791279587119, 0.0001571106459571545, 0.00015911627595837857, 0.00018161465657446393, 0.00013297133837072522, 0.00016354324753641385, 0.00014968843851250873, 0.00013817111997531874, 0.00012400849080936016, 0.00013849821139804967, 0.00015407688901417375, 0.0001445308305135296, 0.00011800776751697998, 0.00011002010068608988, 0.00010729542636874319, 0.00010240835011625637, 0.00010863336850170089], "u": [0.13260887498208154, 0.0003397959671055905, 0.00011970765029670373, 8.97120292777853e-05, 7.87456918845597e-05, 7.112442721017464e-05, 6.436556130137556e-05, 5.949083025269669e-05, 5.73773002003385e-05, 5.389076524038578e-05, 5.267543814285714e-05, 5.207332628800161e-05, 5.158514487166838e-05, 4.8637757019351e-05, 4.7136304666145086e-05, 4.3507838507468024e-05, 4.251950689481286e-05, 4.188826899362673e-05, 4.124782107232458e-05, 4.09785850097086e-05, 4.09857734828903e-05], "v": [0.025860299986256764, 0.0008108072280991307, 0.00022427933258102454, 0.00016450161102236351, 0.00014323343050618275, 0.0001275178088467242, 0.00011445114971557508, 0.00010936736851966174, 0.00010123350322339446, 9.508086026094019e-05, 9.221097256126083e-05, 8.995302932784577e-05, 8.702614126599938e-05, 8.444352705469907e-05, 8.133568416878443e-05, 7.858528038429515e-05, 7.636052086960313e-05, 7.555270587342094e-05, 7.377683222131692e-05, 7.291026788760514e-05, 7.010773562443407e-05], "s": [27.482378137695772, 0.0011290087663534379, 0.000746352981668832, 0.0009429871545557054, 0.0007614171833285838, 0.0007795733566412268, 0.0007627229714491358, 0.000774317054766478, 0.0007679104318357415, 0.0007912875384045251, 0.0007882312894876132, 0.0007770318825215107, 0.0007642834794754022, 0.0007688078224482227, 0.0007948258241524013, 0.000774115838334058, 0.0007809670444405329, 0.0007761947404701985, 0.0007820940803351966, 0.0007780689485474061, 0.0007902329245237372], "H": [0.4013948360557715, 0.012303797000631504, 0.006026376475550354, 0.004822079745310513, 0.004147842214024084, 0.003840209039677106, 0.003655402966609271, 0.003672359116724867, 0.0032427237510655495, 0.0031098221328616934, 0.002985877667509434, 0.002896050999458762, 0.0028091133007516695, 0.0029859989618951054, 0.0027117452226598127, 0.0026173273581144197, 0.002545878147828038, 0.002504906586187149, 0.002461420056550297, 0.0024338063318574835, 0.0023914355073361288], "C": [0.050481179995345085, 0.00910627272110864, 0.008577410149961506, 0.008423814006418106, 0.008273984011352244, 0.008179107088930684, 0.008099649602419282, 0.008004114166603972, 0.008005200990579666, 0.008017740298878112, 0.007960051603836924, 0.007911557905714982, 0.00785874210082948, 0.007832533154947308, 0.00778424165157075, 0.007761123431525843, 0.00771220743884209, 0.007669452195275453, 0.007638304521379778, 0.007600094749887781, 0.007594073843520424], "steps": [0, 10000, 20000, 30000, 40000, 50000, 60000, 70000, 80000, 90000, 100000, 110000, 120000, 130000, 140000, 150000, 160000, 170000, 180000, 190000, 200000]}