{"fSSA1": [15.4818743709391, 0.0003488328775173813, 0.000557400848677232, 0.0009345589238691494, 0.0029064448592462542, 0.002111721646836881, 0.001969897964967214, 0.02641398101066902, 0.0036647698530244814, 0.0004170397161539088, 0.0030984241636354166], "fSSA2": [79.47617362439634, 0.00021161482211878418, 0.0003663460587568604, 0.0002851434385387691, 0.0011747701538606867, 0.003454537704644716, 0.0035782411845960128, 0.005179367146476289, 0.0033890771977612756, 0.000412324475506499, 0.0011674587922158135], "u": [0.0031465433401792406, 0.00018186334564012564, 0.00027657806495825056, 0.00011359465092674984, 0.0003300455752149263, 0.00044321519962848784, 0.0003861913638397825, 5.977207987395233e-05, 0.0033686769984294894, 5.314261010366827e-05, 2.8579549652970046e-05], "v": [0.018416877360915792, 0.0004887101736633159, 0.000503888433693184, 0.0003924162105657696, 0.0005163609775568036, 0.003380948551827827, 6.335159440313178e-06, 0.0030488767153276962, 0.017651148892264514, 0.0012119483959486992, 0.0026397589717212983], "s": [0.523260617673403, 0.0007507014967034284, 0.0007752955678684802, 0.00037947359430951275, 0.0008152114626168924, 0.0010983064896119888, 0.04238252985376686, 0.013061584242117046, 0.01298989520837053, 0.03845302972171923, 0.023432898056104885], "H": [0.13232103845974885, 0.005130033302982036, 0.0021557387341083864, 0.001451953501265118, 0.0007571329756071706, 0.0018072891574466901, 0.005836745718758653, 0.008240128846544058, 0.010525769698188123, 0.007232655137639126, 0.008506557743869094], "C": [0.16834635551708746, 0.0012744360163796091, 0.0007567986026936528, 0.0006138234568451079, 0.0011719189692323633, 0.00214259789779895, 0.002378201058641876, 0.001032258664014279, 0.000276602882332175, 0.001460603896360433, 0.00025589322649978885], "vel log": [0.006658463476699229, 0.005822692536072448, 0.005885747346359148, 0.005784318275033949, 0.005924473182910423, 0.006335006139013056, 0.005756095492206983, 0.006288550608692233, 0.00678865756898325, 0.006039031112538873, 0.006252954456638787], "steps": [0, 10000, 20000, 30000, 40000, 50000, 60000, 70000, 80000, 90000, 100000]}