{"fMOLHO 1": [0.00019638134997287956, 1.921582374394533e-07, 1.6153474048878762e-07, 1.5086618566220835e-07, 1.4981922236373356e-07], "fMOLHO 2": [0.00026729117773258333, 2.588070659820101e-07, 2.3416965963848906e-07, 2.249916072725844e-07, 2.2895865738123556e-07], "fMOLHO base 1": [0.00012281221394641885, 2.0097876504827705e-07, 1.8122427891208236e-07, 1.763576204430066e-07, 1.7623767830530433e-07], "fMOLHO base 2": [0.00016042618430106516, 4.063102385004363e-07, 3.945507383332318e-07, 3.94666208851554e-07, 3.993912152832056e-07], "u": [0.1227376890849978, 4.895979231018639e-05, 3.1901502693498486e-05, 2.636488705096737e-05, 2.4298033685415477e-05], "v": [0.33445154851325004, 3.4660380049102686e-05, 2.5671175370665464e-05, 2.1793810389805852e-05, 1.954896953911449e-05], "u_base": [0.10562738246508657, 9.136086538152326e-06, 6.835827516356388e-06, 6.434258731764514e-06, 5.898556570531854e-06], "v_base": [0.12978554502932535, 1.994471587872705e-05, 1.139684050773723e-05, 9.288427339233688e-06, 8.365995831384456e-06], "s": [1.1890290237546879, 4.942834701290898e-05, 3.820230623001346e-05, 3.473240230106646e-05, 3.3805891536984556e-05], "H": [0.1188151653375703, 0.000447180511634394, 0.0003331084299829279, 0.0002907204482760378, 0.00026519318638922035], "C": [0.029182153867375184, 0.00024064551623269033, 0.00018575062832578803, 0.0001607579433500675, 0.0001434889193600744], "steps": [0, 10000, 20000, 30000, 40000]}