{"fMOLHO 1": [156.3676706555665, 0.006507852719682602, 0.0010804787629415597, 0.002401875831618357, 0.001127423195489974], "fMOLHO 2": [248.80650792368482, 0.0016029044175648796, 0.0008383680099579577, 0.004723667538716338, 0.0004227034205698764], "fMOLHO base 1": [101.12459867359787, 0.002460640199404269, 0.0024194174019706, 0.003181493769991246, 0.0022653766717937295], "fMOLHO base 2": [163.61229695530318, 0.007708006928828518, 0.008305640703010543, 0.009349060266880059, 0.00751864058858586], "u": [0.17457167667869283, 0.0008314822377030888, 0.00031373054243018754, 0.000256391335480441, 0.0003488925742166192], "v": [0.30822891602205515, 0.0016221411805755195, 0.0005143540711711895, 0.00037571043672255695, 0.0007980463036846974], "s": [1.4044042498186078, 0.03936797115536062, 0.038604533247140346, 0.03778316560202081, 0.03850174464279991], "H": [1.0430460865580422, 0.009357806879662842, 0.005427783160325984, 0.004263262540955256, 0.0038852374159109855], "C": [0.03962964726082212, 0.0018338293582991058, 0.0012042562607247243, 0.0014740519005937182, 0.000928952658979609], "steps": [0, 10000, 20000, 30000, 40000]}