{"fMOLHO 1": [0.016688989257946162, 1.5294101355251774e-05, 7.956386325461567e-06, 6.864500570690007e-06, 7.355207055057818e-06], "fMOLHO 2": [0.007343837364447345, 1.1440770904848755e-05, 1.0381882427556272e-05, 1.0118654102834322e-05, 9.63700607083724e-06], "fMOLHO base 1": [0.010573608319023558, 1.353783607997025e-05, 9.125773397714804e-06, 8.598759617299708e-06, 8.668945139748845e-06], "fMOLHO base 2": [0.0044640895818048535, 2.1696831518019675e-05, 2.0448397316029874e-05, 2.0099083027128726e-05, 1.9929519219410388e-05], "u": [0.24666822053986184, 0.00015094336445973657, 5.3893502588304694e-05, 3.9337803931036155e-05, 3.3732526605829406e-05], "v": [0.24128394790392074, 0.00016094193731277162, 5.750710181928742e-05, 4.00850322774064e-05, 3.446453989760848e-05], "u_base": [22.41958152888177, 0.00021455421398246187, 9.138985870731813e-05, 7.350686279630387e-05, 7.895755086197719e-05], "v_base": [8.987363345554469, 0.0009892826495058865, 8.814503252219876e-05, 9.906643710248656e-05, 0.00010642111088427136], "s": [0.8049454445295129, 0.00013609100697871293, 5.4159638959343193e-05, 4.710842645833018e-05, 4.6031256341162015e-05], "H": [0.15270486576360448, 0.0008765703168393855, 0.0005258399739917993, 0.0004288203202843603, 0.0003949116992298617], "C": [0.03361149415275293, 0.0002980432206986929, 0.0002603181342774227, 0.0002403695546462773, 0.00022515095371820695], "steps": [0, 10000, 20000, 30000, 40000]}