{"fMOLHO 1": [0.0215920433078842, 9.756392776388877e-06, 7.528583277262755e-06, 7.617246093616245e-06, 7.754041656829327e-06], "fMOLHO 2": [0.01094330475280057, 1.4343383960157022e-05, 1.3472800511404649e-05, 1.2798937063428546e-05, 1.2698076400444566e-05], "fMOLHO base 1": [0.014214056997936092, 1.2464057790215328e-05, 1.1270700066928256e-05, 1.1112270790708568e-05, 1.098241333347692e-05], "fMOLHO base 2": [0.0068677285178429396, 2.8906963256223924e-05, 2.8420188681632143e-05, 2.8334152150889727e-05, 2.8062386828145843e-05], "u": [0.4466429259036613, 5.237520549274897e-05, 3.4221638393742956e-05, 2.8094680294806347e-05, 2.4397189109103042e-05], "v": [0.3895229836570813, 3.9030183570746444e-05, 2.418544982638016e-05, 2.081195043376891e-05, 1.8214893361204364e-05], "u_base": [0.1812190487720258, 8.825469846996322e-06, 5.420247650186094e-06, 5.116539065830817e-06, 4.730699271524736e-06], "v_base": [0.09739366569495737, 1.7423642933064585e-05, 8.889647738777033e-06, 7.558255941459869e-06, 6.296836615848787e-06], "s": [1.0584584630633287, 4.5510555219277905e-05, 3.798905164580962e-05, 3.5369904376289995e-05, 3.536418227089341e-05], "H": [0.12186520451085224, 0.0004614054316012808, 0.00034631705056625166, 0.0003128038422802651, 0.0003016104222489836], "C": [0.041416210753258534, 0.00024851309567464926, 0.0002033715500310975, 0.00017861070598341994, 0.00016047519853087028], "steps": [0, 10000, 20000, 30000, 40000]}