{"fSSA1": [15.164977952467746, 0.0002462322694265139, 0.00023215861448210246, 0.00021477454280734902, 0.001284783231608809, 0.00011051246759826154, 0.0011291657661450373, 0.00015606397791530428, 0.0010782014456450788, 0.003538798873665111, 0.0003682321425707192, 0.00034678893524383604, 0.00014584524587590102, 0.00337157326676156, 0.00019527601845459132, 0.0010600796262245765, 0.00017450512491868074, 0.0003309266375825917, 0.0005981838901554365, 0.00016182640108653302, 0.000649236149307174, 0.00030613002168232705, 0.0008084504616906874, 0.00024579625494718457, 0.0005851252155697753, 0.00025435480774483704, 0.0002344083272583734, 0.0002030744933818556, 0.000578066505222805, 0.00032245883893463744, 0.00019586753512768483, 0.0005380966186690038, 0.0013326400635523374, 0.0003396032815566136, 0.0002148332363107131, 0.00040045650865021737, 0.0008364982716819623, 0.00018203133434874458, 0.00016563836685048924, 0.0003039997519158918, 0.0003505363493046881, 0.00046688851522632216, 0.00013382751355504885, 0.00363596175369667, 0.0001408727774812567, 0.00046416114878508114, 0.0014317620232166452, 0.0001438002084551388, 0.00034609344522067793, 0.0002078954371472358, 0.00043807672997717904], "fSSA2": [79.76061742885396, 0.0001204344069127758, 0.0002947927457288937, 0.00019075109905951592, 0.0013759487676791625, 0.0001789307662601985, 0.00044020162179384215, 0.00029892990393477574, 0.001392737846407071, 0.0035740015672613636, 0.0007103147606077168, 0.0005488741301141975, 0.00015469743441357472, 0.0012478447711250175, 0.0002758115283218398, 0.0012372045799351424, 0.0003210907395722096, 0.00041411735963857335, 0.0005911196391856808, 0.0002302316580801491, 0.00037812759015374555, 0.0007408427950054399, 0.000867954327114616, 0.0002686162648021263, 0.00016360723722973203, 0.0002634249304793204, 0.0002647951944469198, 0.00018339059319190477, 0.0003526154401909958, 0.00014099031386099266, 0.00017874029226149367, 0.0004563757437029372, 0.0016831818996987213, 0.000538171326135759, 0.00026186319610177846, 0.00022480920597595094, 0.000550026961681821, 0.0001220139694006127, 0.00013145231029969553, 0.0003544255498862825, 0.00018681226244279288, 0.00046621173153652484, 9.219113679441946e-05, 0.00474829675572799, 0.000101404941101665, 0.000580557547005449, 0.0011632935608293054, 0.00011572571084761422, 0.00017562187782782152, 0.00016791188374310284, 0.00021673562065912654], "u": [0.0032784452494086735, 0.000304943552929793, 0.0002618608947432106, 0.00017720976390475193, 0.0008008293927992155, 0.00016863009926868509, 0.0004937921236224498, 0.00014301735558932966, 0.0009444922357670293, 0.011775101766672699, 0.0003206021696444191, 0.00014745628521398453, 0.0001370419124116943, 0.0006097723949658693, 0.00015361695033738065, 0.00012038927027139195, 9.072705711811342e-05, 0.00017859261231958332, 0.0002957096412657616, 0.00010286116552979362, 0.0003121434279304294, 0.0004087388957385103, 0.0003833426476088929, 0.00014042812439943675, 7.986879319152212e-05, 7.373209429857468e-05, 4.898300303054174e-05, 0.00025670322192428765, 0.0008762150875720933, 5.227019721640041e-05, 0.00017136468289181302, 0.0003930558170714117, 0.00017477374407471303, 3.8622766637217864e-05, 0.00018987528286245085, 5.60144581966681e-05, 2.78182448775055e-05, 2.12840036864345e-05, 2.0020257258747225e-05, 6.915954156671826e-05, 6.019583189666504e-05, 9.799065115652025e-05, 2.806832091422875e-05, 0.001955891618218841, 2.8149134429361517e-05, 0.0001057794461863601, 0.0002799863600942796, 6.110603743219007e-05, 4.067573486632426e-05, 5.175398079994592e-05, 8.948350900464342e-06], "v": [0.01742247652462329, 0.0010555490890555822, 0.0006274251230697897, 0.0004358970098948829, 0.0028203978526080624, 0.0004453682488888106, 0.0015239812255620035, 0.0003003873451946142, 0.0019126078194125968, 0.005352438467915417, 0.0008729703100813873, 0.0002751546917751533, 0.00024232549544506136, 0.0031323035806891334, 0.00035840572484910447, 0.00028953142814716127, 0.00026298698375758965, 0.0005862292727338256, 0.0012203227182849882, 0.0002389707892775206, 0.0006182402936084763, 0.0024271164715989955, 0.0021398667709073287, 0.0002527011512162259, 0.00013020638380857393, 0.00015362072635999373, 0.00010776351911739739, 0.0006184614666741586, 0.002143254035906937, 9.035553663783811e-05, 0.00034746988970570797, 0.0012088848571959656, 0.00024295788571330302, 5.973265578767441e-05, 0.0004461010068608186, 0.0001352238497068663, 4.257534095127125e-05, 3.587647379185967e-05, 3.575130441147768e-05, 0.00012920885775353922, 0.00011632644538655167, 0.00017723744705443604, 4.7764132917151405e-05, 0.0021924515819504078, 3.7137818897497874e-05, 0.00021461407390780228, 0.001971874059087487, 8.00194265148981e-05, 9.060697317413596e-05, 8.672492117880203e-05, 1.3074084338739752e-05], "s": [0.5078558131851573, 0.002052251640233788, 0.0009171963341219322, 0.0009500243952581122, 0.0016243774144155145, 0.000684837498738456, 0.002327822643269366, 0.0007096327520822024, 0.001546890395137929, 0.013593222865830342, 0.0010742550832562596, 0.0005771399605380091, 0.0005484152050870877, 0.0012953569616490945, 0.0004691127125046561, 0.0005390989042804205, 0.0009611862672490872, 0.0006998604182783608, 0.0007250652587628747, 0.00055123006647006, 0.0007345872664812982, 0.0012023767845964289, 0.0007869024910363156, 0.00043457191792980185, 0.0003813240757213548, 0.00046475744666190933, 0.0005056275199168643, 0.00041276670207009755, 0.0006000650757705912, 0.00031565636670391467, 0.0003893568903404742, 0.00047729066009905165, 0.0006990822790170777, 0.00027515085103574556, 0.00034347890602136767, 0.000430908244549966, 0.00031299042043087964, 0.00023509312795437663, 0.00024173062394448132, 0.00026837305249585594, 0.0002864816842217769, 0.00023389036605985024, 0.00023089373735670027, 0.0025572624029113955, 0.00023473646120841048, 0.0003514985750301095, 0.0011875078986973943, 0.0003456605104777633, 0.0002749426194464542, 0.00015620843275129876, 0.00015286703882103588], "H": [0.13232103845974885, 0.00644177020579068, 0.005457479741395327, 0.005474601863699931, 0.00566108339638291, 0.00522972372780171, 0.005049627894772029, 0.00434413675151879, 0.003977349870219609, 0.004991098956536032, 0.0035881060274874444, 0.0033587032666976425, 0.002907620855212249, 0.0029168940697543544, 0.001773615394687825, 0.00234391744442034, 0.001978745453705765, 0.0018092432361184658, 0.0018017934861349581, 0.001627610028714026, 0.001692090521429163, 0.0016440839868869946, 0.0016203176092736235, 0.0014316698019969896, 0.0014177944325725487, 0.001367979702198663, 0.0012451208685214808, 0.0012118199856518167, 0.0014443106335400374, 0.0011898985959088615, 0.0011229567046848981, 0.001631251180350413, 0.0015428909302855265, 0.0006447815715604183, 0.0005796401912455971, 0.0006554690118612881, 0.0007914324171806876, 0.000602091344463601, 0.0005330460412815568, 0.0005506120583929807, 0.0005334162443066551, 0.0006362921969164896, 0.0005068682725345166, 0.000771089676356954, 0.0004513005981665382, 0.000536629193124749, 0.0007241670572863015, 0.00047648053618619434, 0.00045315310450540973, 0.0003858051943322008, 0.00043887795844967575],