{"fSSA1": [15.164977952467746, 0.1951621718248529], "fSSA2": [79.76061742885396, 0.16412168911595004], "u": [0.0032784452494086735, 3.551733438732669e-06], "v": [0.01742247652462329, 1.0871567872803348e-05], "s": [0.5078558131851573, 0.47774141341405], "H": [0.13232103845974885, 0.06296431649131916], "C": [0.041061399800751894, 0.015339286171575948], "vel log": [0.006640879805698979, 0.004170139670109989], "steps": [0, 1000]}