{"fSSA1": [15.164977952467746, 0.0001592331770195955], "fSSA2": [79.76061742885396, 0.00039863703887300586], "u": [0.0032784452494086735, 0.00027915304730585295], "v": [0.01742247652462329, 0.001142922548081983], "s": [0.5078558131851573, 0.0027019615783492315], "H": [0.13232103845974885, 0.008082060689339858], "C": [0.17067068669007, 0.004184976304377356], "vel log": [0.006640879805698979, 0.006077909926970866], "steps": [0, 5000]}