{"fMOLHO 1": [0.0004403741151980891, 1.2264839471879807e-06, 1.144539397237069e-06, 1.06852212070146e-06, 1.0076724259943973e-06], "fMOLHO 2": [0.0001669907539272383, 1.1469724093892444e-06, 1.007683646474432e-06, 8.929015340692955e-07, 8.838174790187486e-07], "fMOLHO base 1": [0.0002789943865795377, 8.545956218386938e-07, 8.018451213600476e-07, 7.528508353506522e-07, 7.185523944743625e-07], "fMOLHO base 2": [0.00010689409948993258, 9.523982510115966e-07, 8.573035719680045e-07, 7.891624826001301e-07, 7.879793935004109e-07], "u": [0.18572170777987146, 0.0004923472085147227, 0.0003393155059189763, 0.00027192259802532914, 0.00023708517842764627], "v": [0.953587902923225, 0.0004970080019643655, 0.0003794199060011053, 0.00033546691366818205, 0.0002880480638910288], "u_base": [0.18272787915114597, 2.8283710153567777e-05, 2.372658977901453e-05, 2.223335040012042e-05, 2.1420049544925998e-05], "v_base": [0.027718429831195362, 9.853637701536497e-05, 7.523989167569987e-05, 7.303444056700365e-05, 7.066160869077384e-05], "s": [1.750785517089295, 0.0006625965760701846, 0.0004753794180252125, 0.0004058161390950108, 0.0003781348152092167], "H": [0.48823639288247445, 0.004557763909023323, 0.003689160794846668, 0.003270622814965175, 0.0030147579604429464], "C": [8.996491037143343, 0.010364889322943178, 0.006555759267211516, 0.007251966264741959, 0.003979467240510142], "steps": [0, 10000, 20000, 30000, 40000]}