{"fMOLHO 1": [9.312400948681952e-05, 6.874604594659847e-07, 3.817168074273741e-07, 3.882039153825806e-07, 4.0366198461974256e-07, 4.0210905030983056e-07, 3.9447753127146804e-07, 3.863314231657719e-07, 3.8437441643099236e-07, 3.9031990669171627e-07, 3.9332676470815364e-07, 4.083728661858842e-07, 4.1588644091881005e-07, 4.378621286492799e-07, 4.5619896251792265e-07, 4.6278140343789737e-07], "fMOLHO 2": [9.52480227098264e-05, 3.935627186397077e-07, 3.506991119623533e-07, 3.6465190701707344e-07, 3.5444144643615086e-07, 3.492492998177978e-07, 3.540626945462348e-07, 3.484980356293364e-07, 3.5398620523059064e-07, 3.5434079635373293e-07, 3.719792115397356e-07, 3.648973528544572e-07, 3.592691178481527e-07, 3.577363108308306e-07, 3.631626618131149e-07, 3.681448633291421e-07], "fMOLHO base 1": [5.507699863144354e-05, 5.202055733917308e-07, 3.3014466511702787e-07, 3.370531984520177e-07, 3.4776307377862695e-07, 3.4683409487383896e-07, 3.4301627202116967e-07, 3.3443674273161376e-07, 3.3501387470459727e-07, 3.3671439315669194e-07, 3.433381514022729e-07, 3.468992136691681e-07, 3.554227393241332e-07, 3.6684785376771384e-07, 3.7952889978082826e-07, 3.840379024326746e-07], "fMOLHO base 2": [5.724199310408001e-05, 5.040063919750967e-07, 4.841608826957508e-07, 4.903987968637514e-07, 4.881148263481828e-07, 4.846823988880322e-07, 4.912831304650388e-07, 4.869089184053668e-07, 4.88342917083262e-07, 4.882776951464691e-07, 4.918292654120734e-07, 4.912472076362213e-07, 4.929706161813314e-07, 4.924398872385972e-07, 4.980436160771412e-07, 5.001886177615887e-07], "u": [0.14667224764322387, 0.00020005978462141864, 0.00010909096350037245, 9.416150457465737e-05, 8.665550825200148e-05, 7.895765098893361e-05, 7.452913969321175e-05, 6.992326261013192e-05, 6.619732766052819e-05, 6.298716277812735e-05, 6.023909823680646e-05, 5.791281901080628e-05, 5.52856846201426e-05, 5.287626184553787e-05, 5.143276368018806e-05, 5.005990952831367e-05], "v": [0.23843053009778095, 0.0002575858610138636, 0.00013688852129699954, 0.00011551741894071567, 0.00010110985833667174, 9.572967886109167e-05, 9.161270017106287e-05, 8.752170973883463e-05, 8.370162936133341e-05, 8.105428048813639e-05, 8.002745416551543e-05, 7.551563031071692e-05, 7.085909738663079e-05, 6.695076923077238e-05, 6.440591497073532e-05, 6.221054184938188e-05], "u_base": [13.928025836677383, 0.00030478078371641055, 0.00016817469292537354, 0.00014929804059387247, 0.0001278891797891619, 0.00011367564637476235, 0.0001134375650249903, 9.463082505158846e-05, 8.63986569037304e-05, 8.873086710292666e-05, 8.194343373807517e-05, 8.395277479983495e-05, 7.5271769345323e-05, 6.533490152026905e-05, 6.255769036875422e-05, 5.9430403588021406e-05], "v_base": [13.496382471975162, 0.00026083058161498223, 0.00013481739390521465, 0.00019794474851866537, 0.00010215447265171258, 9.86690733873666e-05, 0.00010322132455829373, 9.12325300642444e-05, 8.295349359048214e-05, 8.217271902596421e-05, 0.00010296215490143752, 9.780676434187635e-05, 8.104728067480153e-05, 7.32744731634571e-05, 7.452542673967323e-05, 6.921212002589145e-05], "s": [0.8374080703141961, 0.0002513199979131723, 0.00012621349440675874, 0.00011574524878620087, 0.00011165645367584372, 0.00010806077172680656, 0.00010327455442881226, 9.887136073251546e-05, 9.525036331298408e-05, 9.238171702591962e-05, 9.145694657492551e-05, 8.894668697303706e-05, 8.711255073165629e-05, 8.511251430942095e-05, 8.446840092843848e-05, 8.328032434553521e-05], "H": [0.7331870889306933, 0.004077386776007982, 0.002951099988282946, 0.0027615843632870303, 0.002273055957079931, 0.002138817489278541, 0.0020621343048675403, 0.0019485322084012795, 0.001856010528600788, 0.0018107697304134464, 0.0018326928498532636, 0.001710926623270408, 0.0016829209040201355, 0.0016193868973191066, 0.0015986298465219552, 0.0015377685731048417], "C": [0.0691536368858473, 0.0005651847260375145, 0.00053080849452191, 0.0005015882914611052, 0.0004796934187835806, 0.0004565984527198608, 0.000436889947306604, 0.00042293134713633284, 0.0004116236241021386, 0.0004014948936658283, 0.00039235714102281774, 0.00038187840663487914, 0.00037065687703624145, 0.0003579183027450347, 0.0003462699150610134, 0.0003359786228051755], "steps": [0, 10000, 20000, 30000, 40000, 50000, 60000, 70000, 80000, 90000, 100000, 110000, 120000, 130000, 140000, 150000]}