{"fMOLHO 1": [146.4288160477364, 0.004253285698068195, 0.00213517458725348, 0.001990583735229232, 0.0019450252174541347, 0.0016871951025770105, 0.001679710389785943, 0.0015983421208681725, 0.0015191668567620296, 0.001480612319648565, 0.001422720836663754, 0.00138455195229542, 0.0013510132882995067, 0.001341888949249711, 0.0013147016308570928, 0.0013866563127044311, 0.0014052100715390352, 0.0013758171610568476, 0.0013082151857991193, 0.001330665895643152, 0.0013146322329546563], "fMOLHO 2": [145.91335884971795, 0.0033567534735561163, 0.002368520218960043, 0.002143560936817328, 0.002144809380763733, 0.001980463793846526, 0.0021001127312914813, 0.0018837112832235173, 0.001803798795780159, 0.0017348619190031458, 0.0016893199849029254, 0.0016485074340168745, 0.001596928526529205, 0.001620042071231432, 0.0016872206209900074, 0.0016794638007649857, 0.0017013780053734735, 0.0016121631219778163, 0.001544294693876665, 0.0015272636518301953, 0.001550337214952402], "fMOLHO base 1": [109.25835697005327, 0.0036315529720034943, 0.0017284493195998728, 0.0015645884210371416, 0.0015309909643290418, 0.0013853751446518232, 0.001473992927372564, 0.0013463276111047875, 0.0013072590405019363, 0.0012189242916740594, 0.0011646726134618992, 0.0011273044426742794, 0.0011762645431844666, 0.0010878835954863388, 0.001345589432775761, 0.001177783895314675, 0.0010841481978222608, 0.0011061236867191664, 0.0010081750192065064, 0.0009933782247965718, 0.0009890682780740237], "fMOLHO base 2": [111.94466789995684, 0.010353086079354566, 0.004341628730357244, 0.003764962167221617, 0.0040611276932095725, 0.003498045836283447, 0.003557487731499762, 0.003251959411101628, 0.0030241424035007164, 0.0029401196567558656, 0.0028926245220737847, 0.0028398181748534425, 0.0030131306644623343, 0.0027038313746015922, 0.0028524627139306412, 0.00264549710892398, 0.0026059629485866327, 0.002535079499635933, 0.002315638892785465, 0.002178565682582724, 0.002294143700809718], "u": [584.6511504646728, 0.002892133048985795, 0.0009948070868735664, 0.0007192831150659113, 0.0005987145290414241, 0.0005714240426107272, 0.0013214246593888945, 0.0004918090226813223, 0.0004804000782462043, 0.0004949941713743646, 0.0004847911416466599, 0.00048101877044554324, 0.0005619016511608878, 0.00043507181735095914, 0.0014679221679670012, 0.0004945754392727829, 0.0004065809237507118, 0.00041028208308941825, 0.00040346570542688676, 0.000417428687226045, 0.0004921366882456565], "v": [488.58384541488095, 0.006827985154802244, 0.0015337876264721866, 0.0012592305171485534, 0.001377636264742355, 0.001464104640893362, 0.002191739529298209, 0.0009671501781434573, 0.0009501013546442924, 0.0008463375213768747, 0.0008317796739613724, 0.000809386689339757, 0.001154883216357586, 0.0007447992678584513, 0.0007462569951772383, 0.0010809618661908155, 0.0006936295339101048, 0.0006160602672944452, 0.0006095858162159461, 0.0006353259080266502, 0.0006733209675786611], "u_base": [6.994351056353445, 0.0018488207242473554, 0.0015619654167779995, 0.0011295379398707974, 0.0032970234695985454, 0.0011306902686584442, 0.004551294091567643, 0.0004995719039982254, 0.00047867731633574004, 0.0003943835081810162, 0.0003533582684527155, 0.00034430757549754125, 0.00038203242909467156, 0.00030170654335377197, 0.0009087465197024206, 0.0003399419788381535, 0.000417420126265745, 0.00028052727129940545, 0.00022097972787982512, 0.00024162759440253997, 0.00021570637666272436], "v_base": [6.9063526448326185, 0.0015631647657605723, 0.0015876366182062235, 0.0016232674419125776, 0.01119622483402646, 0.001320083165335104, 0.011530915740959954, 0.00044480844209589493, 0.0005583404936929184, 0.0005040711982908673, 0.0003070218343969549, 0.00032462237359588247, 0.0005737240498488553, 0.00024023760961051387, 0.0036161892964886064, 0.0009207186417422599, 0.001627291891032648, 0.00023284698739111563, 0.00016181793171901832, 0.0002097449668456882, 0.0014188606880083698], "s": [1.6909194237834964, 0.010388568146836074, 0.004549502081286586, 0.003991833284794791, 0.0035506197353919557, 0.0033696769446014967, 0.003158576582221993, 0.0029791107099617804, 0.0028845748719576445, 0.0027998646347613286, 0.0027310303659903628, 0.002652087027697683, 0.0025855203042350707, 0.0024903904982089336, 0.0023674323245157394, 0.0022677166810955757, 0.0022416335786970775, 0.0021418008438817385, 0.002087440799308263, 0.0020587277811885073, 0.0020099920414515917], "H": [11.000389817811223, 0.07563752222688354, 0.048520045349449786, 0.0401230900585811, 0.03584171145645793, 0.032185746001776365, 0.030413117190447026, 0.02834905181392841, 0.027246453969562684, 0.02610790670992265, 0.025370988665923494, 0.0247309567410307, 0.024166048286440547, 0.02356159060489676, 0.023708636761602654, 0.02271891749005553, 0.02230250218785503, 0.02151643859732632, 0.02095542853927947, 0.020389692582767963, 0.019833102324668495], "C": [0.04390797259144178, 0.008634377364113417, 0.006639350327615652, 0.005397535759099403, 0.004741708631389226, 0.004272640849940705, 0.003918580505362105, 0.0037455215677979635, 0.0036417716243519072, 0.003447826248496183, 0.003345445203205763, 0.0032596150440150923, 0.003226404498734985, 0.003104759405543331, 0.0030770696040083633, 0.0029055228413596354, 0.0028527850244167018, 0.0028128635884390346, 0.0027040126500024234, 0.0025984752941013312, 0.002483046013267385], "steps": [0, 10000, 20000, 30000, 40000, 50000, 60000, 70000, 80000, 90000, 100000, 110000, 120000, 130000, 140000, 150000, 160000, 170000, 180000, 190000, 200000]}