{"fMOLHO 1": [0.00022479887732157925, 2.8281859500038887e-07, 1.6320930881060756e-07, 1.6986483359861967e-07, 1.9609097051565272e-07], "fMOLHO 2": [0.00011528766209533115, 3.656016244152601e-07, 2.262939404927671e-07, 2.461106531504351e-07, 2.0561331341059313e-07], "fMOLHO base 1": [0.0001390671739433504, 2.6969983278665703e-07, 1.893423954519141e-07, 1.995829429857289e-07, 2.001453152149532e-07], "fMOLHO base 2": [6.902851903489996e-05, 4.501676717567817e-07, 4.123086612369835e-07, 4.1750146494593055e-07, 4.170717275416563e-07], "u": [0.08132595591690772, 0.00016770348396070542, 6.239842462735599e-05, 4.5943741329990894e-05, 4.1798120712055235e-05], "v": [0.29096377822644925, 0.0001581330536611548, 6.51154391519163e-05, 4.76842238920442e-05, 3.811468317718407e-05], "u_base": [11.113627084840761, 0.00023529591254014867, 8.959709535517337e-05, 6.864318973918232e-05, 9.845674899086153e-05], "v_base": [17.631112217720958, 0.0003546259053916523, 7.245144450012474e-05, 0.00011868624875799408, 0.00016380849442116028], "s": [0.6667348053122537, 0.0001252925836104309, 6.339025318130062e-05, 5.975739441146243e-05, 5.454320921127747e-05], "H": [0.1394599544426649, 0.0008698822893292818, 0.0005565668919347978, 0.000460962292552906, 0.0004081814860670552], "C": [0.09179557100657737, 0.0005696725275225533, 0.0004930228607299341, 0.0004315656460288689, 0.0003750042190367241], "steps": [0, 10000, 20000, 30000, 40000]}