{"fSSA1": [515.8443639426968, 0.15002515508254757], "fSSA2": [355.2078953519604, 0.06309932456362284], "u": [0.3586683383667459, 3.956241784519451e-05], "v": [0.35806048690687947, 0.002055097699563573], "s": [1.6652175831317393, 0.2960110807307112], "H": [0.7052338635037971, 0.14139562961780042], "C": [0.24233941859495256, 0.06256156875246392], "vel log": [0.007550652844967392, 0.006000971224358651], "steps": [0, 1000]}