{"fMOLHO 1": [0.0007304876482944581, 3.624071052518008e-06, 3.705989953919708e-06, 3.646012075385436e-06, 3.5751334447781256e-06], "fMOLHO 2": [0.0009341839616381537, 1.3993761271600933e-06, 1.4280298008666697e-06, 1.4328157053809592e-06, 1.4744155591057364e-06], "fMOLHO base 1": [0.00045888575056787404, 4.875026756488035e-06, 4.9228557093005e-06, 4.875992106188952e-06, 4.875164231648054e-06], "fMOLHO base 2": [0.0006055238700488694, 1.2981043981801355e-06, 1.3372162721301388e-06, 1.3405330303191799e-06, 1.3366242982043038e-06], "u": [0.15579728469768808, 1.055378979712923e-05, 6.857748911759148e-06, 5.669242524592342e-06, 5.318283469045446e-06], "v": [0.05251077526542766, 1.2358799175287119e-05, 7.828143427568896e-06, 7.0009890140944236e-06, 6.473496744334323e-06], "u_base": [2.6806353820042492, 7.649616244183503e-06, 4.48935378456572e-06, 4.092712729354263e-06, 1.4843671784076116e-05], "v_base": [2.006448487860434, 6.307540062568663e-06, 3.6351638258486964e-06, 3.329363679232569e-06, 4.184854556380601e-06], "s": [2.0583860857341985, 2.1455719473757773e-05, 1.653726164996124e-05, 1.6025814363263158e-05, 1.5627046383146718e-05], "H": [0.08124983251261775, 0.0004131945989589004, 0.0002708686549792384, 0.00024481900387606864, 0.00023226528128656462], "C": [0.023356268409057364, 8.802435989441606e-05, 4.748433701205628e-05, 3.2327545015327795e-05, 2.4316126923407188e-05], "steps": [0, 10000, 20000, 30000, 40000]}