{"fMOLHO 1": [381.82899859993483, 0.0021422777740362597, 0.004735306782930302, 0.007777885379802911, 0.0003063657959673557, 0.000540521926037655, 0.0006436281369734207, 0.00025869497857971586, 0.0003498732506615246, 0.00040789738750156355, 0.0004373140722562861, 0.0004568588448308838, 0.0010324063631955893, 0.00028542989466476634, 0.00024653210399088555, 0.00037162110620995634], "fMOLHO 2": [439.5607641656309, 0.0017454748389254548, 0.0013710205692343685, 0.0014370931017440149, 0.00041381316263959826, 0.00046247771223981035, 0.00038591007920381077, 0.0004884108733611048, 0.0004907243740776902, 0.0015014210743212171, 0.00031162951576961507, 0.0005830365317224442, 0.0006776203506698638, 0.0007419010899195877, 0.000575845438857071, 0.0007169881034630577], "fMOLHO base 1": [228.3153187368755, 0.0030853825217805097, 0.0024158398015275413, 0.0024087216373542015, 0.0023995602085045754, 0.0023767375619853166, 0.002198333620115414, 0.0021638114404622637, 0.002175257303791961, 0.001972879056207957, 0.002138273772016577, 0.0019842542712798623, 0.0019875420869592945, 0.0019281023863531612, 0.0020134066071747607, 0.0020752976579408665], "fMOLHO base 2": [274.59174064107833, 0.00786297729000557, 0.007529114354062961, 0.007855606198313622, 0.007424911798226558, 0.007743478729915336, 0.007260945609978691, 0.007125740849136548, 0.007470241539601515, 0.007208822583663661, 0.0074167217001850395, 0.007027396487071698, 0.007163048768678965, 0.0069489763803732025, 0.007066204962975134, 0.006885770872851196], "u": [0.3708271867434376, 0.0014870338809160047, 0.0007185358125356845, 0.000935072595945262, 0.0007855972096704262, 0.0008474418746791853, 0.0006927086149906744, 0.0006948739150926535, 0.0006852739461764392, 0.0007331378840241173, 0.0006400539753723619, 0.0006631111358470232, 0.0007356678259627015, 0.0006902711217104241, 0.0006223661001871035, 0.0005590251427575159], "v": [0.5839540731291256, 0.003414989511264944, 0.0022969346534262515, 0.002380767725093592, 0.002467281273111542, 0.0025934373326909443, 0.002145574369811605, 0.0024460467102004166, 0.002176859271639336, 0.0019150060589968507, 0.001987126688193289, 0.002162653141505045, 0.0020078257893379105, 0.0022066202688665187, 0.0022067629817612254, 0.0021315585515523255], "u_base": [0.33812782688853044, 0.0002092037427942807, 0.00019271543781044357, 0.00017799911451436132, 0.00017819470473816519, 0.00018227227311281462, 0.00017577562302332393, 0.0001747251522228941, 0.00017799649818081776, 0.0001757209545454844, 0.00017719040836217947, 0.00017428529268170503, 0.00017767573856461444, 0.0001769145440775282, 0.00017611251997216995, 0.0001787395664918747], "v_base": [0.5707851874317319, 0.0012780584093964559, 0.0012119880778153934, 0.0011741825591639313, 0.0011726529195679144, 0.0012019045314295921, 0.0011491641339632112, 0.0011562875110573084, 0.0011672538278150188, 0.0011883373856493534, 0.0011629200714847626, 0.0011587806527098828, 0.0011835919339038786, 0.0011732429170918266, 0.0011640591617026173, 0.0011775753454490367], "s": [2.905524560757777, 0.044458298341304034, 0.043597772872844325, 0.042612541720822156, 0.04281795458209258, 0.042521804524201484, 0.043152905278087766, 0.042944066471095145, 0.04274375370978861, 0.04318938611301889, 0.04286187731808952, 0.042975953179703666, 0.04291381614735772, 0.04289230163813079, 0.04271920800620529, 0.04286488847888219], "H": [0.46527861426144, 0.0101664415305001, 0.005741109743870449, 0.0044254791622458335, 0.003984336107784333, 0.0038221831272662343, 0.003479541672835566, 0.0034771976571197935, 0.003324571507637672, 0.0032545267922241385, 0.003148957748582518, 0.0028397559211567796, 0.00283547408572878, 0.0026351754758879705, 0.0027090920310771944, 0.002659805393918948], "C": [0.05941292488741613, 0.0039088136154145385, 0.0016207574639419409, 0.0010745434572491939, 0.0015179320295725786, 0.0021163872620548266, 0.001036697661571383, 0.0012434819496045884, 0.0010155881242797024, 0.0008658060143707655, 0.0009834968264856973, 0.0008363295293074282, 0.0008527807214991054, 0.0008585168740177553, 0.0009236747548999638, 0.0008109106634586921], "steps": [0, 10000, 20000, 30000, 40000, 50000, 60000, 70000, 80000, 90000, 100000, 110000, 120000, 130000, 140000, 150000]}