{"fMOLHO 1": [692.8560755716694, 0.003542201093614434, 0.0023490454329454717, 0.0025455140987482062, 0.0026310026951497354, 0.0026386274968950934], "fMOLHO 2": [670.7262139003315, 0.006177519543491834, 0.0028137344301824166, 0.0031750875421827037, 0.0031761350963743214, 0.0029269168133708437], "fMOLHO base 1": [404.9307062309178, 0.011806149441338657, 0.012660456683625532, 0.011714962656365246, 0.01243854520806915, 0.01232618585346929], "fMOLHO base 2": [513.1083531188694, 0.05688052382559402, 0.051279964487270374, 0.049333665795155524, 0.044842726334218694, 0.04377360386621753], "u": [1336.6605510763334, 0.011037186068775892, 0.00515009131139284, 0.005667760981450528, 0.006985451117775752, 0.004529740112890542], "v": [2747.6081863340683, 0.010856823304637244, 0.014924190002166455, 0.015045801391130988, 0.01855277166271419, 0.018862221585322476], "u_base": [16.259827154078586, 0.005555528794699868, 0.0028675163925351637, 0.0018120294246883914, 0.001548619841684106, 0.0014816510533703163], "v_base": [10.62752837319258, 0.00568527148151192, 0.0027280084813800583, 0.00246536744799814, 0.002139007489661433, 0.0019521146780206722], "s": [16.51599239991002, 0.09631738974153502, 0.0663803710165721, 0.05965825248879251, 0.05670437750940018, 0.05396495225870161], "H": [6.35961434610789, 0.09249110042640944, 0.03963588233989439, 0.03738002260761507, 0.05811791478776435, 0.028839201720156478], "C": [0.07391174136067558, 0.002266897567606816, 0.0017946853360346104, 0.0012880981303613653, 0.0009585616978337536, 0.0007925066645986202], "steps": [0, 10000, 20000, 30000, 40000, 50000]}