{"fMOLHO 1": [0.0002515086595277544, 1.69343272617277e-07, 1.412169365404162e-07, 1.639581497881927e-07, 1.6346262685861968e-07, 1.7583927411348924e-07, 1.7453609263691897e-07, 1.6970015917591608e-07, 1.68271436062604e-07, 1.7067101299391674e-07, 1.7384950324930867e-07, 1.4307424018912043e-07, 1.666249158954525e-07, 1.794947662757279e-07, 1.8725428673349823e-07, 1.889447161668009e-07], "fMOLHO 2": [0.00018795098612439605, 2.269037953505567e-07, 2.410208739041005e-07, 2.269502978886127e-07, 2.560223697535204e-07, 2.372521372955535e-07, 2.3645557819165877e-07, 2.346893889071868e-07, 2.1611556738864036e-07, 2.3147081664312553e-07, 2.1655300566228104e-07, 2.8511263798645243e-07, 2.288613134585307e-07, 2.3093557351422725e-07, 2.7267974411743175e-07, 2.400103184969399e-07], "fMOLHO base 1": [0.00015991415621723174, 1.877280276051042e-07, 1.8631446075588816e-07, 1.9148784762431458e-07, 1.9884305077346787e-07, 2.0072019567354692e-07, 2.0006429564109353e-07, 1.972094942411721e-07, 1.9478509571065832e-07, 1.975601438852216e-07, 1.945657407201985e-07, 1.9626218834002505e-07, 1.9885709877355504e-07, 2.0123422417947713e-07, 2.047077577990961e-07, 2.0979828172252908e-07], "fMOLHO base 2": [0.00011417698163526687, 3.9994560192165545e-07, 4.061294414016042e-07, 4.085611704700855e-07, 4.137182013762737e-07, 4.1707704705338114e-07, 4.1706792769656386e-07, 4.1474075822953896e-07, 4.1289004019881385e-07, 4.1493849984433895e-07, 4.1135801931774976e-07, 4.148234257769215e-07, 4.14805166200942e-07, 4.164712307128884e-07, 4.177942087475959e-07, 4.217105783365746e-07], "u": [0.5595838609744954, 0.00031015667407666375, 0.00016206725458440047, 0.0001242867159652189, 0.00010523124268367862, 9.307877547724734e-05, 8.822066207829537e-05, 8.331663008620532e-05, 7.850742185006023e-05, 7.329018004762813e-05, 6.883438139412863e-05, 7.50620853912302e-05, 6.301893721002499e-05, 6.162959583593433e-05, 6.163861702183981e-05, 6.011118634292586e-05], "v": [0.2102696381603835, 0.0003442078914700299, 0.00020370403363152676, 0.00016499370948865237, 0.00014450577382106204, 0.00013137168353198492, 0.00011804703106766919, 0.00010552558281874246, 9.786140329320197e-05, 9.05520491761008e-05, 8.495816972298902e-05, 8.466852462597626e-05, 8.076211345513188e-05, 7.946675815305246e-05, 7.987301260937085e-05, 7.625268334307226e-05], "u_base": [3.6053756124089515, 0.0003694975386241419, 0.0002929577162715692, 0.00018957191386214498, 0.0001878443903497053, 0.00015543571623975787, 0.00014303138043101748, 0.0001295446931972778, 0.00012109562559542475, 0.0001088394121359119, 0.00010711797588298251, 0.00037204888467953117, 9.744133827023258e-05, 9.179722753925068e-05, 0.00011109086100220459, 8.518330350075282e-05], "v_base": [33.43603701296744, 0.0003196399405935598, 0.00021001052683877188, 0.00017236361003028898, 0.00020459874482816966, 0.0001507659979484569, 0.00013356156269739327, 0.00012742397300082768, 0.0001749416865432399, 0.0001291530916956892, 0.00011597953073615279, 0.00028339213260539047, 9.723831509601366e-05, 8.953796403308655e-05, 0.00020434279383730025, 9.228928588139722e-05], "s": [8.74608480161354, 0.0005397012680501193, 0.0004406454803546856, 0.00039517342822264475, 0.00039972571699693337, 0.0003851729725583426, 0.0003694173710392206, 0.0003507432417841397, 0.00036060520029266674, 0.00033327207338731247, 0.0003208006950496266, 0.0003250308850280171, 0.00029631457960194933, 0.0002893007992278259, 0.000304995816409451, 0.00027469229016921287], "H": [0.4411189383734376, 0.004887745096577585, 0.0036391554608030015, 0.0031087063225416333, 0.002811702840976821, 0.002618869887489082, 0.002458744246903004, 0.0023545071429503747, 0.0030508580543634413, 0.002321642246522451, 0.0021459452627406676, 0.0022405769048005203, 0.0021351439581822934, 0.001983295778573018, 0.001952943160257046, 0.0018903691204645964], "C": [0.06977985763136313, 0.0005925017182246168, 0.0005654190235204127, 0.00055180060568753, 0.0005378712649095128, 0.0005255146923277084, 0.0005146367197540035, 0.0005056698863693866, 0.0004968100376549685, 0.000483365661443875, 0.0004697290325047901, 0.00045509251199577036, 0.00043923690919214585, 0.0004263393442591245, 0.00041643384182556083, 0.0004077664631586816], "steps": [0, 10000, 20000, 30000, 40000, 50000, 60000, 70000, 80000, 90000, 100000, 110000, 120000, 130000, 140000, 150000]}