{"fSSA1": [931.4766106337675, 0.07111526206239586, 0.22125114663521242, 0.018208844742711856, 0.046519563989455434, 0.01530395180870694, 0.0034936001216260234, 0.0036145134752462718, 0.0020248462193216583, 0.006470227789204491, 0.0020476794275250754], "fSSA2": [812.2340228665391, 0.03323686686548715, 0.02551615179693768, 0.05551540488950533, 0.015047482164201239, 0.0023024761306455086, 0.005319274850881015, 0.0013623977415008338, 0.0006973118910468832, 0.0003307539303497214, 0.0005741415914881325], "u": [1864.2900590455258, 0.09963807104628516, 0.05116567310099164, 0.012247872402136458, 0.018126948658394416, 0.001588526494770144, 0.0004740401535510548, 0.0005478406847865365, 0.0004565100603186402, 0.0008411964130339997, 0.0003508930970206419], "v": [1915.0668921367208, 0.007767787614752473, 0.003421160149383984, 0.007836393232366923, 0.001793216817924253, 0.001514271999928341, 0.0010591614777744993, 0.0005485352561574927, 0.0004142889946149218, 0.00044313337882102827, 0.00030574212875312054], "s": [4.859724317276338, 0.01672026183796575, 0.01630495752464067, 0.012034005377147088, 0.006876597260464725, 0.00048503402001059124, 0.00038967112190862823, 0.0005666081656849376, 0.0005386722589441202, 0.0006613223355886868, 0.0008427288184830301], "H": [0.28763502762951126, 0.01253793520783989, 0.006800571672395943, 0.006613472809740902, 0.004178420774458747, 0.0033504575481890066, 0.002906079179810369, 0.0024754234351544915, 0.0020972521807735268, 0.001865500406725668, 0.0016970768482829752], "C": [0.07607949863418484, 0.031885828039360374, 0.03325507879355917, 0.031700817245024805, 0.025909222841110177, 0.02002979331857107, 0.01753783912015542, 0.01737542754696528, 0.017061693586307276, 0.016840897492837133, 0.01586287985426013], "steps": [0, 10000, 20000, 30000, 40000, 50000, 60000, 70000, 80000, 90000, 100000]}