{"fMOLHO 1": [0.14446995951127486, 4.823068917741293e-05, 4.199963048290778e-05, 3.766758085459413e-05, 4.5167960846490456e-05, 4.093528322029334e-05, 3.624633853555525e-05, 4.184923786348614e-05, 3.863660627067915e-05, 3.517490972347573e-05, 3.6895636130068494e-05, 3.2577558121192725e-05, 4.00893897265282e-05, 3.465904091430823e-05, 3.745891147537486e-05, 3.489511174704686e-05], "fMOLHO 2": [0.11916709888045347, 0.00010517049476681356, 9.630211730187237e-05, 9.878817086838286e-05, 8.522371757292475e-05, 8.529740112743279e-05, 8.871868434518318e-05, 8.261090774461242e-05, 8.5698932536965e-05, 8.326871927758884e-05, 8.4968252064715e-05, 8.336125772864083e-05, 7.957885342862378e-05, 8.279151567170574e-05, 7.843957401598829e-05, 8.084911076183355e-05], "fMOLHO base 1": [0.08585296990282178, 0.00011675999438065374, 0.00011074788081172162, 0.0001100036374228476, 0.00010995512596447866, 0.00010829215137961827, 0.00010710375755723609, 0.00010790474816524548, 0.00010584217967138226, 0.00010624698607556397, 0.00010653327153230472, 0.00010808028291282084, 0.0001065850885852098, 0.0001067201787599787, 0.00010634435660496009, 0.00010600035054520827], "fMOLHO base 2": [0.06455231941652362, 0.0003317935322544167, 0.0003213199661872705, 0.00031790386703364185, 0.0003158325188577133, 0.00031152583692191415, 0.00030744099213185695, 0.00030888557038694726, 0.0003059623512801878, 0.00030463709612361326, 0.00030457171448474113, 0.00030550292677314437, 0.0003036916024030841, 0.00030258347105574713, 0.0002997347965052762, 0.00029876409546961114], "u": [0.2543481730345995, 5.27733901034677e-05, 4.099667954094311e-05, 3.488090779114224e-05, 3.039215565942381e-05, 2.8839179632436766e-05, 2.7423955829045156e-05, 2.6697462196668046e-05, 2.6693095240846185e-05, 2.474934368258668e-05, 2.3720105913456546e-05, 3.1468357448706265e-05, 2.175173162297643e-05, 2.2124703403956772e-05, 2.0141722262382974e-05, 1.9596940624594057e-05], "v": [0.0980134914860767, 4.239906207146024e-05, 3.0133877625646057e-05, 2.6837936849752297e-05, 2.774997201093002e-05, 2.269386036599795e-05, 2.4632735606454148e-05, 1.9435723401100638e-05, 1.9533583558372686e-05, 1.916913896607727e-05, 1.945089267086789e-05, 1.892007554390089e-05, 1.7756803321822437e-05, 1.720619762652536e-05, 1.7497703351450882e-05, 1.605111553716542e-05], "u_base": [0.21658905602187004, 1.522672269759308e-05, 1.2162772977168436e-05, 1.2154907998883024e-05, 8.425926733412372e-06, 8.704780465346329e-06, 9.667018366492132e-06, 7.582719178151885e-06, 7.1034388721809635e-06, 8.601991075070101e-06, 7.845008984999138e-06, 1.2047784708431433e-05, 6.912269110513851e-06, 8.672225617529245e-06, 7.482823660989446e-06, 8.002438452444758e-06], "v_base": [0.5540958099146338, 2.9322820722998556e-05, 2.2854151475754806e-05, 1.843101129687635e-05, 2.3167760053898695e-05, 1.9345378175600897e-05, 1.545159050027867e-05, 1.8957700103425623e-05, 1.4433353834378327e-05, 1.5592643560483583e-05, 1.4867396900456416e-05, 1.6812175957618668e-05, 1.7253184749886765e-05, 1.4489921546879966e-05, 1.5940426588701e-05, 1.378439435157329e-05], "s": [0.6596548127497364, 6.494347143845311e-05, 6.296929411141463e-05, 6.40936718718335e-05, 6.14083488471638e-05, 6.102058443476066e-05, 6.28193916327412e-05, 6.067734199982186e-05, 6.730171115089106e-05, 6.0101390698040475e-05, 6.148743832911942e-05, 6.016282552704915e-05, 6.059759832192154e-05, 6.170983564395581e-05, 5.997499656719257e-05, 6.171787766145503e-05], "H": [0.07348456240433278, 0.000528481557079851, 0.0004027364464870114, 0.00036486003587745086, 0.0003445380735271965, 0.0003287207987495525, 0.0003304845448789276, 0.0002967457290965635, 0.0003145558704497198, 0.00031205019271908876, 0.0002794207820393748, 0.00028501289132509935, 0.00028135259438668376, 0.00026982413989065163, 0.00026117125080241116, 0.0002677633805125674], "C": [0.03961298147079519, 0.00025953118176017757, 0.00023525969700222512, 0.0002161541555222512, 0.00020018303120849628, 0.0001897054604567443, 0.00017911013116671265, 0.0001672427538189725, 0.0001560529767247041, 0.00014718735952406168, 0.0001374460948284865, 0.0001394331762632157, 0.00012472155069658051, 0.00012444853705195625, 0.0001154046940525392, 0.00011356935418103251], "steps": [0, 10000, 20000, 30000, 40000, 50000, 60000, 70000, 80000, 90000, 100000, 110000, 120000, 130000, 140000, 150000]}