{"fMOLHO 1": [228.7326845209354, 0.0005868569118697188, 0.0004517920564110429, 0.0007027885716442974, 0.00029449560984108955, 0.001157563974135336, 0.0003036767289101579, 0.004684147474060337, 0.0024884807449859297, 0.00614964481988783, 0.001717343033475142], "fMOLHO 2": [224.73361524574796, 0.001025101422839457, 0.0005354411053152474, 0.0007195287211126735, 0.0005899502443021279, 0.0013664723572171585, 0.00047736004893745985, 0.003838149378354541, 0.0022554539373270135, 0.0019105258801087202, 0.009418273104978591], "fMOLHO base 1": [135.93125774016508, 0.0016332380487862482, 0.0015799127746612836, 0.0010767455247562394, 0.0013146933563760411, 0.0011108657129191909, 0.0013067192161247112, 0.0025089002627126105, 0.0016457778054519848, 0.002317052897474767, 0.0009666513832417455], "fMOLHO base 2": [113.03846235769544, 0.005845036798212044, 0.006345235235159008, 0.003950666393287798, 0.005369732861432195, 0.003873525131324769, 0.0048816876203171345, 0.0072680745812016175, 0.004658428660680235, 0.007944652180362298, 0.009254243824541155], "u": [0.13429716224317645, 0.0009766486657838405, 0.0003429542585493823, 0.0008391325128509824, 0.0003059524178589709, 0.001680870802419889, 0.0003390736236414044, 0.010377245243510943, 0.00714518442869032, 0.006523268751749693, 0.0052635027719255], "v": [0.15723710080215944, 0.0014158578282190666, 0.0005908342364684278, 0.0012655154096827444, 0.0006966615604166363, 0.0025097002593415674, 0.0006273681068446404, 0.018692100596341174, 0.018774702200919022, 0.020983582413937045, 0.017715963796653994], "u_base": [0.14889625649783636, 0.00019861395991143492, 0.00022194113569867847, 0.00016343328248938919, 0.0001810314310245686, 0.00016564796544257272, 0.0001621021942292131, 0.00016693976444652185, 0.00016697028120414296, 0.0001661755623627938, 0.00017476535846941521], "v_base": [1.51138934659821, 0.0012272928335448664, 0.0013205684633075371, 0.0010515744776344587, 0.001107253128963947, 0.0010471091673716422, 0.0010418234744477481, 0.0010521247196779906, 0.0010486836682582815, 0.0010245825683396698, 0.0011036807342531484], "s": [1.0108816435896264, 0.04133141213240426, 0.038934015516255346, 0.045812680005282956, 0.04102855298964975, 0.04708127892848997, 0.04278201234144741, 0.049238680913041157, 0.049219682947359844, 0.049197442565742266, 0.04921414641916506], "H": [0.4046958981473456, 0.009505288055195566, 0.004398859874106129, 0.00925697144637077, 0.0038736565580807093, 0.015236798098461301, 0.004405056817937775, 41.72209331034424, 26.452609325522985, 9.723516848137706, 22.95290530342626], "C": [0.025770570209847563, 0.0005033460498381262, 5.087378233792837e-05, 0.00023285221024985274, 5.0461436115782475e-05, 0.0013506790860048866, 4.376916621460586e-05, 0.0068780214509436685, 0.0065354838196689646, 0.005016336912347196, 0.005055652604720937], "steps": [0, 10000, 20000, 30000, 40000, 50000, 60000, 70000, 80000, 90000, 100000]}