{"fMOLHO 1": [0.00018696682921889477, 5.437912224069109e-07, 5.481892614926573e-07, 5.557443044072933e-07, 5.915698319306468e-07, 6.07098211392349e-07, 5.793996014602101e-07, 5.923182903186317e-07, 5.976008415392303e-07, 6.019119121669451e-07, 6.303729189978529e-07, 6.429507402150504e-07, 6.76822795423894e-07, 6.852633146326053e-07, 7.154075703769537e-07, 7.37278948600057e-07], "fMOLHO 2": [0.00012275438841803578, 4.906573503746077e-07, 4.907146156540963e-07, 5.183002405575556e-07, 5.26640029601009e-07, 5.248744497089182e-07, 5.418157540015762e-07, 5.444769959064559e-07, 5.617126859095563e-07, 5.854820477210762e-07, 5.79573322392381e-07, 5.87817843531188e-07, 5.592598576399208e-07, 5.685123607261388e-07, 5.676010310404012e-07, 5.917988215180634e-07], "fMOLHO base 1": [0.00011722533342347473, 4.2044392873705613e-07, 4.211717481040145e-07, 4.266305723990702e-07, 4.531822885803945e-07, 4.6780192117186497e-07, 4.522407265864618e-07, 4.5813577073723737e-07, 4.622146033904328e-07, 4.661546691824353e-07, 4.850488405592492e-07, 4.983649327492683e-07, 5.105076194093432e-07, 5.229983341666032e-07, 5.413903799658011e-07, 5.598729138659161e-07], "fMOLHO base 2": [7.14698297023823e-05, 5.471338294058718e-07, 5.485727947385022e-07, 5.710486242121692e-07, 5.764168545646863e-07, 5.881492843351111e-07, 5.901834327492244e-07, 5.955288460966326e-07, 6.048276211428375e-07, 6.101829430898031e-07, 6.189887250929777e-07, 6.184260028343945e-07, 6.160821125048772e-07, 6.112603135791841e-07, 6.147493092101468e-07, 6.265144664914607e-07], "u": [0.11893332214233558, 0.0006923624624664714, 0.0005067128861568866, 0.00042327154690567176, 0.0003891604096923802, 0.0003663254253336643, 0.0003566556073550825, 0.00035874528621386765, 0.00037523802567216395, 0.00037795033879683005, 0.00036646506400864724, 0.00034956406783603444, 0.0003360003011501093, 0.000325652599263239, 0.0003228075982700727, 0.0003238017154729018], "v": [0.11210400762819027, 0.0009338341376060922, 0.0006740288883441373, 0.0005277028002308008, 0.0005058212308052014, 0.0004703631246563765, 0.0004509631479182254, 0.00045155231041610713, 0.0004425608014282694, 0.00044116484459809244, 0.00043011117639720295, 0.0004292980128388013, 0.00043445012456858853, 0.0004269921483332521, 0.0004234207660745774, 0.0004200742056086906], "u_base": [10.252614706306488, 0.0009230083455772031, 0.0007032437175989403, 0.0006352191382596009, 0.0006350819046359723, 0.0006182494896260454, 0.00058839847632811, 0.0005770370656308102, 0.0005652061169294179, 0.000553620944315108, 0.000524959561439119, 0.0005035001228071074, 0.0004727030480591779, 0.00042863919823811524, 0.00041093192161501414, 0.0004051846750936643], "v_base": [5.236251230985824, 0.0012756225119160806, 0.000914903410918364, 0.0008115196045595371, 0.0007925975818618109, 0.0007935444808778802, 0.0007485217795815268, 0.0007557251493891043, 0.0007515879324016033, 0.000758362220558446, 0.0006999111649133969, 0.0006814036324109586, 0.0006942016111555644, 0.0006474521918414475, 0.0006353599646918343, 0.0006280710243823323], "s": [6.7227838452291095, 0.0020307355309769353, 0.0015555110722630977, 0.0013965705095395874, 0.001415555118848913, 0.0013712381352822588, 0.0013173924435617745, 0.0013032041037385593, 0.0012851477256383033, 0.0012774692061370335, 0.001255715773059421, 0.0012296905040441615, 0.0012116678827216367, 0.001188732001882917, 0.0011753637708564442, 0.0011777479918245982], "H": [8.352093933434643, 0.03120083327897147, 0.025065034980500462, 0.022728858135265605, 0.029400656596809547, 0.021631661273684086, 0.01952764482796365, 0.01866685045778292, 0.017844774697706057, 0.019343228072480522, 0.016557423367045566, 0.016115470292183125, 0.01806675436131925, 0.01521638237372419, 0.014826687222535285, 0.014763317932252882], "C": [4.583082424755693, 0.025354143168016246, 0.018103241985588242, 0.014847331734668205, 0.014343386615968953, 0.011338158302518407, 0.009347108069685243, 0.008192788492763033, 0.007205978951017704, 0.00683553375454721, 0.006153678936351499, 0.005668440008109996, 0.005798646233772185, 0.0050193198885998885, 0.004795117814980771, 0.004855701401619704], "steps": [0, 10000, 20000, 30000, 40000, 50000, 60000, 70000, 80000, 90000, 100000, 110000, 120000, 130000, 140000, 150000]}