{"fSSA1": [15.4818743709391, 0.0006114307395601223, 0.00027480889362764386, 0.005285753333145441, 0.0004888771891387692, 0.0006179022760404571], "fSSA2": [79.47617362439634, 0.00027124356672767917, 0.00022356116256358406, 0.002200157089989741, 0.0009186749102331216, 0.00029361694821814085], "u": [0.0031465433401792406, 0.0003070899423964873, 0.00023179296262900372, 0.0008448019731160954, 0.00021774843884928482, 0.00022761583667122356], "v": [0.018416877360915792, 0.0010634056627896885, 0.0006609133379028189, 0.0032783890510428132, 0.00046655223937860506, 0.0007649259467967835], "s": [0.523260617673403, 0.002007701584118554, 0.0009397737682278692, 0.002781355924113783, 0.0010113531743890067, 0.0009613289160026332], "H": [0.13232103845974885, 0.0065021876694383585, 0.005357156227021084, 0.0101793358675218, 0.005596178271914808, 0.004778058937582931], "C": [0.16834635551708746, 0.0039038725500531455, 0.001370674321944093, 0.0006824511568648316, 0.0009956098848586104, 0.0010990844610942684], "vel log": [0.006658463476699229, 0.006063754771534157, 0.005917231846856688, 0.006355350728961813, 0.005873457099817481, 0.005960383423401072], "steps": [0, 10000, 20000, 30000, 40000, 50000]}