{"fMOLHO 1": [1.8054809287658475, 0.00016458538100661943, 0.00012694941737976, 9.723919625424007e-05, 7.688457374750025e-05, 7.937253477818636e-05, 8.2421088124216e-05, 7.50500098357344e-05, 7.834539698443055e-05, 7.880791673882443e-05, 7.824103737676756e-05, 8.106038882422191e-05, 7.786283511291711e-05, 7.707456639676815e-05, 8.927828908530616e-05, 9.236688496702002e-05], "fMOLHO 2": [1.143895363494239, 0.00022260047775195198, 0.00021813405294861116, 0.0002700913157530612, 0.00021030876240764077, 0.00018581102892412438, 0.0002044221570367463, 0.00019808312520482965, 0.0001959395722875871, 0.00019885725605209469, 0.0001844346600349535, 0.0002037256352411954, 0.00018104078958417746, 0.00019737029822932846, 0.00017346999576207912, 0.00021855625678974063], "fMOLHO base 1": [1.1308017485047328, 0.0007605795729783239, 0.0007444672499553346, 0.0007372036067278049, 0.0006826810564066927, 0.0006726054142474866, 0.0006854995388579881, 0.0006730941770343867, 0.0006812526955059889, 0.0006828363689800131, 0.0006773592164954697, 0.0006809139616142405, 0.0006742500702661727, 0.0006739575762709102, 0.0006695315216837087, 0.0006890266516500779], "fMOLHO base 2": [0.69433196299054, 0.0023767444481865557, 0.0022577230587539124, 0.0022781139070088023, 0.0021229247541917334, 0.0020942202112559857, 0.0021224420532288397, 0.002070797305153416, 0.0020845752817209976, 0.002078219253229592, 0.0020576060950446857, 0.0020658249938141798, 0.002048235576740342, 0.002054530515802447, 0.0020211076858490575, 0.002095330971506508], "u": [0.12139439874231225, 9.856200789223786e-05, 7.57961860634678e-05, 6.176663553769588e-05, 5.5434010113192935e-05, 5.27806694492179e-05, 4.8794529546593594e-05, 4.494237129784988e-05, 4.337854544331206e-05, 4.214704325961561e-05, 3.960276284810666e-05, 4.248346195993266e-05, 3.65604736786855e-05, 3.5806733952526206e-05, 4.176481560221471e-05, 3.8772685885153104e-05], "v": [0.45141832904306056, 9.365125548376022e-05, 6.65644582230146e-05, 4.994662257485097e-05, 5.083111637309844e-05, 4.366610672098056e-05, 4.182821461421489e-05, 4.657763478240003e-05, 4.4747573702734635e-05, 4.847195045141327e-05, 4.13751556599779e-05, 5.387054627603252e-05, 3.6974258420911686e-05, 3.947554275689484e-05, 4.7430462862323066e-05, 4.6542929801210156e-05], "u_base": [0.11405652350088782, 3.922240218468192e-05, 4.033640642718127e-05, 4.7530179309743784e-05, 4.73198295039619e-05, 4.289856283167637e-05, 4.3044206050839514e-05, 4.298941000326763e-05, 3.9468010134107084e-05, 3.7002694663429693e-05, 3.8365101364887224e-05, 3.5410913702503586e-05, 3.965072070428898e-05, 4.138362389513307e-05, 3.136356019697108e-05, 3.2868377825218904e-05], "v_base": [0.26684814367093335, 0.00019984909282749468, 0.00014689324185530316, 0.00010644715179964354, 9.463121860885608e-05, 0.00010356776952993526, 9.747353650082712e-05, 8.528082603119998e-05, 8.975879041131446e-05, 8.469203540410059e-05, 9.22520068295249e-05, 8.167485477218277e-05, 9.217083737390147e-05, 8.221233865449055e-05, 9.139555680063193e-05, 7.960888268907255e-05], "s": [1.1452322786853932, 0.0005989394216312084, 0.000546293491600702, 0.0005362505710982923, 0.0005303184324440937, 0.000551556285676377, 0.0005278940712551575, 0.0005077903559976352, 0.0004956271233408393, 0.00048026049991973775, 0.00048428594748336416, 0.00047180631820523236, 0.0004872292882699244, 0.000481485148853084, 0.00046705905696837254, 0.0004650635912221558], "H": [0.05989231527368997, 0.0007556765156699648, 0.000552170723403261, 0.0006111883433817211, 0.0006247912817091033, 0.0005919868844465709, 0.0004304852141050426, 0.0005247466009001198, 0.000402930896040229, 0.0003990429336432881, 0.00039989696994909414, 0.00036652471704312915, 0.0003833088827469542, 0.00035064135496041626, 0.0003993902102406627, 0.00040046716522164236], "C": [0.030488880190620918, 0.00031631710189233754, 0.00029387750885816703, 0.0002816863725695683, 0.00027619587912563765, 0.00027028912567679547, 0.0002613763402862111, 0.00025612298078707234, 0.0002509545029824055, 0.00024415387658716705, 0.0002403309858668318, 0.00023251737481784975, 0.00023133369909090993, 0.00022502559589384724, 0.0002192119315339945, 0.00021119357348623868], "steps": [0, 10000, 20000, 30000, 40000, 50000, 60000, 70000, 80000, 90000, 100000, 110000, 120000, 130000, 140000, 150000]}