{"fSSA_VB1": [336.582273254656, 0.010790010605207071, 0.022905120875959507, 0.0023027394995553865, 0.0028479823797214277, 0.002728845032904099], "fSSA_VB2": [134.69374493480512, 0.007389253973973169, 0.004193139889688481, 0.006803435972342558, 0.0014744741007896114, 0.0018751403831399538], "u": [1803.8229186571666, 0.006745357584536419, 0.0014490068720852776, 0.0010178081548476267, 0.0006664921069153411, 0.0005652386482649408], "v": [534.2863952549271, 0.00893813064035974, 0.0017309506725286677, 0.0039440307651832564, 0.0007101960364836871, 0.0005581524050255245], "s": [3.885128977238317, 0.00261757943820027, 0.00038500160260211496, 0.0003538344624727316, 0.0003724752851942858, 0.0003584826516664091], "H": [2.4810509103434217, 0.07302618346641954, 0.03245085501716409, 0.02479800865858944, 0.021827795584680582, 0.020510171286384795], "C": [0.41360908781701733, 0.00917367350132233, 0.003935673850560462, 0.0037341068379979215, 0.0035853782040039766, 0.0036061762602063343], "B": [3.812640592993207, 0.001163856095142545, 9.716212723263876e-05, 9.08832330212121e-05, 7.926947864148062e-05, 6.840209461729532e-05], "steps": [0, 10000, 20000, 30000, 40000, 50000]}