{"fMOLHO 1": [0.00018432628371779986, 7.9514674743403e-07, 5.14364383070676e-07, 4.3475782014824473e-07, 4.2662729720668847e-07], "fMOLHO 2": [0.00018643062830559388, 5.807678222696616e-07, 4.067895812786913e-07, 3.848254300153222e-07, 3.603346268037281e-07], "fMOLHO base 1": [0.00011563575620807875, 5.828468335933551e-07, 4.0430531107147776e-07, 3.5624639046567575e-07, 3.3702722559513783e-07], "fMOLHO base 2": [0.0001122876153802406, 6.213318273976143e-07, 5.302255800634106e-07, 5.124231391246164e-07, 5.14575331729798e-07], "u": [0.16885407506896313, 0.0003074575741896108, 0.00015370510669386898, 0.00012355350830541064, 0.00011527246737904526], "v": [0.23227139458956686, 0.00032372487357638577, 0.00018792476136911352, 0.00014559785413574658, 0.0001259389453282989], "u_base": [17.759088534990184, 0.0003645573026489385, 0.00021325629461507799, 0.0001721488509355555, 0.00031931502269175264], "v_base": [37.41507111564627, 0.00030620667136829755, 0.0003699466464946487, 0.0001554170052839156, 0.0008800412268892197], "s": [1.184245732837496, 0.00035994575153309213, 0.00016774749194919342, 0.00013537409750833364, 0.00012641103862276898], "H": [0.4000741238908124, 0.004677456170271616, 0.003124988155968138, 0.002786397376945405, 0.002618620475889715], "C": [0.07564370608188727, 0.0005639981511817856, 0.0005355273131329759, 0.0005197337725000399, 0.0005065344609227203], "steps": [0, 10000, 20000, 30000, 40000]}