{"fMOLHO 1": [271.42029215928073, 0.009063321499171986, 0.00983767074553949, 0.0005070949275726658, 0.00042090427592080123, 0.0004775600248457443, 0.00018617903156300608, 0.0001763233713054065, 0.00016017449169597342, 0.0005949304586105877, 0.00021051042454017774, 0.00021207178519994492, 0.00012426417951109925, 0.0002601089337636705, 0.00026875445274821523, 0.00012670445919881317, 0.00015617988731815265, 0.0002836220451056127, 0.000566452727553002, 0.000238662070867051, 0.0002313778115259509], "fMOLHO 2": [241.8730444465898, 0.0029811542600591875, 0.012107825197632672, 0.0005808494024523244, 0.00030150360550116744, 0.00022736168323648936, 0.00020107384371325797, 0.00020128691650208555, 0.0001675220243619415, 0.00025089791335651903, 0.00021950240761823333, 0.0001996908523927562, 0.0001460615868734486, 0.00024558937992995186, 0.00019275785360862107, 0.00014466470818199907, 0.00014125073564792476, 0.00016412962727709336, 0.00029361750823227975, 0.00023819676013041825, 0.00017112287125616008], "fMOLHO base 1": [221.31800600772564, 0.002191634523130931, 0.00767703920882386, 0.0005654344921018564, 0.0005841315710309876, 0.0005054294469418521, 0.00023570349347959725, 0.00016624481939828101, 0.0001567953666470159, 0.0008104592243196021, 0.0002533700718165932, 0.00023211319994926826, 0.0001297016309394044, 0.000366028147453067, 0.0003477244900280737, 0.00015958860428178054, 0.00020610945800429552, 0.00032769942759565434, 0.0008292139707787822, 0.00030700341714277364, 0.0002391505177360093], "fMOLHO base 2": [144.7748833467867, 0.004613033513712262, 0.009583446435744571, 0.000563217866541308, 0.00036316241151758725, 0.00023219896309950255, 0.00018111038438294928, 0.00020030148186375648, 0.0001695969920357908, 0.00025987500457501996, 0.0003722677062635263, 0.0002039242293302128, 0.0001428134962738753, 0.00039440276082898057, 0.0002053113690551616, 0.00014295123122079348, 0.00014309957320012999, 0.00032479475101890087, 0.00048157712830333086, 0.0003105609464047805, 0.00020906395750665976], "u": [1777.8324694207138, 0.004716406406351808, 0.003807238911810041, 0.0004584530334708607, 0.00027652868379230496, 0.00024397495439570387, 0.000159146747744138, 0.000143983740931397, 0.00013758578664740525, 0.0002769191062879832, 0.0001441991011165236, 0.00014587519705039367, 0.00010874163723833897, 0.0001437218076660585, 0.00015348372755774693, 0.00010393336699966541, 0.00012038874532111883, 0.00014706838714146345, 0.00022186093844318107, 0.00011057318582441181, 0.0001115068952714544], "v": [811.7463499491926, 0.010794511134056113, 0.00681990462261489, 0.0007625287101806689, 0.0003030854755728007, 0.000190263608828718, 0.000160787652065999, 0.0001621552446268902, 0.00013882192834905016, 0.0001446426365393176, 0.00013875199459418276, 0.0001810249731097352, 0.00011112701233012894, 0.0001977181881614016, 0.0001079652511212034, 0.00011448467919245508, 9.552961411576348e-05, 0.00014372418296122334, 0.0002959875431065543, 0.00014906474499044232, 0.00010251365335338436], "s": [4.357276754391757, 0.2459962987554523, 0.018896045125426066, 0.0006631184389600672, 0.0005341129099983422, 0.0004884441243987503, 0.00044071401973156456, 0.00040897056278908675, 0.00038971311261119465, 0.0003802528277169908, 0.0003648943006351741, 0.0003533890372344418, 0.00034586994886532513, 0.0003486478223371097, 0.00033718540703391416, 0.0003255717389905533, 0.00032506975523572936, 0.0003234598017237202, 0.0003363894023608182, 0.0003236324829815749, 0.00031292435328226554], "H": [1.1673954910398359, 0.43483889070726256, 0.0215606292755595, 0.007549935008779231, 0.005404656238339274, 0.004693027236673436, 0.004376606866882915, 0.004188037860910918, 0.004002840864730691, 0.003954511701699889, 0.003922395451356752, 0.0037066575542221503, 0.0035833984445146723, 0.0036437638554961617, 0.0035017796686851077, 0.0033401273694732337, 0.0032886711099551894, 0.0033090334503460966, 0.0033044937870072783, 0.003236324592617861, 0.003147473531208183], "C": [0.035802986824332805, 0.017146970876594444, 0.009359708122910619, 0.0017363408367770058, 0.00038388366802988777, 0.0002462828156037405, 0.00019792551455117646, 0.0001683101950419078, 0.00014403774292342963, 0.0001315777213656729, 0.0001211194600184323, 0.00010721232243315287, 0.00010223358315080836, 0.00010349189071509724, 9.203495823712818e-05, 8.637528040224932e-05, 7.932673167066585e-05, 7.806826392992467e-05, 7.470096861960911e-05, 7.35871141169587e-05, 6.500910417789506e-05], "steps": [0, 10000, 20000, 30000, 40000, 50000, 60000, 70000, 80000, 90000, 100000, 110000, 120000, 130000, 140000, 150000, 160000, 170000, 180000, 190000, 200000]}