{"fMOLHO 1": [7.677343822846844e-05, 2.4915477614401624e-07, 2.5866537632490885e-07], "fMOLHO 2": [8.115274155361021e-05, 2.855264287865229e-07, 2.9856864339180764e-07], "fMOLHO base 1": [4.5810449162207546e-05, 2.3409108145551505e-07, 2.49454082832404e-07], "fMOLHO base 2": [4.555443203178711e-05, 4.2845288280582143e-07, 4.3761249279279774e-07], "u": [0.4747412027456766, 7.133639911226607e-05, 5.396929001750342e-05], "v": [0.27337013571169605, 4.718312064893946e-05, 4.016160383989989e-05], "u_base": [0.3990795103902129, 1.1532884897241974e-05, 8.34434000583016e-06], "v_base": [0.33766634918842764, 2.035820711627965e-05, 1.5466737583623133e-05], "s": [0.5606191561503837, 7.138821925433476e-05, 5.9473407597941006e-05], "H": [0.3820810020175087, 0.0009092478312294926, 0.0009373991201010552], "C": [0.06584901914751083, 0.0004376833793155667, 0.00035521676211683437], "steps": [0, 10000, 20000]}