{"fMOLHO 1": [123.92259169599595, 0.0026220390328143143, 0.004630520243671141], "fMOLHO 2": [70.14487950047645, 0.008615702636791874, 0.006243825706330076], "fMOLHO base 1": [58.92053521911646, 0.0013607757723279295, 0.0014445846398220238], "fMOLHO base 2": [35.558710654331755, 0.0010960258999739494, 0.002035256444717659], "u": [0.20710843892776806, 0.005701231573412887, 0.006187228860055234], "v": [0.7175796181046094, 0.015066193244299114, 0.019413624717961896], "s": [0.4652775205280579, 0.0491367405609332, 0.04926222809364944], "H": [1.815330097856519, 2.218547784974286, 19.982785758412945], "C": [0.1414249061354434, 0.029672590631938684, 0.014142084321397085], "steps": [0, 10000, 20000]}