{"fMOLHO 1": [638.2593774859448, 0.0034260476183615484, 0.0036815438485083567, 0.003013513721667329, 0.004181930100620351, 0.003965337941710855, 0.009281309890579398, 0.006177955762890027, 0.0048100801452413125, 0.007706805717811071, 0.004365412552666906, 0.005965318610696041, 0.0037305130988062904, 0.0025511652520676968, 0.002140897687713765, 0.001983754697886166], "fMOLHO 2": [921.8575170400662, 0.007945516602808117, 0.006718433488125943, 0.009055405641329266, 0.007605651312364176, 0.00842766954117873, 0.013806588166823808, 0.008858816266793947, 0.009162788195226264, 0.005599079634421027, 0.009050341882826895, 0.0066800323670349075, 0.004909534241655852, 0.0027409126716364906, 0.0025732193214917506, 0.002372980687796308], "fMOLHO base 1": [417.82661919710205, 0.0300017808460183, 0.030138727933939683, 0.30892528639872013, 0.013485201573997156, 0.020368759714082415, 0.0036777496808518724, 0.002522091383135737, 0.11770523657893081, 0.0027130147940083553, 0.0038865089281877496, 0.004302118926527673, 0.012039223570327407, 0.00918590460751611, 0.009212302798373071, 0.00884317864807351], "fMOLHO base 2": [696.931660629826, 0.05037326598494644, 0.004273721945446683, 0.014680596408967222, 0.10366826542745566, 0.15932710423175836, 0.005393416896914797, 0.031389504269120086, 0.07447826208593701, 0.007734911681620123, 0.00935280999966457, 0.011491687167238408, 0.03662691666126947, 0.04277666359910041, 0.03161696103452167, 0.03197823664794521], "u": [1864.1382830315097, 0.007856964042895513, 0.004818801130580287, 0.018570168054597835, 0.005474013536321976, 0.0072619471257943935, 0.008057170003592977, 0.008471691495607768, 0.009474369497285615, 0.006885491424658589, 0.007824402417401597, 0.004631520705403758, 0.004741803834057384, 0.0031404815864597407, 0.0029600533743550286, 0.004789938203116517], "v": [6628.228631420014, 0.023763962964423315, 0.01539760068541159, 0.019039624278058165, 0.03564678777282017, 0.040596233628278654, 0.019093639136182426, 0.02874072175454228, 0.027516467206081845, 0.021201069810166277, 0.018775565186838945, 0.011041191126455867, 0.016006552315157976, 0.00824667522192793, 0.012945888166087573, 0.010994212208614082], "u_base": [0.21966520547808466, 0.001966480450505936, 0.0010424866105469526, 0.0010112102813955334, 0.0009687055854421409, 0.0009051513098685607, 0.0013334579965285835, 0.0003940507756557633, 0.00018142000260768938, 0.00020986735399277802, 0.00018060629010046216, 0.00018280114906384437, 0.001506241350732549, 0.0020917322228955594, 0.001998819660628054, 0.002022628119823649], "v_base": [0.26123377663019615, 0.00504879044269052, 0.002419358381658959, 0.010507477731079495, 0.001964972552575898, 0.0025779827430607405, 0.0022518241163395993, 0.0013476403408794273, 0.0011216697430025246, 0.0011247173859071215, 0.0011765923744953128, 0.0011532682845575846, 0.008090414666544391, 0.009999273499242064, 0.009855764160082393, 0.009512941865550932], "s": [10.541545111054994, 0.24499486486684585, 0.2443416929838931, 0.24556871427201585, 0.24541433785792752, 0.24187446445798816, 0.24562428851647672, 0.246103733999536, 0.24528898373771024, 0.24635340625017452, 0.24545951284459464, 0.2237482293082758, 0.08393131931690709, 0.0416145950320333, 0.035635775416155625, 0.03364991481150449], "H": [15.370302122427407, 33.45341317754469, 6.085595882727863, 15.944824049384817, 24.86968649270315, 10.898187267906387, 86.17501422036861, 7.3073966309677765, 6.732378967172947, 1.4659101562084937, 0.3304156889093709, 0.09005964423232171, 0.03361698714178077, 0.017619894151834833, 0.01622910958105382, 0.013905205157710692], "C": [0.026305702882808698, 0.023945606691574427, 0.017140631142706572, 0.02556763447769811, 0.020461479420543487, 0.016531368899637335, 0.021411735778352287, 0.009600731433859575, 0.005296177236304719, 0.007675878528490127, 0.007445642367867635, 0.006188808798480798, 0.0025679937787306643, 0.0007524976027696922, 0.0005652521777000033, 0.0004740280922877349], "steps": [0, 10000, 20000, 30000, 40000, 50000, 60000, 70000, 80000, 90000, 100000, 110000, 120000, 130000, 140000, 150000]}