{"fMOLHO 1": [142.731034214933, 0.0013193671533727875, 0.0002231145412158557, 0.00017559741217560164, 0.000293731103793053, 0.00023532678166895686, 0.00013698126244051859, 0.00013598132767046354, 0.0001543543457032278, 0.0001460858196335561, 0.00013097914720598233], "fMOLHO 2": [172.70190011344528, 0.0016019830548114273, 0.00037850912161978864, 0.0002555778515995436, 0.0002406001062410435, 0.00021262921284345118, 0.00023062214114361466, 0.0002193499731112907, 0.00030853677900176266, 0.00023201295288321707, 0.00021025556500566211], "fMOLHO base 1": [84.7020810540097, 0.0009475278922468682, 0.00014005359399377928, 0.00011312707801564524, 0.00016802113128782986, 0.00011304462361156031, 8.361376758232138e-05, 8.447975787607548e-05, 0.00012733752674746142, 8.395234217350256e-05, 8.853878223599062e-05], "fMOLHO base 2": [101.4496500103728, 0.0011967894415436757, 0.00015188007133672466, 0.00014399407682499801, 0.00021922520717138988, 0.00019804178581037032, 0.00012735043642589247, 0.0001274980668880665, 0.00015801770986429608, 0.00011884915577175072, 0.00012175129477904542], "u": [0.015658660364318178, 0.00045570817778632704, 0.00010635647459243098, 6.202197320415392e-05, 5.068446641952701e-05, 4.572631167788306e-05, 4.5026365083048617e-05, 4.454059000078541e-05, 4.356293885019852e-05, 4.2538075475291746e-05, 4.1102916527487484e-05], "v": [0.032875158762650805, 0.0009117846716306321, 0.00020758738345087773, 0.00013560236362695303, 0.00010615296643329046, 9.457821936726338e-05, 9.109617077291666e-05, 8.25414669719608e-05, 7.88157344864061e-05, 7.032171002162315e-05, 6.861265618963251e-05], "s": [12.980998869347252, 0.0032284876875784065, 0.0007485975530654785, 0.0007757263951685342, 0.0008478299891420486, 0.0008440312408578847, 0.0007984706351549487, 0.0008114684049450392, 0.0008143969728405776, 0.0008050332150429441, 0.0008155856042915505], "H": [1.0358170421594786, 0.015486182730164326, 0.006882061311222341, 0.00482322761503856, 0.004356886855025523, 0.004177167108535477, 0.003812527664819461, 0.0036549189646379325, 0.0037866878675695, 0.003381139091462458, 0.0032708778241996527], "C": [0.05800146274766305, 0.010982177733817882, 0.010327205532279324, 0.010041698471498701, 0.009918953800303047, 0.009855697582883483, 0.00973327787715829, 0.009671395586502516, 0.009626575016099008, 0.009589492557404726, 0.009560489007434074], "steps": [0, 10000, 20000, 30000, 40000, 50000, 60000, 70000, 80000, 90000, 100000]}