{"fMOLHO 1": [104.07981713977003, 0.002379616911447132, 0.0014763624204388213, 0.0015655968214574924, 0.0017297419804593315, 0.0015314982498442176, 0.0013224871655672665, 0.0016655344924907018, 0.0051878929379712505, 0.001220872807364796, 0.0015196703178912948], "fMOLHO 2": [136.7411452468394, 0.00785113895660246, 0.008053772578057757, 0.00824385584578467, 0.009527560429252069, 0.0034760061587532105, 0.002191245560490684, 0.0022552302470620804, 0.015989099751292316, 0.0017006394930646849, 0.002348294256008304], "fMOLHO base 1": [216.45291360046076, 0.1611899057846788, 0.07258534814209452, 0.0012738927543488948, 0.0011323177048131205, 0.0021330120332884077, 0.0027209685543197358, 0.004583635401807194, 0.0016031230265675163, 0.0021516352316639847, 0.002940065685133918], "fMOLHO base 2": [89.24294148418126, 0.009010254417479904, 0.003074324302659891, 0.009466964191871298, 0.0035595853550786584, 0.0074156033978282875, 0.008283584524269524, 0.014994125290980886, 0.005577967830202012, 0.007442183532900888, 0.01167320069391449], "u": [1223.6234184987716, 0.028219477407349616, 0.01181529650810165, 0.004861326474999618, 0.00409911024684612, 0.002639689780867722, 0.002461039483756095, 0.0013145470193300492, 0.003815271334262727, 0.002750246511287638, 0.003641593246881527], "v": [272.658727499451, 0.024480830060494868, 0.026545249987038427, 0.012993177549455573, 0.01246051498499194, 0.005891660612821153, 0.004880366983841929, 0.004263160092641797, 0.010226717378084702, 0.005438280310110028, 0.008670526307080954], "u_base": [10.823720789507137, 0.03810014696278119, 0.035796683403955934, 0.035808058848627686, 0.03602177412164499, 0.028833592949890203, 0.0041095994067507505, 0.0027526756657745848, 0.028871511737559998, 0.005593112382556425, 0.0027888859396454366], "v_base": [2.1701865247488126, 0.19006706914436847, 0.1865878960878053, 0.20052669295957964, 0.19885850316135614, 0.13094853758385902, 0.008894412585292003, 0.004971067674582995, 0.143149676926282, 0.011865946234704014, 0.006058944211297602], "s": [1.5071898114601479, 0.09844955584694101, 0.09815615551270235, 0.0983422853590187, 0.09819811394872194, 0.09554261855693998, 0.08678999423421184, 0.07199725767967652, 0.09562276349545189, 0.09195806657188073, 0.07156804816010234], "H": [1.1299325079978948, 3.1533628383213967, 2.1963084213813007, 0.8864103112505881, 0.22088635621249186, 0.015532886616334084, 0.006461055084459012, 0.00514456500133336, 0.12079423533796767, 0.00785019294714219, 0.004987167402621357], "C": [0.09477601695175569, 0.01361294853066113, 0.011891439882264007, 0.012516066470190167, 0.015024981183597805, 0.0026056224325495645, 0.00024225767241578796, 0.0001162393444428952, 0.023011466014052653, 0.0004885589852853882, 0.00023358851324207922], "steps": [0, 10000, 20000, 30000, 40000, 50000, 60000, 70000, 80000, 90000, 100000]}