{"fMOLHO 1": [45.20114303631004, 0.003428161664879661, 0.004179438532869784, 0.003612421818001462, 0.005284308404816647, 0.00226030058519748, 0.004400878243226513, 0.005649378077773614, 0.0006926407588162714, 0.0005324626460327127, 0.0011535826536966643, 0.0008628873242847741, 0.0004378793245401529, 0.0006687749047050003, 0.0004657326328169892, 0.0005066048662506199], "fMOLHO 2": [53.39995058324936, 0.007561701733597223, 0.009005680608939966, 0.008323267554119083, 0.006181821407173469, 0.007222555024482747, 0.0025055980573021578, 0.002108037617504905, 0.0008486116664527646, 0.0004919652651169493, 0.0004100392984670852, 0.0004613561364274079, 0.0006978736351214186, 0.0010025223625627284, 0.0003646841744164063, 0.0004300310089542925], "fMOLHO base 1": [23.640438139937867, 0.002541719503628086, 0.0020531155723464306, 0.0010535306372942259, 0.003119650202286287, 0.0026715412117335764, 0.0012727874729896455, 0.0015710674167096542, 0.0013798459933337334, 0.0013691315900022376, 0.001548004152438101, 0.0015721052195857982, 0.0016630637441994805, 0.0015724190927039001, 0.0016654102602354508, 0.0017431993125908015], "fMOLHO base 2": [31.696028125492465, 0.0018742166271172342, 0.0033410811876109386, 0.00216800244370784, 0.002907223202682667, 0.006028415990691591, 0.0036415069727953235, 0.007638243034224442, 0.005100069412932996, 0.006536424019468677, 0.006430585269269058, 0.006414874603616672, 0.0065318696489631055, 0.0072733817719665556, 0.0065126460722882565, 0.006352878246649787], "u": [0.08050638826338866, 0.006785732651497346, 0.006718484213875129, 0.006335240167900955, 0.007320395001814247, 0.009714503432119128, 0.006355355251142072, 0.00510476836867612, 0.0006403324617786525, 0.0005306941802905827, 0.000549807970433595, 0.0005966568031298319, 0.0005653921637201743, 0.001168794103166744, 0.0005771998964033044, 0.0005081792948369926], "v": [0.04936110638858463, 0.020268929992958897, 0.019478068371694166, 0.01960862615273772, 0.022983686953330845, 0.029423581878455778, 0.019571932874904923, 0.008093105053703024, 0.0017090487192663341, 0.001771324737399274, 0.002070078363506786, 0.0018979494883919926, 0.0019377611994482137, 0.001635354955557109, 0.0018368648287805035, 0.0019102544662860997], "s": [0.3348319143946439, 0.04924171685613545, 0.04923008394230187, 0.04924537005307604, 0.04927499186884709, 0.04924250855467716, 0.049255292206430004, 0.049072000533812804, 0.04839414862428278, 0.04532477743573078, 0.04447579297138898, 0.04426328867647189, 0.043920519090593996, 0.043415624006140054, 0.043729738647000325, 0.043626406251125356], "H": [1.2572844036891202, 20.943696438118646, 13.791341469863895, 14.43178131125996, 1.2753679499091746, 7.071972833465535, 0.19147410746341695, 0.012214035297580724, 0.004064457274228277, 0.0033350463742509683, 0.002892715590361155, 0.0026711421026395094, 0.0023940540652004102, 0.002458141030020249, 0.0021730209993909813, 0.0021610824888218237], "C": [0.06102081301197521, 0.029450285513856027, 0.0254273221274169, 0.02574138581523403, 0.0068764891711034, 0.0056139988175841786, 0.005841209370566908, 0.003874252521885872, 0.0010470055114638079, 0.0009721505589604553, 0.0008371837191868121, 0.0008135377104527734, 0.0008046146323489416, 0.0021440470242715375, 0.0007870668928854009, 0.0007595924416052807], "steps": [0, 10000, 20000, 30000, 40000, 50000, 60000, 70000, 80000, 90000, 100000, 110000, 120000, 130000, 140000, 150000]}