{"fSSA1": [128.54915171764523, 0.03306119369385043, 0.0510880939040641, 0.009274111942999498, 0.0013081649567820608, 0.0027770370234080776, 0.01252284993076467, 0.0014368113410809856, 0.0009214166310961931, 0.001560485867120676, 0.0009473080570403062, 0.008999592469482459, 0.001808365830974215, 0.0028225437414424277, 0.0001711737405442855, 0.0006997526405088266, 0.00020216186819732444, 0.0015616371033838087, 0.000697374758245595, 0.0005223133673042822, 0.0013753321779757708, 0.0015703223592110629, 0.0004965716149179103, 0.0012936239196263415, 0.0008666905730406071, 0.0008143948430052587, 0.00041460140178409667, 0.0001925666505429934, 0.0006064338587584728, 0.0005155524108512525, 0.001563397796225736, 0.0005680505081792735, 0.0010515389573504976, 0.000863654254049848, 0.0003746247087600335, 0.000158823977303717, 0.0003516783398331526, 0.0005740131780066382, 0.001031668589642006, 0.0015996841378307558, 0.0006995255997948225, 0.00028741846319612117, 0.0006950737029881084, 0.00010223263145594245, 0.00028365312941950216, 0.0009555430227690111, 0.0002777806404270333, 0.0005092415541030318, 0.0004103574301434214, 0.0004496195437437587, 0.0003574386023075386], "fSSA2": [74.61648856428648, 0.009565169599316003, 0.04347091512863428, 0.007468220408501527, 0.0009445638615027432, 0.0033616984994116047, 0.0008913442503563004, 0.0014829487544317382, 0.0006045113794057966, 0.0005713915720558099, 0.00023679041280514804, 0.0007738880215440775, 0.0003472526509652106, 0.00039283742117717803, 0.00014364210544220437, 0.0005409965308723625, 0.00026503828684429516, 0.00044175854995852777, 0.00026387547564910333, 0.00047900213751350906, 0.00041662354909174877, 0.0004718560744967926, 0.0002673971970141464, 0.0005456121920134681, 0.00033595668165887273, 0.000491622281339682, 0.0003082842971661207, 0.00016597429733762324, 0.00033321383424656686, 0.0003079601727143985, 0.0005142201966137409, 0.00040707565836219144, 0.00022240691602205896, 0.00049147712304338, 0.00016210800272049375, 0.00020865910300509115, 0.0001589127907813083, 0.00022745678349597362, 0.00019854118227298454, 0.0007867538414620521, 0.0005560598818184439, 0.00011942389867802453, 0.0005513520919539819, 0.00010996683710391801, 0.0002416293620213523, 0.00035698973778089393, 0.00014607798081707577, 0.00013816089169240708, 0.0006299566137958014, 0.0004621367660046163, 0.00048220468913207586], "u": [1223.2472677584487, 0.01173996511589701, 0.007837182728760352, 0.004701076248865494, 0.003907634056002386, 0.0035343878605279795, 0.0027319450189090895, 0.001985271644918647, 0.0015026181620788974, 0.001346526392546113, 0.0011668892183675126, 0.001275844557285959, 0.0011965375026754168, 0.0011650772419691726, 0.0009332443697248356, 0.0008912108670503002, 0.0008392660573310493, 0.0008661891372916817, 0.0007884819362885286, 0.0007673197424947239, 0.0006943204513808621, 0.0006668594833604044, 0.0005851535777117857, 0.0006950191310281574, 0.0005243122283462194, 0.0004885563649636355, 0.0004220362853122243, 0.0003607444355435968, 0.0003290782725713391, 0.00032020706015198293, 0.00042703321112048, 0.0002829538082768289, 0.00030544150942346526, 0.0003023448918758991, 0.0002806514464049032, 0.00024368570590130773, 0.00027467655004650136, 0.00023887260472324373, 0.00026455412582337273, 0.00035983314919127744, 0.0002801201460567546, 0.0002126464484191937, 0.00022450506280200031, 0.00020631019509419657, 0.00024018492003924485, 0.0002654412965627215, 0.00020644853537739435, 0.00021261475807932937, 0.00021646822583935884, 0.00021248611508485304, 0.00017961897502588004], "v": [436.1997207051326, 0.025173512882728614, 0.014187914118989111, 0.008970253716652131, 0.007874697644349867, 0.006261595739562865, 0.003555018034047373, 0.002510845344061953, 0.0018842678246353572, 0.0017464361863775044, 0.001600236981947393, 0.0017615107092771442, 0.0015808968521951363, 0.0014854639251187288, 0.0013983704015207224, 0.0013940306400233955, 0.0013214628846420597, 0.0011615755138825365, 0.0011279373349244127, 0.0010831288220910882, 0.0009356603634770981, 0.0008231000616753072, 0.0007437009209604586, 0.0007079196110936357, 0.0006294189039035193, 0.0008438204948827145, 0.0005349965082402202, 0.00047008830451105853, 0.0004382517658517088, 0.0004152477955273334, 0.00030971475192465, 0.0003946861964753544, 0.0002810468472113725, 0.00033295500750838103, 0.0002787917390160822, 0.0002689543420690084, 0.0002677558669363516, 0.0002758974651239261, 0.00023675249777289063, 0.0002861286824358555, 0.00026394275579370326, 0.000236948675804566, 0.00026209043392389105, 0.00021536700840253293, 0.0002249776552020846, 0.00020034751021631586, 0.00020615585960689607, 0.0001942718752101068, 0.00023820825356092517, 0.000191517656263286, 0.00022434151070699034], "s": [0.6073716066465396, 0.002974937768322724, 0.0018393816318321493, 0.0015972382731343207, 0.0012013695580391085, 0.0009123668375148899, 0.0007476812248976852, 0.0006766220723502228, 0.0003660575972065554, 0.00025611397829110896, 0.00019380154441865936, 0.00026716335188816016, 0.0001621215312296483, 0.00013776173939928778, 0.0001338980136893256, 0.00013530220394999457, 0.00015553724626884508, 0.0001335909693770518, 0.00014663195498449246, 0.00015473553162250272, 0.0001448534954437879, 0.000129683732038266, 0.0001165176378053088, 0.00010965237981927053, 0.00010207839423130714, 9.689527831310582e-05, 8.989884236311874e-05, 8.546418598388676e-05, 8.582570765163872e-05, 8.451497389307492e-05, 8.673129596027465e-05, 8.568621418450719e-05, 8.146058959679071e-05, 8.296288047364324e-05, 8.197365704647725e-05, 8.084169919612944e-05, 8.459738003123386e-05, 8.214778092139402e-05, 7.98974905633436e-05, 8.299307024030445e-05, 8.116900944198441e-05, 7.852172340096358e-05, 7.758808537888376e-05, 7.756329131936218e-05, 7.694881836240651e-05, 7.414534917881083e-05, 7.531476703956998e-05, 7.398777016210696e-05, 7.519301080825758e-05, 7.220399569175582e-05, 7.417061579801419e-05], "H": [0.951075064215112, 0.0140064433602477, 0.009883276599437149, 0.008309599956295178, 0.007413908894338503, 0.006524328352083303, 0.006205017251231985, 0.00589547742775798, 0.00548702417578012, 0.005337023065504854, 0.005164335517449454, 0.005083806862619628, 0.004956629033361224, 0.004824267595179159, 0.004644570194942004, 0.004484904421984285, 0.003988872287828433, 0.003477306691523924, 0.0030045634418436286, 0.003044112209314627, 0.0023814657686126463, 0.0022042604450161437, 0.0021048200038308947, 0.002129274693625867, 0.002048210096742856, 0.002008343455432794, 0.0019684129795332485, 0.0018210943664390851, 0.0016348765540608093, 0.0013965125145592317, 0.0012149624525934057, 0.001146332768300764, 0.0010332691347042218, 0.0010193972131223488, 0.0010120763623111548, 0.0009247317599440617, 0.0009690416315040191, 0.0008843952844184681, 0.0008922090166776136, 0.00098795552609258, 0.0008625432596699304, 0.000845533378947582, 0.0009290683630117699, 0.0008284507408702986, 0.0008947295897952873, 0.0008160330063535843, 0.0007918504907066941, 0.0007675479620785329, 0.0008088667151008391, 0.000876454494912052, 0.0007280844772769618],