{"fMOLHO 1": [5.399591312642056e-05, 2.675292602256179e-07, 2.5957535940602207e-07, 2.427462556616586e-07, 2.495800200078899e-07], "fMOLHO 2": [2.802803431391762e-05, 2.9737111397158007e-07, 3.070753134886382e-07, 2.9773479970886795e-07, 2.9693413800051105e-07], "fMOLHO base 1": [2.8859457901070945e-05, 2.3945343097932313e-07, 2.4362018087454667e-07, 2.3644910542390183e-07, 2.4134107150804987e-07], "fMOLHO base 2": [1.5294671338531983e-05, 4.445070372847358e-07, 4.379298901466256e-07, 4.2970847348597384e-07, 4.3296687421823987e-07], "u": [0.2110092502859347, 6.889077716566239e-05, 5.36939289489965e-05, 4.7433354126611476e-05, 4.2375634963630855e-05], "v": [0.15851560626444586, 5.8147263143901435e-05, 4.48211363566674e-05, 3.6559898549974125e-05, 3.05421050130123e-05], "u_base": [0.6330693057944442, 1.3763183654800628e-05, 1.097646528672634e-05, 1.0063930164918042e-05, 9.128044406990414e-06], "v_base": [0.12557176504422168, 2.561929746521376e-05, 1.5278599089753875e-05, 1.2030011726458263e-05, 1.070422392737023e-05], "s": [0.2755591481252203, 0.00012797019176061803, 7.355008348650085e-05, 5.515045360717892e-05, 5.069077003780628e-05], "H": [0.13160086757338132, 0.001106234074665487, 0.0009628062188482299, 0.0006574232029690768, 0.0005905152962104928], "C": [0.017197684762510962, 0.0002533705690384351, 0.00022906652270297576, 0.00021082507182223307, 0.00019709878505659386], "steps": [0, 10000, 20000, 30000, 40000]}