{"fSSA1": [16.151850445987996, 0.00038723273912836056, 0.00023998816916130525, 3.951897789164902e-05, 8.264294113329864e-05, 0.0019062969102928012], "fSSA2": [76.16234612325603, 0.0004210499283742208, 0.00020809870888717472, 0.00010199328867750364, 0.00018767526007070775, 0.0019164202490222987], "u": [0.003385067279612494, 0.00011205683485106159, 2.707670972768579e-06, 2.71440952145089e-06, 2.1578557646677052e-06, 2.4661815878866806e-05], "v": [0.019512939254746137, 0.00039254010824091095, 1.0448700471271189e-05, 1.0631234316779601e-05, 9.358332758544158e-06, 7.741166549678644e-05], "s": [0.5717784782779143, 0.003941345502856842, 0.0017505299535377934, 0.0017932616301156072, 0.0011956188824331264, 0.0036224284956827956], "H": [0.13232103845974885, 0.007370573585493871, 0.006514872759904904, 0.006363361736315897, 0.006207898711074072, 0.008524609485166586], "C": [0.038173813575895575, 0.017177963103967173, 0.007773003673225376, 0.009229580894267906, 0.007134276909932345, 0.009495181543952723], "vel log": [0.006688600991127394, 0.005825287426392496, 0.00493432386880599, 0.004936456483101712, 0.004875457493573971, 0.0054285652502575575], "steps": [0, 10000, 20000, 30000, 40000, 50000]}