{"fMOLHO 1": [0.0005559196839884128, 1.0991311217739953e-06, 1.182159764845572e-06], "fMOLHO 2": [0.0003107133132273725, 8.140345482502563e-07, 8.597224074321607e-07], "fMOLHO base 1": [0.0003493806160863107, 7.706273365359309e-07, 8.258031444189514e-07], "fMOLHO base 2": [0.0001945896683075963, 7.323102511723378e-07, 7.752286943143338e-07], "u": [0.5442155289664194, 0.0003787044720734859, 0.00020963866403741831], "v": [1.3658675012425638, 0.00038917066150602275, 0.00022767056158966309], "u_base": [0.30637426333182405, 2.5644773200736934e-05, 2.0987931420609932e-05], "v_base": [0.17824937132129062, 6.10840339013426e-05, 5.0741546435855136e-05], "s": [1.8905591630327063, 0.0003737571736878851, 0.00030746159581584217], "H": [5.283428257034991, 0.009894663124575919, 0.0072101383842433356], "C": [0.062297744839771976, 0.0005586425061350016, 0.000533645984873448], "steps": [0, 10000, 20000]}