{"fMOLHO 1": [27.467395915184937, 0.0002766703397764874, 0.00019734387950594545, 0.0001337446359823104, 0.00012163181941399083, 0.000112790563289557, 0.0008361883051297874, 0.00015035510741010758, 0.00010416404951809525, 0.00011560178915834251, 0.0009743243480898591], "fMOLHO 2": [33.896120921798726, 0.0003238968114993046, 0.00028842512415594337, 0.00017861756927905773, 0.00018118979153352612, 0.00016802727266979647, 0.00039575617080054063, 0.00022362907761420384, 0.0001631179690515442, 0.0001718271375746027, 0.0007517289320471065], "fMOLHO base 1": [20.853074890182295, 0.00030032052284067584, 0.0001323710605964557, 0.0001480273199059128, 0.00010892023960069936, 0.0001033668958840121, 0.0006399296950242205, 9.969385120946012e-05, 9.571817169698732e-05, 9.376348924685016e-05, 0.00047083390007363865], "fMOLHO base 2": [20.632193922280734, 0.0005640953767919176, 0.0001584227128355476, 0.00015996122544752978, 0.0001269954239321689, 0.0001206909763387597, 0.0003041894509826279, 0.00011378416518068908, 0.00012476531289035256, 0.00012273455864794135, 0.00024252537193238135], "u": [0.11423725120972068, 0.0005026720113022308, 0.00020181668316221192, 0.00011785752631205224, 9.710081525249915e-05, 8.733129714671139e-05, 8.292391653815931e-05, 7.816376524271429e-05, 7.633737862879161e-05, 7.61909517863564e-05, 7.753090185858836e-05], "v": [0.3418766751387406, 0.0006445525536765281, 0.00018393274842028008, 0.00012061565124290839, 0.00010100109817579744, 8.749079824601153e-05, 7.852984154997855e-05, 6.802581589044158e-05, 6.407586740002106e-05, 6.303295745493387e-05, 6.720674316786117e-05], "s": [0.24807284536461255, 0.0007187801334790935, 0.001124035616339776, 0.001262435899867803, 0.0012982946208932016, 0.0013143680480576553, 0.0013564764265024817, 0.001358371078230834, 0.0013908355585509533, 0.0014118878796368771, 0.0013392494590807882], "H": [0.7624842447486433, 0.008194299856388509, 0.0054479300466459425, 0.004843622115870065, 0.004510940261982667, 0.0043363587422267855, 0.004358192638849503, 0.00402278760240384, 0.0039306726258318235, 0.0038207424549399614, 0.004678318696520517], "C": [0.03404313411324399, 0.011897644342036315, 0.010131850697554269, 0.009671769411203056, 0.009445058946141744, 0.009358560895613993, 0.009308979230555958, 0.009117338870822686, 0.009065867225317496, 0.00896157447040586, 0.00872312039788241], "steps": [0, 10000, 20000, 30000, 40000, 50000, 60000, 70000, 80000, 90000, 100000]}