{"fMOLHO 1": [0.003759538139472277, 3.6630200828151156e-06, 3.437930800502937e-06, 3.408390638108212e-06, 3.358679313537241e-06], "fMOLHO 2": [0.0007689276468304664, 5.659712007153565e-06, 5.391288833292184e-06, 5.31402785942149e-06, 5.171533879616963e-06], "fMOLHO base 1": [0.002334451274306534, 4.172757626514784e-06, 4.297110159239225e-06, 4.32731090108185e-06, 4.319083722991348e-06], "fMOLHO base 2": [0.0005173291587324111, 9.879881495764003e-06, 9.85449397169874e-06, 9.711313335054777e-06, 9.822506343319853e-06], "u": [0.049825564747035346, 5.3362977405237626e-05, 3.912610152875199e-05, 3.902275506497026e-05, 3.146203745618699e-05], "v": [0.11330283062049912, 3.601590411465219e-05, 2.834698967659704e-05, 2.3334063876389804e-05, 2.083257028096364e-05], "u_base": [0.33583329379517163, 1.0498413151131708e-05, 6.1277578988649455e-06, 5.263491676931866e-06, 4.805686890455248e-06], "v_base": [0.06745200299754252, 1.243319784940573e-05, 8.926988213008527e-06, 7.3595243336312e-06, 6.95705171572634e-06], "s": [0.662306394282682, 4.640196684289072e-05, 3.9180874056063564e-05, 4.1015142582872226e-05, 3.4693753690896275e-05], "H": [0.06731528434122269, 0.0004357909606246179, 0.00033751682339774083, 0.0004092172160429025, 0.00028915443150520507], "C": [0.024641759684235518, 0.0002450681166092118, 0.00020480217088749894, 0.00017999283242055094, 0.0001580569805641894], "steps": [0, 10000, 20000, 30000, 40000]}