{"fMOLHO 1": [0.04347731516987315, 1.7516761271333843e-05, 1.5881318395075773e-05, 1.4488103068066171e-05, 1.6191330603542763e-05, 1.3491164956369666e-05, 1.369909206984178e-05, 1.3070502600699859e-05, 1.3044172412498384e-05, 1.466736000211437e-05, 1.3656206956147433e-05, 1.3019139581107342e-05, 1.3470050334070855e-05, 1.3869921713385219e-05, 1.4592982173479603e-05, 1.3794808286756615e-05], "fMOLHO 2": [0.029254239802533652, 2.9614588630725547e-05, 3.0778169933348794e-05, 2.9640373126968597e-05, 3.0628359928197725e-05, 2.820935811947824e-05, 2.8520818212369102e-05, 2.883069564217562e-05, 2.904529049190779e-05, 2.6134237027821552e-05, 2.517952833425538e-05, 2.7562928771034393e-05, 2.6606280497626478e-05, 2.6117413105920488e-05, 2.57545972652771e-05, 2.630253225514021e-05], "fMOLHO base 1": [0.02543468728281023, 2.815834768470299e-05, 2.6884368587102336e-05, 2.665411321186134e-05, 2.6173957564897666e-05, 2.6349581923382702e-05, 2.636277686335792e-05, 2.620722079900538e-05, 2.624888343324929e-05, 2.6375893140802727e-05, 2.5836685328870498e-05, 2.6303830220451298e-05, 2.5986765882449354e-05, 2.604010568119594e-05, 2.5956316053995272e-05, 2.5864993265102137e-05], "fMOLHO base 2": [0.016437925262853814, 7.361828155049772e-05, 7.214753348534806e-05, 7.194967343200296e-05, 7.10242250024498e-05, 7.104728073049431e-05, 7.12479842971254e-05, 7.088556648206072e-05, 7.055975022977697e-05, 7.065258539351769e-05, 6.984270669376656e-05, 7.029568714980806e-05, 6.990110292410946e-05, 6.999717271831862e-05, 6.952540584375992e-05, 6.964748473650969e-05], "u": [0.25908884809543353, 6.017418727968765e-05, 3.5571350556508994e-05, 2.9768397044316635e-05, 3.928584443758198e-05, 2.5800817459733924e-05, 2.4608430015373982e-05, 2.3935854143572877e-05, 2.323495482574954e-05, 2.2807546698495444e-05, 2.253568386894907e-05, 2.2494899155807947e-05, 2.0614297591127213e-05, 1.971683076244371e-05, 2.0326776934808943e-05, 1.8226526474256197e-05], "v": [0.07969115624417925, 4.0776032025658706e-05, 2.5535959721719846e-05, 2.1662613049222552e-05, 3.4530401930323425e-05, 1.8401465958540306e-05, 1.7747838533802803e-05, 1.7270780519891614e-05, 1.7876929273625412e-05, 1.5839972148113964e-05, 1.6822929272926007e-05, 1.4072383431019064e-05, 1.3796411429017877e-05, 1.3734757843706646e-05, 1.3923852109625548e-05, 1.326026648921498e-05], "u_base": [0.5072944592198187, 1.0922957895413681e-05, 8.158230401944314e-06, 7.902022418184954e-06, 6.662740398418274e-06, 6.390391503000752e-06, 5.766887698326741e-06, 5.300451284873882e-06, 5.024616507630766e-06, 4.674544174500901e-06, 4.89226987586211e-06, 5.239321631015984e-06, 4.4765228049427625e-06, 4.57078447082007e-06, 4.0758857960325175e-06, 4.173332147423981e-06], "v_base": [0.11640500067383647, 1.776510394371226e-05, 1.167345495420195e-05, 1.0871321588462838e-05, 9.12306501874291e-06, 9.367900270228144e-06, 8.907108973693026e-06, 8.513692989269956e-06, 8.255596738376133e-06, 1.0770110412767432e-05, 1.1073467234766826e-05, 8.542112403258253e-06, 8.356524491149021e-06, 9.117656358100223e-06, 7.694468749048985e-06, 7.654827011947493e-06], "s": [0.9512556450034277, 5.343998103897383e-05, 4.3898770267271135e-05, 3.6661430732691844e-05, 5.760214430908304e-05, 3.5437300293061284e-05, 3.4350585064798185e-05, 3.970692224777667e-05, 3.898959341397654e-05, 3.74360383153764e-05, 3.898953816105976e-05, 3.3482301119440325e-05, 3.199192396315732e-05, 3.271342834367638e-05, 3.231875004751087e-05, 3.123986133590458e-05], "H": [0.04224145961363493, 0.0004719204676895668, 0.00034517807695995135, 0.00031359587069780764, 0.00037898866838795303, 0.00029081321932838023, 0.00028088826111215406, 0.00030451197890852454, 0.00028118733223191225, 0.00028498129995955255, 0.00029646719361614554, 0.00024820547982287917, 0.0002451644867662941, 0.00024259696904511851, 0.0002443515940250734, 0.00023094937066452998], "C": [0.04157872259648433, 0.00026075684818586476, 0.0002076629493931835, 0.00018108297864179575, 0.00016892163654723012, 0.00015322549211500857, 0.0001397594374691231, 0.00013347281030416102, 0.00012187148687359468, 0.0001139030093971086, 0.00010943152327944494, 0.00010106758557496886, 9.695682436452202e-05, 9.315581869488094e-05, 9.53144553525449e-05, 8.650516130705506e-05], "steps": [0, 10000, 20000, 30000, 40000, 50000, 60000, 70000, 80000, 90000, 100000, 110000, 120000, 130000, 140000, 150000]}