{"fSSA1": [15.164977952467746, 0.0035212476644804567], "fSSA2": [79.76061742885396, 0.013178619632351807], "u": [0.0032784452494086735, 6.453190918474728e-06], "v": [0.01742247652462329, 0.0003083346840500769], "s": [0.5078558131851573, 0.015515979276026153], "H": [0.13232103845974885, 0.029231836842748753], "C": [0.041061399800751894, 0.035265250591156434], "vel log": [0.006640879805698979, 0.0055294774422739255], "steps": [0, 1000]}