{"fMOLHO 1": [139.87382121405506, 0.005114676950721274, 0.005116654200317352, 0.0019185858534676292, 0.011193326927632785, 0.004556933974407487], "fMOLHO 2": [157.02264332561322, 0.0076354744531753884, 0.006612957391760761, 0.007195588566011645, 0.00041873459468869594, 0.0019631190653305024], "fMOLHO base 1": [83.92987440944164, 0.0017370036989691015, 0.0022882965123214687, 0.0007516926989921106, 0.0003138382131648934, 0.000554601536572], "fMOLHO base 2": [99.72175236773084, 0.0011693233736451015, 0.003931364502487669, 0.0010531392651557516, 0.00047936165148783013, 0.000580785988126362], "u": [0.09743155875620696, 0.0014644095301066394, 0.0010273760749806545, 0.001025461787809419, 0.0011006248807978155, 0.0011971839388173382], "v": [0.08335663943926372, 0.0033523727763611773, 0.002803380991841634, 0.003013658013352941, 0.003392852159199175, 0.0032730139324708774], "s": [5.504366617832644, 0.4892682388034365, 0.49005220763869145, 0.4894060954464143, 0.4911673095572767, 0.49072366267589046], "H": [4.976195093741254, 26.88517037883443, 9.945779007139851, 14.59275637214399, 19.302986518463676, 11.521942566834904], "C": [0.06017978020807001, 0.02688667299768511, 0.01570681607201278, 0.00706984111322818, 0.009386604519289389, 0.010015006590145504], "steps": [0, 10000, 20000, 30000, 40000, 50000]}