{"fSSA1": [18.906584324389687, 0.0021121302545929863], "fSSA2": [176.21226978478822, 0.010459320600671443], "u": [0.02689175960761614, 8.652879266866193e-06], "v": [0.2016160184904036, 8.164349358532186e-05], "s": [1.6582496523004622, 0.0254222983688114], "H": [1.911294366177056, 0.02823153753387946], "C": [0.03200046651135492, 0.04468570619198215], "vel log": [0.007276426695747411, 0.0051357661818899674], "steps": [0, 5000]}