{"fMOLHO 1": [0.02890997849117536, 2.123102277129296e-05, 1.4824214186237752e-05, 1.2955807362082803e-05, 1.2013233481993086e-05, 1.0732521936465708e-05, 1.0694811550684815e-05, 1.1248742494089029e-05, 1.0368735303292341e-05, 1.1086199305947089e-05, 1.0437303848719333e-05, 1.0096059559179314e-05, 1.0706200510453507e-05, 1.0473577230153525e-05, 1.009863676338163e-05, 9.203748337693323e-06], "fMOLHO 2": [0.015289612632724131, 2.625355718634829e-05, 2.1099042037855367e-05, 2.2054905769078403e-05, 1.8455458436488548e-05, 1.956065531360227e-05, 1.85066518653631e-05, 1.894476444357842e-05, 1.7431391269166236e-05, 2.1645098481934623e-05, 2.1720432255823012e-05, 1.8256573821421107e-05, 1.6539915928895204e-05, 1.7619454893262478e-05, 1.649810082873353e-05, 1.8788733723325695e-05], "fMOLHO base 1": [0.017760873272540407, 2.1352576952267193e-05, 1.784203156277086e-05, 1.7133982323476532e-05, 1.5997419867555338e-05, 1.5645270816536107e-05, 1.5520585872620377e-05, 1.5486931252944577e-05, 1.5356819903033792e-05, 1.5292943014725544e-05, 1.5418840417628004e-05, 1.517032380859631e-05, 1.4958989465995937e-05, 1.4851310646089824e-05, 1.4693940239916972e-05, 1.4829003011938882e-05], "fMOLHO base 2": [0.009603531633217706, 4.195996510323299e-05, 3.9588388184293664e-05, 3.872804175539858e-05, 3.859893613369042e-05, 3.8270140908309785e-05, 3.817816407720206e-05, 3.8162301190830473e-05, 3.790507548070408e-05, 3.7510352718392035e-05, 3.801914036080723e-05, 3.76736713360224e-05, 3.747984566733129e-05, 3.7577447919583094e-05, 3.742306373480984e-05, 3.755380547033856e-05], "u": [0.441982214768894, 0.00021512160008240968, 7.764811825941753e-05, 4.974821613929056e-05, 4.1533938702053835e-05, 3.931754584416943e-05, 3.6048795201179655e-05, 3.3785586775616136e-05, 3.263168500811721e-05, 3.104371607989666e-05, 2.933367435504643e-05, 2.6584138939299615e-05, 2.606578123099363e-05, 2.4351754619114437e-05, 2.3554826052744496e-05, 2.2969061844546743e-05], "v": [0.3204384186495293, 0.00022637621295512646, 7.473461496753941e-05, 4.8165133926882554e-05, 3.681712162383447e-05, 3.109220163055802e-05, 2.668958999947381e-05, 2.4546586009630133e-05, 2.587527661241583e-05, 2.633562369643808e-05, 2.574307622326456e-05, 1.9407678959650233e-05, 2.107172936179396e-05, 1.81161192809379e-05, 2.0609891241516133e-05, 1.8838585033478796e-05], "u_base": [32.04383031057602, 0.00023098142477311659, 0.00010911893642140133, 7.487120880484929e-05, 6.03827405335617e-05, 6.497788206398706e-05, 5.2540165236038836e-05, 4.7434586425357174e-05, 6.394038599330627e-05, 6.778628715822353e-05, 5.1618185277042765e-05, 3.5162157166019226e-05, 3.7454746692093916e-05, 3.400804686334668e-05, 3.075221132422151e-05, 4.01551869616589e-05], "v_base": [22.65178778739993, 0.00018167039706812335, 0.00010761660844168047, 0.00010430752223979598, 6.069394196752775e-05, 5.224339222819839e-05, 4.3076228425642014e-05, 4.684181988945893e-05, 7.673909193761186e-05, 0.000145560162958235, 0.0001541298204417066, 3.445133913945819e-05, 6.50954658346067e-05, 3.000067393446719e-05, 7.582474380762032e-05, 3.332562078185957e-05], "s": [1.3120616960404095, 0.00012676679701946375, 7.136149350796787e-05, 5.449267787815281e-05, 4.7736663062174744e-05, 4.432109468960624e-05, 4.242521768509447e-05, 4.147647510986869e-05, 4.101868326683506e-05, 4.026284185359703e-05, 3.97492741465396e-05, 3.7105617940969225e-05, 3.657300142615583e-05, 3.5119854598031176e-05, 3.4681451082409166e-05, 3.4382978257615875e-05], "H": [0.16190886195608126, 0.0009932970274290662, 0.0006135039730729096, 0.0005043865618799951, 0.00046204989595958486, 0.00042311241703400256, 0.00039556917455554907, 0.00037671307679792076, 0.00037659336629390346, 0.00038304283226471087, 0.00035420702540394245, 0.0003303308163533061, 0.0003317552599378852, 0.00030871381202946213, 0.0003048399981740074, 0.0003141535799158857], "C": [0.030092682171690865, 0.00029083740437731116, 0.0002755592699110771, 0.00026760258034037735, 0.00025055749499761017, 0.00023435663602038452, 0.00022366040746833718, 0.00021563983127386309, 0.0002094681766181302, 0.00020410148171827322, 0.00019765087977485652, 0.00019228129900593856, 0.00018813964341169318, 0.0001833576996002566, 0.00017909726018576047, 0.00017516545692080753], "steps": [0, 10000, 20000, 30000, 40000, 50000, 60000, 70000, 80000, 90000, 100000, 110000, 120000, 130000, 140000, 150000]}