{"fMOLHO 1": [6.831930999388482e-05, 6.078916906537187e-07, 5.298476719886904e-07, 5.045045343021917e-07, 4.92799447290647e-07], "fMOLHO 2": [2.000724958103706e-05, 4.3890253723125745e-07, 4.4329005979249726e-07, 4.718395843104076e-07, 4.590182175375603e-07], "fMOLHO base 1": [2.6643564693453326e-05, 4.649823794494894e-07, 4.167129159466269e-07, 4.055787378346699e-07, 3.95505754418977e-07], "fMOLHO base 2": [1.163833013542096e-05, 5.314903439130607e-07, 5.353628827274203e-07, 5.554974711542341e-07, 5.44708039088985e-07], "u": [0.10515814840766989, 0.0006398403607351621, 0.0004339698944954878, 0.0003763295705791549, 0.0003258146217366525], "v": [0.1779244062353899, 0.0005731433588987491, 0.0004773974504996186, 0.0004692685905086707, 0.00042579987080412036], "u_base": [26.96279531643496, 0.0007811687675751671, 0.0005542231984354737, 0.0005791925069705608, 0.00045043144552729333], "v_base": [4.710814900180351, 0.0008401802741669567, 0.0006678506443681321, 0.0005827506137686617, 0.00046420186566766073], "s": [3.023180669761253, 0.001463783720428745, 0.001125727215104096, 0.0010514939556326161, 0.0009419459695295838], "H": [8.76476884123717, 0.027236332583313067, 0.02189182052732731, 0.020555236832194703, 0.017009976225302575], "C": [0.08858353338356968, 0.0006144788914812125, 0.0005932460373690629, 0.0005821566153509022, 0.0005733552860810456], "steps": [0, 10000, 20000, 30000, 40000]}