{"fSSA1": [594.6230175678404, 0.009223735061653733, 0.007373234553403797, 0.002172503544624138, 0.007543744537450223, 0.0008922084964026142, 0.002295569181399775, 0.000545020438578743, 0.0007592270184247436, 0.0002975774837445326, 0.001093281633963911], "fSSA2": [320.6911785268811, 0.007049413900729585, 0.002792075721327142, 0.0012970962061721924, 0.009442215044669787, 0.0005450893856141398, 0.0008886373557918835, 0.00020694193140710054, 0.0013261209599201922, 0.00019170778454896467, 0.0009021610198762162], "u": [2213.6953900571716, 0.005154928371809991, 0.002811700824011384, 0.00035180800536206003, 0.0017317322042224221, 0.00023091906549717943, 0.0003380090383166782, 0.00024010740296069604, 0.00018956643476078077, 0.00017904518400419298, 0.00017842537517816264], "v": [1089.9914250294983, 0.016619011914629986, 0.004660493621312208, 0.0005454414329068484, 0.0015862355337488874, 0.00028957406023287025, 0.00018908924318803653, 0.00026568484713965473, 0.00022637090107966462, 0.0001544242943765772, 0.00019807420289468463], "s": [58.05352065753973, 0.00440903991751499, 0.0025489255195235458, 0.002317445864191786, 0.0028458517396254125, 0.0021623423173495423, 0.002103973761911114, 0.002019912142688127, 0.001966966467298554, 0.0019221541386519247, 0.001925535768432833], "H": [0.674305587421694, 0.003698304284403921, 0.0012465234818999046, 0.0006898589557230752, 0.0005772773165018303, 0.00038878408604185575, 0.000327654268146223, 0.00028992048015963773, 0.0002483152395978584, 0.0002245059257789619, 0.00020846587721316934], "C": [0.5575237220364435, 0.0210840180832705, 0.007965115975714511, 0.007203342560465943, 0.007767257082990126, 0.007040400843502566, 0.006931290663966248, 0.006688340801913707, 0.0063177813294233885, 0.006097396606995651, 0.005832417787413312], "steps": [0, 10000, 20000, 30000, 40000, 50000, 60000, 70000, 80000, 90000, 100000]}