{"fMOLHO 1": [0.00601961303647609, 7.732886805280417e-06, 6.04830343528105e-06, 5.861172857250587e-06, 5.550936181569584e-06], "fMOLHO 2": [0.0018591622537598974, 1.2772932724839012e-05, 9.72925170059269e-06, 9.302941742297942e-06, 8.679973553152147e-06], "fMOLHO base 1": [0.0038169402145974336, 9.352384229261497e-06, 8.150434054370105e-06, 8.068681056748068e-06, 7.919456650347852e-06], "fMOLHO base 2": [0.0012703977290573776, 1.9651526187942212e-05, 1.919512971993898e-05, 1.916935046948796e-05, 1.914347285936221e-05], "u": [0.43337081123936166, 4.7438315650621854e-05, 3.277120498114382e-05, 2.8494620377877452e-05, 2.558071650420276e-05], "v": [0.2348931362486571, 6.82370270836648e-05, 2.619934588113679e-05, 2.387412803030771e-05, 2.3425275846720855e-05], "u_base": [0.1577969870707154, 8.785787059243996e-06, 6.717576270721984e-06, 5.9446478113590205e-06, 6.039015845440328e-06], "v_base": [0.18589405876435816, 1.848796135233393e-05, 1.2111404641371538e-05, 1.0928103480385933e-05, 1.0562277877485834e-05], "s": [0.8214074165116795, 0.00011175356610470491, 3.788140498728227e-05, 3.405317079954271e-05, 3.5404918469262114e-05], "H": [0.062099611744382964, 0.00040569284184717674, 0.0003128912621479729, 0.0002877579841361712, 0.00029811174766541297], "C": [0.030045952030635693, 0.00022743417519325107, 0.00018345379647388325, 0.00016139957047133806, 0.00014838731756191547], "steps": [0, 10000, 20000, 30000, 40000]}