{"fMOLHO 1": [61790.95925729797, 2240.8985883923524, 2281.1064628829217], "fMOLHO 2": [893416.0523053252, 4776.680783052934, 4835.362979072473], "fMOLHO base 1": [13803.713469649489, 13456.057870151893, 14009.48249213726], "fMOLHO base 2": [268963.0153182866, 33721.2872236895, 33787.022655716086], "u": [590.2513647402695, 22.21754562883476, 33.993788982666004], "v": [478.83690736591944, 39.499594313920454, 54.75321801146012], "u_base": [204205547431048.7, 159408046107.49927, 38026140468.551315], "v_base": [4206223883830233.5, 115150854356.0331, 31918318689.510338], "s": [3.0246136741686014, 21.571312615146947, 17.56752769490011], "H": [6.003834874563135, 3.2699889387964984, 3.492549300140302], "C": [0.11224554729464052, 0.08269787661909914, 0.07822706003189754], "steps": [0, 10000, 20000]}