{"fSSA1": [18.906584324389687, 0.0030598109690596754], "fSSA2": [176.21226978478822, 0.0055412529366727255], "u": [0.02689175960761614, 1.7332287150149483e-06], "v": [0.2016160184904036, 3.037038167341499e-05], "s": [1.6582496523004622, 0.007094188666431626], "H": [1.911294366177056, 0.028026616182410355], "C": [0.16246893558173592, 0.014031623160879428], "vel log": [0.007276426695747411, 0.004806370247890887], "steps": [0, 5000]}