{"fMOLHO 1": [74.79646595226157, 0.001712952606787613, 0.0009090714129931038, 0.0009424049219272269, 0.0008736015821289893, 0.0007366287230309652, 0.0006872419002908588, 0.0006257299059040284, 0.0007219396475548897, 0.0006500767230277876, 0.0006773186224328097], "fMOLHO 2": [83.44004063334773, 0.003204813730025822, 0.0023331310217827857, 0.001833543194916988, 0.0016837188055522465, 0.0017656845616648943, 0.0014096222775739945, 0.0015153221037789487, 0.0012752729041781746, 0.0012075734072163097, 0.0011122747127494642], "fMOLHO base 1": [72.56170231621434, 0.00227981467350159, 0.0018516990213782096, 0.0018340659896470273, 0.0014126825044794022, 0.002021162712152668, 0.0021796363544180322, 0.0015576273787968886, 0.0016364894820629868, 0.0015376114606174952, 0.0016710038766811486], "fMOLHO base 2": [86.95054419725615, 0.009558157933206407, 0.006870205682672489, 0.005592189198720662, 0.008078333034577317, 0.007130714874591059, 0.008024906151002584, 0.006089994008771407, 0.006313804885620211, 0.008065064649958252, 0.006780638629897837], "u": [792.1484918333365, 0.0023032636957860107, 0.0012711393738247183, 0.00103022140448062, 0.001490600815439991, 0.0007907485037380467, 0.0008345126979252129, 0.001011513410723211, 0.0008721888882862976, 0.0009615958940489285, 0.0008456843703471289], "v": [887.1176999425428, 0.003306391915291047, 0.003058602726154237, 0.004511099659400355, 0.0021849315785910876, 0.0023959681902005958, 0.001839873973361139, 0.0026858520326066672, 0.0023048785689463802, 0.0015196850069827425, 0.0019096042061730156], "u_base": [6.427981270290626, 0.01954976804503214, 0.009679937656298255, 0.006595759468113137, 0.005190329002335597, 0.0042352310177712835, 0.003609244076105131, 0.003189238704423816, 0.0029797592197499745, 0.0026328564603635, 0.0023703648453777333], "v_base": [21.534095871780625, 0.06819028882906414, 0.033412374239135775, 0.021040783165868028, 0.016513058844320895, 0.01444320448501684, 0.012004684873024302, 0.011282916649228357, 0.010065332690511082, 0.009158216012628242, 0.007507111395967982], "s": [0.6147509581373387, 0.048681908761321335, 0.04907146592170005, 0.0491301492785594, 0.04920217549901654, 0.04923175422544944, 0.04924966159526411, 0.04926856102655097, 0.04929621923375098, 0.04929598211054971, 0.049281149556669], "H": [0.9669386093841489, 0.012269255434953802, 0.008717586121987886, 0.008064913253238633, 0.0069821933541484, 0.006314849596565953, 0.005807601553371432, 0.005453277862086466, 0.005201770352366001, 0.004934450227999584, 0.004668423845044585], "C": [0.04848836913106097, 0.0021507242700170514, 0.0008519138429709156, 0.0006304302987762147, 0.0005082676624631585, 0.0003810666454788705, 0.000349802129056206, 0.0003657147732785684, 0.0002655488620665053, 0.0003150053350063942, 0.00027046079647392087], "steps": [0, 10000, 20000, 30000, 40000, 50000, 60000, 70000, 80000, 90000, 100000]}