{"fSSA1": [47.753562380771065, 0.0005360896172036161, 0.009053684309515145, 0.0002167171756149572, 0.0002016582935387735, 0.0010603873268472694, 0.00021257500345529435, 0.0014113190243704606, 7.360118236280418e-05, 0.0006176022973215643, 0.0005247612657815376], "fSSA2": [58.46407628558007, 0.0011389474786108588, 0.002286368944132271, 0.00011219848103467655, 0.00014759003785033388, 0.0007946086381042148, 0.00022572602880246138, 0.000747859299018184, 0.0001374518104743464, 0.0002145002389344388, 0.00021613111309711422], "u": [0.0054601198006450045, 1.911767875046631e-06, 8.08200204645929e-06, 1.1118082070898633e-06, 2.5442386972495573e-06, 1.4391526014211526e-06, 1.4048099685396185e-06, 1.1806602635973314e-06, 1.4285062205154552e-06, 1.0873860720974897e-06, 1.0749363578027195e-06], "v": [0.01146977090428004, 8.186125367596527e-06, 2.2985815601487004e-05, 4.275640101429714e-06, 9.21175379694101e-06, 6.9487147429006454e-06, 5.946803541084003e-06, 5.5443741634175536e-06, 6.179802803630778e-06, 4.568422258998729e-06, 3.8635560108534205e-06], "s": [0.4708383392962397, 0.004121742620708887, 0.004236391922955995, 0.0025070756868397566, 0.002083421652264215, 0.0018897355153266343, 0.0018741465771840579, 0.0018561909139013283, 0.0018627874504304658, 0.0017814012723870191, 0.0017082618572292316], "H": [0.22602765874418915, 0.01970551374211904, 0.0160155678174496, 0.010939954025382946, 0.0089789808915997, 0.007850780884851844, 0.007352965217867175, 0.00714661227325507, 0.007058205976349553, 0.006979798461805401, 0.006887577618410208], "C": [0.060263476175534236, 0.0028875263450090535, 0.002940675270844764, 0.002381197493965962, 0.002771652780938978, 0.001930186088650164, 0.0018467534421024072, 0.0017818136322858467, 0.002007052134749707, 0.0017436735160115803, 0.001717076853537999], "steps": [0, 10000, 20000, 30000, 40000, 50000, 60000, 70000, 80000, 90000, 100000]}