{"fSSA1": [180.55623922134706, 0.03811636570286577, 0.0010637750925208912, 0.0014830136056129333, 0.00021778160619560257, 0.0005793427648648501], "fSSA2": [142.4097297399698, 0.005681261191361944, 0.0005694030810926541, 0.000547792206956079, 0.0001825912766073827, 0.0004755823541495843], "u": [524.055177428823, 0.02405385455658521, 0.0007189396578979678, 0.0006096352457743881, 0.0003771929544447129, 0.00043633122823314786], "v": [556.5276714788305, 0.0057225544794363495, 0.001172344677150885, 0.0008573659599884133, 0.00044621664123987667, 0.00041691550142939536], "s": [0.5937228411300944, 0.021253107703776645, 0.002165419146666935, 0.000534205180677243, 0.0001221291601379424, 0.00036206449467755103], "H": [0.9446200171171104, 0.006875229634704031, 0.004044090352290416, 0.0032081468222822777, 0.0023621090407756834, 0.002130884267381787], "C": [0.06992301429957892, 0.018104561162786494, 0.0034197530388410187, 0.0020903298209483693, 0.0016787198020626808, 0.001893871167176834], "steps": [0, 10000, 20000, 30000, 40000, 50000]}