{"fMOLHO 1": [198.05658973781124, 0.0005857346069270118, 0.0002567166157875598], "fMOLHO 2": [180.4322049570666, 0.0007109954770940118, 0.00028124758401509685], "fMOLHO base 1": [120.85399091869294, 0.00043650299550817813, 0.0001856141075136089], "fMOLHO base 2": [110.49654811152793, 0.0005401318477682632, 0.00021324212406985212], "u": [0.06716547623045434, 0.0008273146382198714, 0.00021885820157659078], "v": [0.15244738791362847, 0.001019694226814662, 0.0002485318095841449], "s": [0.9807313653015294, 0.0008409516127847994, 0.0008470201620882139], "H": [0.8345143057135189, 0.011209224627840268, 0.006336875436824912], "C": [0.08445049622570092, 0.008773368473424536, 0.006879204552658762], "steps": [0, 10000, 20000]}