{"fSSA1": [212.71527210019576, 0.013723108784859822, 0.0020360539472968953, 0.000437270243166432, 0.0007888942852591985, 0.00031796648733486147, 0.0022592132070710044, 0.0022089508853999707, 0.0003059900783407349, 0.0002293470303266017, 0.0002960304744353614], "fSSA2": [251.66991673374025, 0.023692381259342726, 0.0012638898600190597, 0.0003221258898168538, 0.00047872856779107256, 0.0002964221170731908, 0.0006606398256354438, 0.0008065017375194487, 0.00028280092432800025, 0.00018211278925270972, 0.00034679194234186783], "u": [327.49612868153775, 0.005829047065007206, 0.0005163180293038242, 0.0002370650768552871, 0.00020504592993962324, 0.00017149807783636495, 0.0004439440260587039, 0.00021680511472962303, 0.00015596675543650098, 0.00011947052492115683, 0.0001343089491590685], "v": [1058.927695671877, 0.008330146861396907, 0.0005646116170552447, 0.000326385830451669, 0.00019740152793779015, 0.00016701889915683832, 0.00025363358877501183, 0.000312087917578846, 0.00015040580995301375, 0.00014120164809817013, 0.00012932831243845004], "s": [3.610350517486737, 0.002379609401482254, 0.00040327596976420284, 0.000314658702626819, 0.0002963880886497504, 0.0002903243138946862, 0.0002865256115725868, 0.0002939659000132754, 0.00027146721780567715, 0.0002682255283092211, 0.00026660993511651147], "H": [9.768522906384959, 0.010549594156184146, 0.002186748553225393, 0.001337492220532901, 0.0009269875777169108, 0.0007666189616679908, 0.0008703582823735328, 0.0006157270974973968, 0.0006378025986475236, 0.0006704912758451575, 0.000530896338662508], "C": [0.08154816481107575, 0.009953020210447805, 0.002971949684607817, 0.002331001223322776, 0.0018466016398020022, 0.0017191106740181254, 0.0018089648785566549, 0.0016131448061954443, 0.0015810661421186605, 0.0015213402372887563, 0.0015000823616716185], "steps": [0, 10000, 20000, 30000, 40000, 50000, 60000, 70000, 80000, 90000, 100000]}