{"fMOLHO 1": [0.00015460168215117724, 1.935621611946425e-07, 1.8915706983837123e-07, 1.7286320017586073e-07, 1.7258689377531985e-07], "fMOLHO 2": [6.82466620510047e-05, 2.668479327007161e-07, 2.7034781044005816e-07, 2.6408346031421754e-07, 2.574949485545962e-07], "fMOLHO base 1": [9.373495128074114e-05, 2.0274538822223075e-07, 1.998178008879299e-07, 1.9326415575262528e-07, 1.936843889835998e-07], "fMOLHO base 2": [3.609812346615439e-05, 4.087278288175398e-07, 4.1189497193490065e-07, 4.0820542684483675e-07, 4.090702668460748e-07], "u": [0.07169430869505611, 5.028405346788508e-05, 3.6277874292663974e-05, 3.1651154497015976e-05, 2.9373848422657892e-05], "v": [0.09795236350895158, 3.789419920005902e-05, 2.7408914483134463e-05, 2.334100646476652e-05, 2.064163047722485e-05], "u_base": [0.24290934230862324, 1.0021775625148416e-05, 6.788233978846099e-06, 5.1533343931664615e-06, 4.263934556380745e-06], "v_base": [0.20798309785262534, 1.5525539819386292e-05, 1.052015938547115e-05, 9.225826041397263e-06, 8.35802574353884e-06], "s": [0.6459461909970883, 5.051649146706354e-05, 4.343692548566084e-05, 3.7151698791093075e-05, 3.43646557831991e-05], "H": [0.05503197240495117, 0.0004703080432061228, 0.00040749564240388374, 0.0002930696573371518, 0.000273526732246866], "C": [0.009861792121874442, 5.8393774093466405e-05, 5.6004716399071055e-05, 5.3771461395879115e-05, 5.123508859599497e-05], "steps": [0, 10000, 20000, 30000, 40000]}