{"fMOLHO 1": [0.010581575275323659, 3.485643715858202e-05, 3.317350646771141e-05, 3.115215388746992e-05, 3.005483862667251e-05], "fMOLHO 2": [0.03211505615142815, 1.153592788373152e-05, 9.791021256796582e-06, 9.294148321048492e-06, 8.820647815092209e-06], "fMOLHO base 1": [0.006588231266599179, 4.685161742053031e-05, 4.537840334569624e-05, 4.4167704891019394e-05, 4.328203243426034e-05], "fMOLHO base 2": [0.019825777294825604, 1.1453920166932727e-05, 1.0265346022461012e-05, 9.921860454270322e-06, 9.675295389118135e-06], "u": [0.1214966452717478, 1.7289166029171422e-05, 7.1016440898933945e-06, 5.719071291081568e-06, 5.300149305056714e-06], "v": [0.023127597003900158, 2.0203270950314295e-05, 8.759361627084028e-06, 7.2035450847458136e-06, 6.266509782839533e-06], "u_base": [13.28614345988341, 1.4726318368851098e-05, 1.1087591444495588e-05, 4.76516635333005e-06, 4.423409463967168e-06], "v_base": [7.915014310713048, 1.090034141947074e-05, 5.036640059270587e-06, 3.6772509043767104e-06, 3.302437805993476e-06], "s": [2.3532807551217356, 2.351006805697655e-05, 1.9804627106894952e-05, 1.765139692481746e-05, 1.7261338906450327e-05], "H": [0.09166184039923363, 0.00054747016654957, 0.0003238185393013216, 0.0002733983086180491, 0.0002568789339979497], "C": [0.032415429011686286, 0.00010350687719809679, 4.249056478585488e-05, 3.2970266757289975e-05, 2.719914427442048e-05], "steps": [0, 10000, 20000, 30000, 40000]}