{"fMOLHO 1": [0.00028987402393290153, 1.4698797670302908e-06, 1.4622077064646678e-06, 1.5680146045276625e-06, 1.6354107355007378e-06], "fMOLHO 2": [0.00011239662939215547, 1.0609104227044703e-06, 1.0044344454465185e-06, 1.0260526765875201e-06, 9.384081160178964e-07], "fMOLHO base 1": [0.00017407090029892866, 1.0088201784980009e-06, 1.008377425041426e-06, 1.0816202231380659e-06, 1.1252462250213324e-06], "fMOLHO base 2": [5.7189597579484523e-05, 8.783407850888828e-07, 8.538393279223963e-07, 8.754316203764414e-07, 8.209551370925209e-07], "u": [0.46694456743430324, 0.0003049579733035064, 0.00020177384663054107, 0.00017315652601891692, 0.000147161817948767], "v": [0.20206012743972074, 0.0004255499891534771, 0.00026838530055970885, 0.00020322745027135348, 0.00017498693509709854], "u_base": [0.5274212930972906, 2.9541735373154752e-05, 2.2607729121004928e-05, 2.0411279933039766e-05, 1.8489223341997534e-05], "v_base": [0.5028787303572914, 7.865569001119506e-05, 7.009860924126705e-05, 6.271550455412073e-05, 5.577102604655439e-05], "s": [0.9138586533608433, 0.00039811692010377, 0.0003068995482041957, 0.0002673755085201798, 0.00023599677549778462], "H": [1.446193255795985, 0.008688129270458908, 0.0065823566130122305, 0.00559378583281591, 0.004958714244560754], "C": [0.28670979056932344, 0.0010586949087667884, 0.000997179203086845, 0.00091592524729987, 0.0008617292345603766], "steps": [0, 10000, 20000, 30000, 40000]}