{"fMOLHO 1": [0.00429859405309077, 2.325540131505176e-05, 1.383028925427771e-05, 1.2037118306284325e-05, 1.1342246483767962e-05], "fMOLHO 2": [0.003631075008141476, 2.7032572050806347e-05, 2.344384543413247e-05, 1.9285782606690528e-05, 2.0850628377316223e-05], "fMOLHO base 1": [0.002490782651540667, 2.230765106762509e-05, 1.7550489666960848e-05, 1.6216641098181722e-05, 1.601006277748487e-05], "fMOLHO base 2": [0.0020119012745637155, 4.3136859882773914e-05, 3.914308032574527e-05, 3.8572085738210866e-05, 3.8072823412159404e-05], "u": [0.22771961329401388, 0.00015517539170671894, 6.162705028349862e-05, 4.614329443829138e-05, 3.9804503781335205e-05], "v": [0.239273682842628, 0.0002057300734513026, 7.056525355028606e-05, 4.2918995889931154e-05, 3.883616083301793e-05], "u_base": [33.259398596523056, 0.00022938518898855527, 0.0001315159681114631, 6.938890307555124e-05, 7.355927417711823e-05], "v_base": [12.596661250359093, 0.00021897408214203025, 0.00018596309013022778, 6.418322895733747e-05, 8.44653572239267e-05], "s": [0.41093593106786164, 0.00014830568143847547, 6.772446621667669e-05, 5.466263752864341e-05, 4.9410867744401605e-05], "H": [0.06959406917231864, 0.0009723437396105931, 0.000521380223319665, 0.0004427929412204751, 0.000408183020458355], "C": [0.0699344270216791, 0.0006047421705799107, 0.0005177844085717377, 0.00043308350866112577, 0.0003927436530763309], "steps": [0, 10000, 20000, 30000, 40000]}