{"fSSA1": [15.056367301988269, 0.005314817286434823], "fSSA2": [77.7268961047011, 0.011004791481430676], "u": [0.0031089710939599742, 1.7152160340381713e-05], "v": [0.01803822273161216, 4.553113817594098e-05], "s": [1.4099617058550842, 0.01273576142233687], "H": [0.16654968937639808, 0.02006152585005324], "C": [0.09887800387891463, 0.001412641768518203], "vel log": [0.006650179591089255, 0.005107748121345702], "steps": [0, 1000]}