{"fMOLHO 1": [163.70018804513026, 0.005291186265166583, 0.004922026100507155, 0.0009303238560667183, 0.004630380857890241, 0.0018688995989075653], "fMOLHO 2": [109.99597100681841, 0.0039898489002541705, 0.0069686639906671975, 0.004824094596110335, 0.010012138427858714, 0.0032380922228488354], "fMOLHO base 1": [68.58385380582725, 0.001711880666848677, 0.0029980469451678987, 0.0005365791871260467, 0.0035457012433757784, 0.0005997852844847845], "fMOLHO base 2": [50.52780804648889, 0.0017063466355578098, 0.0028637532994510743, 0.0017008643841427554, 0.004232723110896214, 0.002003362812611105], "u": [0.024204060132443493, 0.0013823315582188235, 0.001459740583079358, 0.0014489601290416758, 0.0013159171316104148, 0.0014905437163970608], "v": [0.07920572440360933, 0.004679816760240278, 0.004512421685562846, 0.004768406932478794, 0.003912494404494933, 0.004586729319375216], "s": [6.2596652509062345, 0.0021665693436788707, 0.004849681454206119, 0.0006159286135248481, 0.017855549320625407, 0.0007884337736037363], "H": [3.1168814225661134, 0.06966909110633161, 0.06496106578980917, 0.031860556681008054, 0.08754122400144303, 0.032451314602267696], "C": [0.20248291317618897, 0.01165380855158936, 0.01588538316117406, 0.01194120312537383, 0.01654646585443237, 0.011951158096622215], "steps": [0, 10000, 20000, 30000, 40000, 50000]}