{"fMOLHO 1": [77593.22600836029, 1774.525643649597, 2814.3964059242276], "fMOLHO 2": [950482.9245652205, 8794.12224296963, 10068.311079040945], "fMOLHO base 1": [76577.83915367983, 9875.741119498744, 9951.67946169448], "fMOLHO base 2": [842976.2505673417, 38050.929755483754, 35116.70028300233], "u": [3040.4469431092534, 9.759518248650561, 30.90095766341745], "v": [4505.531843462603, 115.4080307645551, 188.33982480586258], "u_base": [351107157813140.9, 324543791047.24963, 69073957153.01405], "v_base": [1.1793389506644462e+16, 277291113050.08356, 84857162032.73204], "s": [2.26427121616845, 10.952452856625394, 7.66414377739121], "H": [18.146502031772943, 3.978472129346701, 2.67099445955281], "C": [0.09264406445577868, 0.07731303111396415, 0.07384907592336366], "steps": [0, 10000, 20000]}