{"fMOLHO 1": [521.8448466607808, 0.004310237310480019], "fMOLHO 2": [457.0346558696883, 0.010194293386264831], "fMOLHO base 1": [375.61282968838, 0.0072574509779062615], "fMOLHO base 2": [365.4863416579849, 0.039282426674231014], "u": [855.8183905947103, 0.03983705144153846], "v": [1520.5495076318043, 0.0318326921023083], "u_base": [18.1994040927075, 0.008819156878448135], "v_base": [50.228710292829945, 0.08570873919177553], "s": [12.368639869795674, 0.08239500568639473], "H": [12.804738001235881, 0.05538787242949894], "C": [0.05821760953992065, 0.0009270776839064505], "steps": [0, 10000]}