{"fMOLHO 1": [0.00010815541663460808, 3.4297527663895595e-07, 3.5232422722621656e-07, 3.3321558835506123e-07, 3.429219800090291e-07], "fMOLHO 2": [7.793771607588924e-05, 3.558651195837366e-07, 3.6165065006550766e-07, 3.4428583813486825e-07, 3.4596421465414295e-07], "fMOLHO base 1": [6.3896253326174e-05, 2.921238829348895e-07, 3.01130565373155e-07, 2.910845361511864e-07, 2.9956638543613747e-07], "fMOLHO base 2": [3.545263384094989e-05, 4.7091076863039295e-07, 4.852169156813119e-07, 4.765029950096506e-07, 4.7505123701344527e-07], "u": [0.5981050169323096, 0.0005426568345393648, 0.0003843647471580847, 0.00029826167318176773, 0.000258719361012365], "v": [0.27911748400392705, 0.0006597278625527441, 0.0005009060118317677, 0.0004090617594172222, 0.00035276392595939203], "u_base": [54.768186806293656, 0.000646531025320492, 0.00040869519908024463, 0.00034852364014958937, 0.0003311710692009843], "v_base": [43.806722099098934, 0.0008465704810058842, 0.0005506982951131469, 0.000428812936963236, 0.00040042748452610654], "s": [7.684806384960823, 0.0011335752135289198, 0.0010497382191892615, 0.0009301102819176653, 0.0009107998341244035], "H": [0.7629956876120778, 0.006378681642952413, 0.0048213623278852875, 0.004241263655503556, 0.0039765826562879174], "C": [11.498705142042716, 0.020321030402620933, 0.011961534483462835, 0.009548050315567441, 0.007580614766740426], "steps": [0, 10000, 20000, 30000, 40000]}