{"fMOLHO 1": [46.430776024412765, 0.004123163810363068, 0.00086466873330574, 0.00032740787870572216, 0.0009451245760913057, 0.0008089198207850451, 0.00035153766351051803], "fMOLHO 2": [62.48136436172831, 0.0016339382600188332, 0.0005536011677704433, 0.00037103476913302155, 0.0007709718741055909, 0.00029364300432558634, 0.0002743124594649326], "fMOLHO base 1": [113.25994569562684, 0.015219510664719108, 0.0011064819020428242, 0.0002563164545038436, 0.0018066641659319688, 0.0006281500946661011, 0.00027211381643727856], "fMOLHO base 2": [26.760380040883827, 0.009730433029151645, 0.0016343090783347003, 0.00027322724130339097, 0.00493011732731325, 0.0003424844368330995, 0.0001673906266556573], "u": [5044.049445007007, 0.016648543234964897, 0.0031007342685285258, 0.0023981890004152163, 0.0040338095839386546, 0.0018363366470881236, 0.0015950041486359702], "v": [795.5674350244166, 0.013847469528304634, 0.0061818613733847965, 0.003342400227866703, 0.01403557047780768, 0.002782085386337445, 0.0018570235765531804], "s": [2.3247035574851207, 0.0032226253962855823, 0.0020132431425739254, 0.001416101838046602, 0.001427099683055765, 0.001230010072102015, 0.001124661852206712], "H": [0.16408264175526915, 0.016963084687586373, 0.012047807290905292, 0.010140802504913322, 0.00825517847039616, 0.006244893631499806, 0.005748869223394827], "C": [0.04099512791504141, 0.008012013598002497, 0.007254549308070236, 0.006417455196478358, 0.0059926643768991854, 0.0056491613798203425, 0.005600750321237348], "steps": [0, 10000, 20000, 30000, 40000, 50000, 60000]}