{"fMOLHO 1": [102.17664630141722, 0.00033142540507175456, 0.0001967013473245607, 0.0001816910535312727, 0.0001764785979983846, 0.0001996644390180461, 0.00014115754040023917, 0.00016751828052276156, 0.00016407798999219285, 0.00030438830022139874, 0.00013567690954456553, 0.00014534615311320015, 0.00012617992753497916, 0.00030820173510894195, 0.00013863301276821025, 0.00021434057437197344, 0.0001134028444346118, 0.00012023973476800276, 0.00020580433647550956, 0.00020942462581506778, 0.00010820131700225286], "fMOLHO 2": [69.13721846013519, 0.0003751474295812861, 0.00027141055038027193, 0.00022405959520303926, 0.00023291649263612415, 0.0002606232700627062, 0.00021329834537752565, 0.00021866960072105984, 0.00022806708272163454, 0.0005247740232352251, 0.00020604098324685435, 0.00021934984393978945, 0.0002463709610670626, 0.0004375965267043448, 0.00020020911921583728, 0.0002548491380397459, 0.00017709672820947494, 0.00020278223976236308, 0.00028379530687071925, 0.000245268380781316, 0.00022704144471059434], "fMOLHO base 1": [64.79285166318175, 0.00025647173618664873, 0.00013966122416770275, 0.00013435570163451563, 0.00011656576599567335, 0.00013125778469857215, 0.00013128746038117088, 0.00010595083886665304, 9.365520227097549e-05, 0.00012997771773589996, 8.772114367984555e-05, 8.053629099893361e-05, 9.981071542991168e-05, 0.00013905102238601593, 7.639798766692622e-05, 9.705126013267203e-05, 7.430331231815212e-05, 7.062364107880613e-05, 0.0001103293720441768, 0.00013242780266237728, 8.088879190185227e-05], "fMOLHO base 2": [37.829761782424356, 0.000345717504454338, 0.00017232346895452538, 0.00015995695807595692, 0.0001461197265463972, 0.00014705445658366812, 0.00015673474410363852, 0.0001397325286622106, 0.00012334066566870424, 0.00014368920089863723, 0.00011715870574290942, 0.00011499329794737738, 0.00011479828587653796, 0.0001484614723162112, 0.00011236592957256951, 0.0001279612897204156, 0.00011156289047637586, 9.852606119399346e-05, 0.00010455232391061118, 0.00016824239263617987, 8.930459936499318e-05], "u": [0.025047078462832162, 0.00019436203098299103, 0.00010209501988481635, 8.814985170981034e-05, 7.253612637744785e-05, 6.258849013187026e-05, 5.682903671451001e-05, 5.561820719458046e-05, 5.287511530794527e-05, 5.217568275388837e-05, 4.9755664653871275e-05, 4.9460582945287e-05, 4.897609032300242e-05, 4.6805786573804384e-05, 4.854203285405895e-05, 4.659936402213184e-05, 4.637622839026437e-05, 4.579758925552881e-05, 4.545329370081466e-05, 4.764515190074984e-05, 4.534473084453284e-05], "v": [0.033345067579721166, 0.0003518172490700665, 0.00017609631502595223, 0.00014744819049649843, 0.00013405222739446094, 0.00013155630725198531, 0.00011983704612595696, 0.00011187714255834406, 0.00010496373801593466, 0.00010848190120425015, 9.625953089377523e-05, 9.203463414571133e-05, 8.904353029092317e-05, 8.616654286709184e-05, 8.318525440292571e-05, 7.857855170552409e-05, 7.738785679887513e-05, 7.693465064731312e-05, 7.340091609275228e-05, 7.388870409305356e-05, 7.528970982398533e-05], "s": [5.330330097765219, 0.0008608666643434143, 0.0007468133743302593, 0.0007741938197960537, 0.0007674986328238066, 0.0007614314143776909, 0.0007813497987796529, 0.0007636462587291934, 0.0007618418457241718, 0.0007302097889077113, 0.0007822575011979664, 0.0007758822128148169, 0.0007835707611951593, 0.0007500770992051806, 0.000778885536363154, 0.0007758318102558639, 0.0007979459932794102, 0.0007920894904464374, 0.0007795662235909872, 0.0007970274015630205, 0.0007944524272654938], "H": [0.5757784792955891, 0.00913807843258583, 0.005474365515509255, 0.004550457734180024, 0.00402332818799536, 0.0036890666116150667, 0.003476423563671277, 0.0031995830042662416, 0.0030543193907735023, 0.00297902620425087, 0.0028479117604955696, 0.0027448216136654394, 0.0028148989469132545, 0.0030049821333712015, 0.00258462802097731, 0.0026762498375256473, 0.0024726962058284263, 0.0024311859445006493, 0.002862891741697227, 0.0025708866700146667, 0.0023671159147519855], "C": [0.048893322955468894, 0.008875826342377718, 0.00844305165389218, 0.008277567408310278, 0.008205356119625173, 0.008146236794966222, 0.00809266533322071, 0.008056947004096527, 0.008026598275864053, 0.007924627005360318, 0.00794348522948271, 0.007913303981565065, 0.007862014241789984, 0.007871154900074876, 0.007836728608267729, 0.007824410885312511, 0.007788569059349165, 0.007745904755497893, 0.0077253351700452624, 0.007716450703038074, 0.00766128618038234], "steps": [0, 10000, 20000, 30000, 40000, 50000, 60000, 70000, 80000, 90000, 100000, 110000, 120000, 130000, 140000, 150000, 160000, 170000, 180000, 190000, 200000]}