{"fMOLHO 1": [0.0002605950938856435, 4.475619934922677e-07, 4.473204020997491e-07], "fMOLHO 2": [0.0002677045488997102, 4.297896737258357e-07, 3.9448187041454404e-07], "fMOLHO base 1": [0.0001586355416587965, 3.5164634717454987e-07, 3.6525274980944643e-07], "fMOLHO base 2": [0.00015531005700900936, 5.089468316628875e-07, 4.946647581997423e-07], "u": [0.5037642284267415, 0.00012337776966272557, 8.213124017331964e-05], "v": [0.2968607124167878, 0.0001156663025384637, 7.005818925025768e-05], "u_base": [0.3769302974632535, 2.036729260949686e-05, 1.3697848459278612e-05], "v_base": [0.7649203135351338, 3.51190966444886e-05, 2.5039513152587326e-05], "s": [1.2444055639687415, 0.00015873376640818294, 0.00010033296590394868], "H": [0.4227161229462307, 0.0027154493269228343, 0.002151611516086276], "C": [0.02853699711972602, 0.0002669977822343296, 0.00025022481413515486], "steps": [0, 10000, 20000]}