{"fMOLHO 1": [52.398785570965615, 0.0035641083248531633, 0.003236942933056759], "fMOLHO 2": [53.41894762900051, 0.006907792756213795, 0.00601616437047986], "fMOLHO base 1": [65.03427714826408, 0.03798556038846844, 0.011948197349751576], "fMOLHO base 2": [44.32339694991278, 0.04343107854973715, 0.0428232912677159], "u": [781.6470455247636, 0.0238292083527362, 0.0048331850661893095], "v": [329.35346091581647, 0.019019059729660656, 0.020064413222265223], "u_base": [2.9145426154405736, 0.02579753776384716, 0.0176228664998211], "v_base": [11.319657774170773, 0.10179898080336083, 0.06027336483583647], "s": [1.905816608875838, 0.09127841511303234, 0.0767607585947089], "H": [4.07460816593768, 0.06781316191819088, 0.04574354926361887], "C": [0.05211886239665915, 0.002430800124075696, 0.0022146229728082782], "steps": [0, 10000, 20000]}