{"fMOLHO 1": [227.3704278119834, 0.0005944087312634365, 0.000624453572330988, 0.00017861032168447048, 0.00036209055689312566, 0.00023041797655287536, 0.0003502816670360739, 0.00018109405928083718, 0.00037824218337897665, 0.00044636216860983487, 0.0001535983886117993, 0.00015404613908022327, 0.00015824109923941304, 0.00029408226837828756, 0.00015009879160333815, 0.0003604743252594145, 0.00021902191354055369, 0.00013828620431623195, 0.00022653835907145497, 0.0001449550346102827, 0.0001349868657670729], "fMOLHO 2": [143.20153533873466, 0.0006228540685597788, 0.0007707121562775302, 0.0002408223789441078, 0.0002554015006034267, 0.00030033576335607403, 0.0003335785491919183, 0.0002616973681439524, 0.00033662661761326915, 0.0004201730569750929, 0.00021571481086685566, 0.00020138038319781205, 0.0002223972017452391, 0.00033480042837952235, 0.00022305921325527477, 0.0004353281347472222, 0.00024663433696403195, 0.00020427817566090085, 0.00031062237694684785, 0.000213600189571377, 0.00020587073853226784], "fMOLHO base 1": [130.41142535806384, 0.0004866670290182705, 0.0003260479936972246, 0.0001221947779353488, 0.00030956252760917097, 0.00014496700534736025, 0.0003299661601745663, 0.00013666086564635002, 0.00022938450487069103, 0.00018626721222241843, 0.0001013919495905957, 0.00010277590068080644, 9.455325988716612e-05, 0.00013606114920504422, 9.442272927315692e-05, 0.00014682222942396597, 0.00012343855263932676, 0.00010147127715101445, 0.0001000318244213168, 0.00012085917795828009, 0.00013919104038859009], "fMOLHO base 2": [84.5899831526513, 0.000541668589793134, 0.00028677573530034873, 0.00016951958617969593, 0.0002886501252572007, 0.00018029606710071115, 0.0003730023680400993, 0.00015482958499122133, 0.00025630144132069506, 0.00016967783681195246, 0.0001385202894500159, 0.00013768042202145288, 0.00012729378453535777, 0.0001395882512124814, 0.00011967448643318358, 0.00014551120730605706, 0.00012105119439024272, 0.00011836867858393822, 0.00010734005094736124, 0.0001212031946441155, 0.00011905120488883463], "u": [0.05555451404255318, 0.000208062001610484, 0.00010466768377531007, 7.036414267278269e-05, 6.046950747154713e-05, 5.7116197111178454e-05, 5.391281281009843e-05, 5.3570188673894634e-05, 5.436080290759197e-05, 5.009996579469866e-05, 4.608076824890477e-05, 4.445856884692456e-05, 4.2967654593847406e-05, 4.279846170497334e-05, 4.131730498488376e-05, 4.5413457589855764e-05, 4.631538737064173e-05, 4.4900512991889e-05, 4.649187859571348e-05, 4.6476046916126515e-05, 4.547894470407734e-05], "v": [0.07531064317514077, 0.000580967015351817, 0.0001761981854017159, 0.00013234413484502607, 0.00011898057133569177, 0.00011157923863918529, 0.0001063910335275873, 0.0001022280772554682, 9.80554858294062e-05, 9.285368430006544e-05, 9.121223998659248e-05, 8.877379196600886e-05, 8.987867178605354e-05, 9.186672536605511e-05, 9.223502062711788e-05, 9.660459994576635e-05, 9.222074649919855e-05, 9.192891527699302e-05, 9.561232544451042e-05, 9.120570457012893e-05, 9.006118971889933e-05], "s": [10.757807815999298, 0.0011862874311444973, 0.0008805831454319535, 0.0007714231332298744, 0.0009171221381160465, 0.000774791702014246, 0.0009061023971078529, 0.00076720690557034, 0.000782979172183103, 0.0007388783468811703, 0.0007693573269860551, 0.0007707139837127426, 0.0007627656045481654, 0.0007508123354691802, 0.0007695917414344001, 0.000759980014762477, 0.0007630142080520543, 0.0007751227277683597, 0.0007552265984090947, 0.0007771584790125476, 0.0007806640642324477], "H": [0.46234326838775847, 0.010740596388195214, 0.006177601935388842, 0.004829233332901919, 0.004622348538263076, 0.003930438516646348, 0.003953933086672578, 0.0034988374454876115, 0.0033235903090272686, 0.003678939356362711, 0.003096083737482286, 0.0030360605374315395, 0.0029420988750009213, 0.0030177251439623518, 0.0028136584839853042, 0.00299503675570851, 0.0027729823131482276, 0.002654479898830206, 0.002622621182979447, 0.0027700106779400837, 0.0029321162192768794], "C": [0.09256009166256439, 0.009250355000469215, 0.008392148591583461, 0.008283461297529323, 0.008229176209023742, 0.008106077282585713, 0.00812558600997571, 0.008009272556618721, 0.008000660921136361, 0.00790925689425832, 0.00792424402449792, 0.007901156716184653, 0.007861437559385627, 0.0078120245307160266, 0.007801835798455654, 0.007712644502896224, 0.0077421167160198956, 0.007724416392663515, 0.0076558607495660035, 0.00766757058394613, 0.007653715197156406], "steps": [0, 10000, 20000, 30000, 40000, 50000, 60000, 70000, 80000, 90000, 100000, 110000, 120000, 130000, 140000, 150000, 160000, 170000, 180000, 190000, 200000]}