{"fMOLHO 1": [100.56501945774534, 0.0025454708578966046, 0.002131305365996022, 0.007864293047570536, 0.005238647383235395, 0.003948434446473567, 0.003984726633921164, 0.009777704960846437, 0.002417315389423986, 0.0029851209571340786, 0.0077551284748996335, 0.0017545474133346226, 0.007042916787894279, 0.01226850860637987, 0.004434664541809689, 0.005962786783181763, 0.005133090060449029, 0.004296660713315904, 0.007546592725060675, 0.0043412919883538065, 0.0029056807260615], "fMOLHO 2": [106.85977994648391, 0.0029193335038911476, 0.0025848667220546074, 0.008545933509318, 0.011103445894074955, 0.0047939537163293345, 0.0035913828757055334, 0.00782841150260506, 0.002853421993586919, 0.007921129679340654, 0.009688471361542642, 0.0035883293732472386, 0.004792566210225294, 0.0005598214671403046, 0.005449911891965409, 0.007657621008612197, 0.011640818368090328, 0.008108818978686054, 0.002950491359907872, 0.008867233799313194, 0.009547874309359486], "fMOLHO base 1": [64.23781257146254, 0.017319561734240225, 0.015819395884905, 0.0026071626425208487, 0.0019755503213104725, 0.0023799372939293417, 0.01865322649146696, 0.007470580855161695, 0.01620458643623952, 0.0018859365750679754, 0.003055172320809829, 0.0005177389235227589, 0.0008685150583986227, 0.0011943347100317199, 0.014659621874623132, 0.016466787815431087, 0.014705476474297903, 0.002317748120705441, 0.0013742479482611383, 0.0022304965518535748, 0.0021142310072224924], "fMOLHO base 2": [59.82577629649331, 0.042403818554483885, 0.04155135241663492, 0.003159190847250548, 0.0028503419304927286, 0.006825489200985219, 0.050909405593678916, 0.01598759617167691, 0.04501033759960343, 0.004248851130207576, 0.005253301615216695, 0.0015731466277848802, 0.002441527478304165, 0.004131548974232359, 0.051103839937868135, 0.04173153272906328, 0.07677222843260777, 0.006118168469635797, 0.003606748462953738, 0.00656532464949925, 0.0056621894264481], "u": [0.11685663898255279, 0.005410461838871985, 0.005222215892655972, 0.008553735682310975, 0.006794759964241649, 0.004708520894101721, 0.005808347829706831, 0.003568021403136342, 0.00565550966337302, 0.006655862224277163, 0.007766451898583618, 0.006050776169562191, 0.0060909763493577065, 0.006424657102325102, 0.0070808973750126365, 0.005530843751977443, 0.009846295408393067, 0.006763598587338375, 0.005748936581846849, 0.005834710414068524, 0.004536098062082154], "v": [0.3120701376696264, 0.016804432515697864, 0.015758417616902453, 0.022348273778602157, 0.01749319738560048, 0.01260731195030158, 0.019744497400360092, 0.007099635084181855, 0.018122661600673714, 0.01870313423796715, 0.02218804806888753, 0.018298388905918155, 0.0177088397116549, 0.018229320572675584, 0.021358112018156968, 0.01768886780984226, 0.017119738913796784, 0.02121781914908734, 0.01780190158764594, 0.01421834924295428, 0.011594564005786288], "u_base": [0.19451968467922393, 0.0027905321338561723, 0.003013552229408685, 0.0025811902923718985, 0.0007311049597484283, 0.00016568779723705618, 0.0033217844987109136, 0.00015259906274420158, 0.0026202207339104736, 0.0001749931422527341, 0.00032942038562118567, 0.00016126720130334087, 0.00018900555108359454, 0.00021433603294389528, 0.002311186893841665, 0.0022980286012896267, 0.00022791106652651752, 0.000154572381080494, 0.00018557532689345469, 0.00016778060474994182, 0.0001523518055010573], "v_base": [0.2840944631987212, 0.01149341066032649, 0.010868351052699964, 0.004191851877224145, 0.0017304242603768947, 0.0010594616729269792, 0.013715047022621494, 0.0009197078166985245, 0.012025265349090057, 0.0011522082721050874, 0.0017909979231562124, 0.001055649305678532, 0.0010004154788822192, 0.0010520972397416355, 0.009621238475542337, 0.010768649809074984, 0.0008326265082328636, 0.0010583084968534455, 0.0010661314909780509, 0.00103924069119548, 0.0011229071963896548], "s": [8.481324808638362, 0.032438855989618195, 0.03339896333484432, 0.4915229930456428, 0.4919853859351429, 0.48619648726719383, 0.03946274954726627, 0.4399270394572178, 0.038708197181095624, 0.4923484009819593, 0.49172033938958176, 0.4923440124096298, 0.4923926423953428, 0.49230921079425444, 0.04790872502909014, 0.04937135899457254, 0.4810413584842259, 0.48573267616105, 0.4907719188145662, 0.486281915042788, 0.4843878990371758], "H": [0.6210516663379384, 0.02551772161375042, 0.02545013238823132, 18.167099494312904, 7.174014377925884, 0.13140474042158592, 0.03389835095122252, 0.16943367275902632, 0.02917930522231697, 23.084710677625807, 1.6339806144463518, 12.145282944465492, 1.7119965399210377, 0.18124064334068238, 0.030962500973941657, 0.040613436028658266, 13.40107403473027, 4.07611018039551, 1.0787678887324617, 0.05035644291860111, 0.24900575934341343], "C": [0.03952341186398792, 0.006548627386510918, 0.0068814295200526005, 0.02972500815619317, 0.022171765870806878, 0.009204737044411965, 0.005502038771289371, 0.006473397623950763, 0.00609905717408885, 0.01000878432475965, 0.0115770073848172, 0.008305687150136035, 0.008103539052437811, 0.010079535490037544, 0.007268933429065408, 0.00655134735555398, 0.020932376533513625, 0.005595495698962641, 0.008187595149674876, 0.01049628213714634, 0.006717589209199956], "steps": [0, 10000, 20000, 30000, 40000, 50000, 60000, 70000, 80000, 90000, 100000, 110000, 120000, 130000, 140000, 150000, 160000, 170000, 180000, 190000, 200000]}