{"fMOLHO 1": [0.04136771075849086, 1.3292239305615645e-05, 1.0687011836090514e-05, 9.959111326693355e-06, 1.006472128988697e-05], "fMOLHO 2": [0.02908562611616988, 2.1602086856137677e-05, 1.8508683139344148e-05, 1.796610825243184e-05, 1.717955624200546e-05], "fMOLHO base 1": [0.02593645148174963, 1.6934548292124963e-05, 1.5576637768947762e-05, 1.5195612400367341e-05, 1.5103815124117339e-05], "fMOLHO base 2": [0.01872436732592447, 3.930467095836582e-05, 3.81846798038492e-05, 3.811750905362912e-05, 3.770400250048033e-05], "u": [0.13432442179379345, 9.501136334052611e-05, 3.493870865661767e-05, 2.6414578587444338e-05, 2.4122058466109646e-05], "v": [0.35850771705499684, 6.908003125548045e-05, 2.4914395304452338e-05, 1.9340913115915346e-05, 1.6934394173166052e-05], "u_base": [0.31422431041125165, 1.6202755835867854e-05, 1.3388836873656289e-05, 1.0458494627784129e-05, 8.532730273814272e-06], "v_base": [0.7244342462779441, 3.0129259301952522e-05, 1.4819783951492262e-05, 1.1729681234754746e-05, 1.1011200008978172e-05], "s": [2.047129052955554, 5.9460422392714735e-05, 3.716850801310038e-05, 3.4397772311278206e-05, 3.244667213181212e-05], "H": [0.06856449930911611, 0.000739817580975, 0.00034375605798834586, 0.00029188321468574905, 0.00026850610682315347], "C": [0.037873133547649186, 0.0002886189116616928, 0.00022362680224474567, 0.0001840435317598825, 0.00016593270618323142], "steps": [0, 10000, 20000, 30000, 40000]}