{"fMOLHO 1": [0.1033242196480777, 0.00013751023543019168, 5.827675237322834e-05, 6.418701734963341e-05, 4.654141512387816e-05, 5.5933596221478175e-05, 6.279285160654244e-05, 5.4094047872302924e-05, 5.536183858665511e-05, 4.457349712396302e-05, 4.463618682121193e-05, 5.185369227590669e-05, 5.115849275364297e-05, 6.019137843575216e-05, 4.3525878761647855e-05, 4.731629906842316e-05], "fMOLHO 2": [0.053729351568384015, 0.0001628528249942089, 0.0001464689022005666, 0.00012328058390453833, 0.00013565618313179234, 0.00013139194817458848, 0.00011190311661207559, 0.00012670461803987064, 0.0001266759525094658, 0.00012419582518742115, 0.00012153125780660587, 0.00011143249226738935, 0.00011040588479168969, 0.00010509276974512833, 0.00011605257343857155, 0.00011126367719143437], "fMOLHO base 1": [0.06284455970795814, 0.00013299042254513583, 0.00011728963757560113, 0.00011298945372537506, 0.00011177508097863629, 0.00011537986594185825, 0.000110154756832596, 0.00011467139901824374, 0.00011114750608549702, 0.00010968715627696276, 0.00010946640817811525, 0.00010898203551456573, 0.00010888925493975833, 0.00010972220754631626, 0.00010749956555270036, 0.00010863657121466386], "fMOLHO base 2": [0.02827521697439463, 0.00034693855628923666, 0.0003359509460152919, 0.00032535731827976335, 0.00032019884647444604, 0.00032757076832372334, 0.0003159231229966093, 0.0003243498028711929, 0.000316398823775112, 0.00031254263703431117, 0.00031132689055895927, 0.0003102233967060425, 0.0003100039080415851, 0.00031153528774517035, 0.00030772508498421466, 0.00030822654158623765], "u": [0.381964730754746, 0.00015754894519466226, 6.415264714395663e-05, 4.8059033735391794e-05, 3.945370659225729e-05, 3.676142976684199e-05, 3.101879772814825e-05, 3.305627318122172e-05, 2.740820361180314e-05, 2.5943887539311968e-05, 2.482183338817763e-05, 2.271799355046836e-05, 2.177076950205413e-05, 2.2164134526161227e-05, 2.1479958182987373e-05, 2.0451383533884835e-05], "v": [0.09180191861609152, 0.0001637173624008316, 6.139947814766591e-05, 4.372219696962643e-05, 3.6187496833706254e-05, 3.8726211798974174e-05, 2.891402737955803e-05, 3.703160176990437e-05, 2.8715826637565143e-05, 2.492352599780129e-05, 2.4184182548320407e-05, 2.2463704866069126e-05, 2.1377397013832002e-05, 2.196341568521466e-05, 2.2021512010567707e-05, 1.9720808291197606e-05], "u_base": [6.006089586710945, 0.0005382761079892086, 0.00011969499473383505, 7.721741186027851e-05, 9.25712842101583e-05, 8.807121286340365e-05, 5.5039043714208366e-05, 0.00010295830056485607, 5.4260041445022096e-05, 6.221158863707058e-05, 5.87303958815592e-05, 3.201533664939203e-05, 3.0551489028553505e-05, 3.8315431834570843e-05, 4.385768291365377e-05, 3.487170014246311e-05], "v_base": [10.81801484128436, 0.0001397682697320697, 6.671731072392729e-05, 5.7812570413989915e-05, 8.585180118233958e-05, 0.00011704957661435809, 4.5564156155864416e-05, 8.796228883238643e-05, 6.97733056909164e-05, 3.921688747820129e-05, 4.375596162194037e-05, 3.1560797461652705e-05, 3.033746395215685e-05, 5.458908986600183e-05, 3.743338246290567e-05, 2.7708377694740077e-05], "s": [0.45427898380978166, 9.158936421390827e-05, 7.35659100200019e-05, 7.191856094133446e-05, 6.971208547790232e-05, 7.122534484080596e-05, 6.750494033852206e-05, 6.795410442863225e-05, 6.609920783509547e-05, 6.489688365177309e-05, 6.520579832484603e-05, 6.394226735127861e-05, 6.323917098373286e-05, 6.28066914716573e-05, 6.210155553914787e-05, 6.243782669712798e-05], "H": [0.07168747935326912, 0.0008851568630912133, 0.0005289020830608499, 0.00045900460181142887, 0.0004199288307652501, 0.0005223688005159333, 0.00036171334112293046, 0.0005338354109650876, 0.0003510064391727242, 0.0003270438699274756, 0.00031906878588617855, 0.0003128628668862237, 0.0003035850546777188, 0.0003122856348217904, 0.0003388012977345727, 0.0002939935250859622], "C": [0.03371075242628327, 0.0002966006247787848, 0.0002784599223293635, 0.00026233824181213464, 0.00025289659112949676, 0.00024382871577973507, 0.0002364464071530914, 0.0002293169083080049, 0.00022247517056761496, 0.0002153202742406759, 0.0002072872414449221, 0.00019724884189112872, 0.00018859675098289848, 0.00018086010126159164, 0.00017549966449740482, 0.00016846413157761852], "steps": [0, 10000, 20000, 30000, 40000, 50000, 60000, 70000, 80000, 90000, 100000, 110000, 120000, 130000, 140000, 150000]}