{"fMOLHO 1": [583.3686651425483, 0.001948442805771126, 0.003912534460591721, 0.0005299217078262237, 0.0010153688662939515, 0.0009520706843155397, 0.0005064327969931346, 0.0005218762585777367, 0.0003299847455951374, 0.00037459920503228296, 0.00045229096407763597], "fMOLHO 2": [386.62384922284923, 0.00242767360131288, 0.0018931344202017203, 0.0005874307595927218, 0.0007384932932859617, 0.0005236107105854501, 0.0004404676667911005, 0.0013416591984483988, 0.00045031093197549135, 0.0003963255328500592, 0.000489695362122857], "fMOLHO base 1": [280.2684161380767, 0.0020326862253999146, 0.009419206716136365, 0.001587807948890494, 0.0022247135322297114, 0.002475806264624188, 0.0008081859675408616, 0.0005040031385410709, 0.00046835736701228675, 0.0017299652851241163, 0.0016788293142354803], "fMOLHO base 2": [250.47515585401672, 0.0025387599434427565, 0.011099094890654271, 0.0006806761764552928, 0.0007592522403678376, 0.0005088076388280944, 0.00033147132838672895, 0.00923612998060087, 0.0012496729015547493, 0.00027557139763083994, 0.0014136399323321342], "u": [602.860742534229, 0.0016286749064965296, 0.0051390211189055, 0.0028761445489089003, 0.0016517739439388098, 0.002501573566517301, 0.0009210602007269264, 0.0005136865580446336, 0.0006532617907093226, 0.003254383065261637, 0.002503490802364748], "v": [2156.9961102621146, 0.0049285366486034555, 0.021768211186266588, 0.0010271961407776738, 0.00040184738488729087, 0.0005701702738155045, 0.00028387206112408475, 0.01249376781572052, 0.001296167428920933, 0.0003012973918124442, 0.0012635836449775397], "s": [6.958790022085371, 0.002749060171584211, 0.0008563071877916341, 0.000833283190275156, 0.0007735800542180893, 0.0007161727184113602, 0.0006742644650529678, 0.0006397460139124047, 0.0005931475449212577, 0.0005521575712897997, 0.0005315624102111243], "H": [1.9437766011846829, 0.05328595625319681, 0.021415490229036355, 0.017563967600260254, 0.016327033088280332, 0.01485385418929539, 0.013558371311319947, 0.013359396488247936, 0.012701382049861393, 0.012285457046717702, 0.011580014205124322], "C": [0.05827108115074795, 0.007432893483761601, 0.0038488547409693363, 0.001975382902743141, 0.0011939769879824717, 0.0007977197897448441, 0.000638115453128135, 0.0004950562853954487, 0.0004462010010752327, 0.00038736190210816553, 0.00032737953882366], "steps": [0, 10000, 20000, 30000, 40000, 50000, 60000, 70000, 80000, 90000, 100000]}