{"fMOLHO 1": [373.5174539222829, 0.03131935612655258, 0.007321805322296012, 0.003704589875104323, 0.0003566102666017927, 0.0001928937325688222, 0.00010400272917158127], "fMOLHO 2": [554.0411217818291, 0.008552045757460472, 0.004577985549821181, 0.005274788316078853, 0.0002673167671500646, 0.00016169504787558262, 0.00011505737662043358], "fMOLHO base 1": [284.3542879933707, 0.15984241676019054, 0.019347225565231982, 0.0019379292367398635, 0.00029472458559583236, 0.00013880455261997728, 8.453690771755384e-05], "fMOLHO base 2": [313.6595670826692, 0.030511932029667833, 0.007023528271561935, 0.0028571297784787952, 0.00026855729667098725, 0.00014049462214878603, 0.00010370631495589392], "u": [3740.7977453654817, 0.30175779748072434, 0.01994560720073987, 0.002266007307036883, 0.0004388626562206072, 0.00022428867355994125, 0.00018259016417354525], "v": [625.6268739842909, 0.07336473820764394, 0.016912578234988956, 0.0035521343216820813, 0.0005151341477250741, 0.00017983061437562396, 0.00014118141309544925], "s": [1.5783055622838313, 0.05299355833209999, 0.052806555441418566, 0.05107840936415743, 0.0007367602333098806, 0.0006519075996117854, 0.0005915166255703182], "H": [1.490285554312783, 1.487291599086667, 0.45884165537356447, 0.001977903935895489, 0.0006352267514476425, 0.0003952488937734073, 0.00033443900640983947], "C": [0.05855413997519664, 0.04616309895548402, 0.03919227345275907, 0.024050499956406714, 0.004475789554490994, 0.0024442593339757206, 0.0019417152913305993], "steps": [0, 10000, 20000, 30000, 40000, 50000, 60000]}