{"fSSA1": [167.7758403304154, 0.005363342786710078, 0.0015075539383693866, 0.0005983371778152589, 0.0004970258956660371, 0.002157137381418677, 0.0014308087647492364, 0.001417144555987144, 0.00040488521398678967, 0.0013541143309236151, 0.000606522226872222, 0.0016946986380959083, 0.0002644027901399641, 0.00026944285406080694, 0.0011810282204607922, 0.0018968608731155668, 0.00016000880296258236, 0.0007726288172743271, 0.001143964312500035, 0.0008182880334362206, 0.0005086149584427903, 0.000354401752431819, 0.0002861688145741558, 4.875803563195448e-05, 0.0005601575978531433, 0.0002860652161468145, 0.0005794544560139028, 0.0006525871938153854, 0.0006319143615860295, 5.939568479461086e-05, 0.00029917094621192985, 0.00014681446819187537, 0.000613440394306207, 0.0005826536698229071, 0.0006906222197611334, 5.384636338878011e-05, 0.0003112181130357072, 3.475736328892646e-05, 0.00025621126821647274, 0.0007693398358882692, 0.00021930363222359895, 0.0004789475488797744, 7.57625532877834e-05, 0.00015838352562257469, 7.300023590395967e-05, 0.0008342657293419541, 0.00013440996295595152, 4.763803918045366e-05, 0.000107304672214664, 4.756130127154173e-05, 9.069716489022292e-05, 8.792248074839807e-05, 0.0012260339514092032, 7.32859164301013e-05, 0.00025019024177168293, 5.5319727921989175e-05, 0.00017571504780960508, 0.0001722982112069897, 5.0387458571274144e-05, 0.00020818200040162836, 8.63252974193472e-05, 9.303099016099334e-05, 0.00021833639644229817, 5.06382305153422e-05, 6.533847083972054e-05, 0.00021710469072215748, 7.671939349213123e-05, 0.00021916786198896869, 8.778145321961534e-05, 3.219078735614892e-05, 0.0002345407826532284, 9.075589010471904e-05, 3.9393733541586814e-05, 0.0001446315178894925, 0.00011800436148173555, 9.86533857020366e-05, 0.0001683601029507698, 8.842956202154972e-05, 6.46294814449042e-05, 5.2862877605965746e-05, 7.544078898977282e-05, 7.362745198060502e-05, 0.00014282519070974247, 0.00026156012034845726, 4.097063492811954e-05, 0.00011470328040177168, 0.0007274885873119183, 0.00020135976884010182, 6.478403994316985e-05, 0.00021880050663104488, 0.00015901926298175791, 6.15616675693496e-05, 5.074930055847346e-05, 0.00019789303734562874, 0.00012987758477056303, 6.92519786782043e-05, 0.0002705913376369802, 5.5506056379746405e-05, 0.00023461720157568361, 6.885624616917351e-05, 0.00022905025878550736], "fSSA2": [193.61831997037177, 0.00444136820064051, 0.0008560519808146026, 0.0003677966379746942, 0.0006179098094371862, 0.0004922067190464744, 0.0002539186420789507, 0.0008751310518923948, 0.0001522061207866147, 0.0002904935746103391, 0.00015813553155203663, 0.00024708337841196864, 8.09708022734101e-05, 7.526545860536307e-05, 0.00048273209528950744, 0.00018336437893278133, 0.0002496062407214338, 8.200520940484284e-05, 0.0001755623335650912, 0.0001016121754535377, 0.0001214728689662539, 0.00040665307835244333, 5.952246272636508e-05, 5.14490941893839e-05, 0.0001860639203903886, 0.00014453341450999352, 0.00010239216702250381, 0.000297977743825229, 0.00010075960185093178, 8.781319258751794e-05, 8.331627769375892e-05, 0.00010251869194190401, 9.496502021398631e-05, 9.463144399664271e-05, 0.0001095912429457144, 9.017404890088923e-05, 0.0002413310750025592, 3.0877239982532066e-05, 5.630846339091222e-05, 8.543193987855774e-05, 8.4390914878104e-05, 0.00018281580878553848, 0.00021361038481048682, 0.00017960298040828405, 7.865308787282107e-05, 8.37373259361252e-05, 6.323369998452973e-05, 5.793463662212155e-05, 5.35132316192034e-05, 3.6427761635155235e-05, 8.959679120400066e-05, 0.00019635216148554944, 7.596136975855126e-05, 5.525262003187719e-05, 9.306069781500678e-05, 6.362648305829581e-05, 9.289754644234774e-05, 0.0001466029244004621, 3.0920358164890957e-05, 7.653367630458149e-05, 0.00012104073235172612, 6.519482901381116e-05, 9.945351415537856e-05, 5.649890203893129e-05, 9.671375117913171e-05, 5.4429195525214146e-05, 0.00011716346900742073, 4.5332906254224644e-05, 4.187944288245997e-05, 2.9412285060442152e-05, 4.043866635673554e-05, 4.1242153228722336e-05, 3.149766749422034e-05, 4.6224034498792e-05, 5.795492223510833e-05, 3.346682086704798e-05, 0.00010133238548658582, 3.710004114053677e-05, 3.38688074062023e-05, 8.586739810185481e-05, 9.648421006406316e-05, 7.872785471597667e-05, 4.793233030979135e-05, 0.00010671953156662318, 8.372276577750237e-05, 9.774946780151769e-05, 0.00010659641376081852, 5.454567215896855e-05, 9.152265950439226e-05, 9.419028872642091e-05, 0.000107688476288131, 3.796885399850518e-05, 5.5023462220064305e-05, 4.616259976758756e-05, 9.662154231181886e-05, 6.419823683983523e-05, 6.744764174760758e-05, 9.40435461692725e-05, 0.00013645627005045644, 5.023442355491745e-05, 4.295355304017863e-05], "u": [569.7421038244582, 0.0029233704274523715, 0.0006773955777836801, 0.000296268981880565, 0.00038345385706361253, 0.00034761661233650656, 0.000391898086322618, 0.0002510447497917616, 0.00023042906456217948, 0.00029084171350582107, 0.00018698504345067828, 0.00028352082481255945, 0.00014153704822275542, 0.00013796493110292555, 0.0001663905887296223, 0.00028125741859418913, 0.00012396123219661387, 0.00015649563592412346, 0.00016942845878194685, 0.00013981812136391368, 0.00012062455128872656, 0.0001350426041987423, 0.00010523544176925673, 8.567418655732943e-05, 0.00011342214145513005, 8.956451501235862e-05, 0.00013892479050106095, 0.00011003337342580775, 0.00014192260270253746, 8.185412279238385e-05, 0.00010364668000172147, 8.284358969811699e-05, 0.00012517306020967564, 0.00011996104508128498, 0.0001571356541181556, 7.91669407028699e-05, 9.127393507124402e-05, 7.378419679895589e-05, 8.813463544117157e-05, 0.00010582077456928172, 7.703978216620055e-05, 8.91232091289787e-05, 7.412063258605247e-05, 7.337147244452786e-05, 6.815298354292039e-05, 0.00015631190830834934, 7.219183576986052e-05, 7.274655090084432e-05, 6.886183716779412e-05, 6.494365412345126e-05, 7.074910671202204e-05, 6.980942446026698e-05, 0.00013411399188355963, 7.199769403513223e-05, 7.18154853577267e-05, 6.922940970903341e-05, 6.851181703570809e-05, 7.255304523993197e-05, 6.19830272735233e-05, 8.605293199380086e-05, 6.274411220253862e-05, 7.920713973134304e-05, 7.778551760009533e-05, 6.238513283077112e-05, 6.077845219292685e-05, 7.532024670176496e-05, 6.136175174841926e-05, 8.600597106488362e-05, 6.503727278009511e-05, 5.966614095096802e-05, 6.636370215815019e-05, 6.00974488477072e-05, 6.41181360486237e-05, 6.913375210403837e-05, 6.0166300706597155e-05, 5.952725667283557e-05, 6.97747951564479e-05, 5.8899141930753804e-05, 6.36268165631391e-05, 5.842383833502963e-05, 6.240747782465185e-05, 6.216400975546644e-05, 6.245950555373533e-05, 8.66481154130582e-05, 5.86445260661287e-05, 6.296944647779657e-05, 0.00011527320256301303, 7.414869033362812e-05, 6.003186974565174e-05, 6.161959022396098e-05, 6.688852207819814e-05, 6.244222969727838e-05, 5.8318965458961014e-05, 7.526773757534662e-05, 5.948549063085664e-05, 5.872092173723647e-05, 7.131961958615694e-05, 5.726135756128278e-05, 6.9794857502433e-05, 6.5473121560503e-05, 7.055333590484253e-05],