{"fMOLHO 1": [17.192860375033806, 0.00411098988197981], "fMOLHO 2": [79.91115692015356, 0.00854758236449907], "fMOLHO base 1": [12.718301849379822, 0.0010943865365281196], "fMOLHO base 2": [11.41586367586477, 0.003623885863382683], "u": [11.404232543790513, 0.0024475780178692856], "v": [200.27225172304162, 0.0040957619558483465], "s": [2.5373403724361436, 0.01199550449819287], "H": [0.32408799114131054, 0.1245511604346087], "C": [0.20244937456936601, 0.038419614271872383], "steps": [0, 2000]}