{"fMOLHO 1": [0.0005336463751485749, 3.8172368774790673e-07, 2.0401588847504642e-07, 1.8196348959123882e-07, 2.020734214378371e-07, 1.6384698144830096e-07, 1.4553754222622863e-07, 1.5608599963758032e-07, 1.568514033312132e-07, 1.612080591667038e-07, 1.631039618118605e-07, 1.6874223795215858e-07, 1.6999443825478622e-07, 1.6580414761969894e-07, 1.703323045008105e-07, 1.6148644152270668e-07], "fMOLHO 2": [0.00018859832091749164, 3.462158667578143e-07, 2.625937632822918e-07, 2.5214439519329767e-07, 2.1585030867212943e-07, 2.2367949433040518e-07, 2.2719148125656767e-07, 2.497225066796933e-07, 2.275248722489653e-07, 2.1735644560625777e-07, 2.1985477010445943e-07, 2.114053709019955e-07, 2.0739003138491227e-07, 2.0617504666917912e-07, 2.0529505062990525e-07, 2.1200561675089358e-07], "fMOLHO base 1": [0.0003451720064180113, 3.350695017700336e-07, 2.1546771639010916e-07, 2.0536024424572084e-07, 2.0298150275327096e-07, 1.9482067025246867e-07, 1.9661470645823808e-07, 1.9448941270484322e-07, 1.911660954389172e-07, 1.9503986907740796e-07, 1.9858192427470352e-07, 1.9869232770374998e-07, 1.98820226343481e-07, 1.960880238427908e-07, 1.9568442205934984e-07, 1.9460272614831494e-07], "fMOLHO base 2": [0.00011844982691740745, 4.822538198852885e-07, 4.342573400236099e-07, 4.2953577152950966e-07, 4.20857361822401e-07, 4.133780678106963e-07, 4.136220405738364e-07, 4.1116445983702775e-07, 4.033480870683875e-07, 4.0775539921461097e-07, 4.089627403112817e-07, 4.0702346841963546e-07, 4.072943076559409e-07, 4.0598985429138685e-07, 4.080599567145349e-07, 4.074310673410995e-07], "u": [0.37561484302414855, 0.00018399691658240808, 6.799523542275815e-05, 4.8374098626291346e-05, 4.257711572203235e-05, 3.553435509872261e-05, 5.067539287354517e-05, 3.207949831534081e-05, 2.9176145380919105e-05, 2.809681415334212e-05, 2.82727499416247e-05, 2.6955059981878028e-05, 2.6322633252630647e-05, 2.5260483895355255e-05, 2.4469268987686467e-05, 2.3430057180077856e-05], "v": [0.4200669436935414, 0.0002536556738425627, 7.889083704839919e-05, 5.296686939246662e-05, 4.0127129589196216e-05, 3.344842791805902e-05, 3.094157600103269e-05, 2.877763245630816e-05, 2.5958016913423324e-05, 2.4174440692788766e-05, 2.361147025138933e-05, 2.1636330734740777e-05, 2.158581437250637e-05, 1.9933595862872495e-05, 1.9297884690431795e-05, 1.8417011739236756e-05], "u_base": [28.960504478619757, 0.00043217773621269227, 0.00012009842429819649, 8.478715846741242e-05, 0.0001088283016657182, 5.654482125255515e-05, 0.0005062298058844067, 6.502997366216916e-05, 4.424076943228635e-05, 3.7781415971231855e-05, 4.758960045070593e-05, 3.207974274107547e-05, 3.4733381904010567e-05, 2.920862186978074e-05, 3.184348864272128e-05, 2.808629710338123e-05], "v_base": [59.83198860799752, 0.0003661145585458649, 7.990870706194114e-05, 6.223484833871046e-05, 0.00014253261203247628, 4.8521553678901506e-05, 0.00015318415596341737, 0.00011583868528223634, 6.52128595027712e-05, 3.399722549158458e-05, 5.415353759626575e-05, 3.079453228271558e-05, 5.1280495391270205e-05, 2.8503605963408535e-05, 3.0701251272615904e-05, 3.391604454429979e-05], "s": [1.5174527762474508, 0.00021038399555852876, 7.262636449750472e-05, 5.7589510562302336e-05, 5.50549214532197e-05, 4.906503229939586e-05, 4.842277771892242e-05, 4.7528917964680285e-05, 4.295403276350064e-05, 4.183098312212315e-05, 4.17292988014617e-05, 4.088692328236306e-05, 4.0882867816952325e-05, 3.961877879723054e-05, 3.9476375940919724e-05, 3.778573595613665e-05], "H": [0.08226703145424256, 0.001109974925686081, 0.0005833413639759887, 0.0004667172499135118, 0.00041452845011027745, 0.0003725480530153626, 0.0004195543362130829, 0.00038851906968348753, 0.000335701830467629, 0.0003166953025489837, 0.0003131628298061016, 0.00029758565991189103, 0.00029623695534504354, 0.0002840913681633368, 0.00028370446694766523, 0.0002747379986410012], "C": [0.05526788711694143, 0.000570959150705317, 0.0005051790172614557, 0.0004418932997240466, 0.0003917874030186864, 0.00035710982767382443, 0.0003451159104608873, 0.00031289678322714737, 0.00029360075044625004, 0.0002768713503426248, 0.00026205746153121223, 0.0002463469392791815, 0.00023549594098941907, 0.00022278860128148594, 0.00021527168613543743, 0.00020587298606953116], "steps": [0, 10000, 20000, 30000, 40000, 50000, 60000, 70000, 80000, 90000, 100000, 110000, 120000, 130000, 140000, 150000]}