{"fMOLHO 1": [0.016433458088364408, 3.48983172768063e-05, 3.1721928881280273e-05, 3.094525189859099e-05, 2.9372430057870913e-05, 2.972868357206596e-05, 2.8133832556048066e-05, 2.7311214184702204e-05, 2.7857980794237643e-05, 2.7183487310816174e-05, 2.6909928758467417e-05, 2.6631030758214975e-05, 2.6535368832783392e-05, 2.623152548800507e-05, 2.596909440123705e-05, 2.6311298355013146e-05], "fMOLHO 2": [0.019020941502192277, 1.0501883933222807e-05, 1.1621682695059378e-05, 9.935209514467223e-06, 9.305034185911554e-06, 8.597075283823913e-06, 9.126591113046115e-06, 8.532958113970177e-06, 9.047519395834264e-06, 8.330130583069199e-06, 8.26929970852423e-06, 8.270607198247573e-06, 8.22164782254457e-06, 7.972092521566866e-06, 8.111680447102747e-06, 7.482111893739384e-06], "fMOLHO base 1": [0.010665996414749187, 4.7114281867106915e-05, 4.427774884880892e-05, 4.392691531248188e-05, 4.2782897076616846e-05, 4.288474600561042e-05, 4.1951980593385393e-05, 4.113559668778356e-05, 4.138458058713082e-05, 4.095663264718758e-05, 4.07018525256381e-05, 4.05244183018746e-05, 4.033647106509982e-05, 4.011139899196219e-05, 3.978606782319493e-05, 3.996252844829993e-05], "fMOLHO base 2": [0.011520509914003807, 1.1348670102538763e-05, 1.0574005595451361e-05, 1.0377141968034155e-05, 9.972520868577477e-06, 9.761120704345699e-06, 9.62597749951583e-06, 9.487133348027e-06, 9.641590376670885e-06, 9.394890030255752e-06, 9.297454251831472e-06, 9.275962113511492e-06, 9.259745167280544e-06, 9.108691891577595e-06, 9.111605190438424e-06, 8.83209521093947e-06], "u": [0.2049114523378732, 1.5714580133716886e-05, 7.033457364872708e-06, 6.4571858214797975e-06, 5.956450298988899e-06, 5.222782017393077e-06, 4.513266668511615e-06, 4.257358031941745e-06, 4.865878276953309e-06, 3.982987355713046e-06, 3.982069277623069e-06, 3.974872681357772e-06, 3.931933155241823e-06, 3.835799323690434e-06, 3.7752492520329972e-06, 3.824242086859254e-06], "v": [0.14585402587031843, 1.9613508928234895e-05, 9.592896711651922e-06, 8.475804114385601e-06, 7.4750042014244684e-06, 6.796700318197147e-06, 6.256556200910266e-06, 6.008563731490412e-06, 5.858915053586907e-06, 5.498861902098526e-06, 5.2228282658646814e-06, 5.014336068880126e-06, 4.767872103997974e-06, 4.54511419109529e-06, 4.451666898044245e-06, 4.347865226924096e-06], "u_base": [3.6383919987205626, 1.543513699516058e-05, 1.1684968207028916e-05, 4.881703546051814e-06, 4.738517981194245e-06, 4.5534422700180415e-06, 5.4617085044749425e-06, 4.119349127706269e-06, 4.074831979543558e-06, 4.029715440004825e-06, 3.8194146127616074e-06, 3.876974935561389e-06, 3.758198747914504e-06, 3.716059050060597e-06, 4.552216989686003e-06, 3.860817677606169e-06], "v_base": [17.242470623309238, 2.3077445118888874e-05, 2.649821713041025e-05, 4.5080560108960605e-06, 3.9231442174539465e-06, 7.354097633142681e-06, 4.227989888557863e-06, 4.603198773017322e-06, 4.130449131193514e-06, 3.338442524213536e-06, 3.1348914931462803e-06, 3.115083847020478e-06, 3.098225951985525e-06, 3.1418358242048482e-06, 3.367568783508122e-06, 4.174236800788517e-06], "s": [2.387363525899192, 2.6431997370720573e-05, 2.583383280293994e-05, 1.7170591281804822e-05, 1.685147773170217e-05, 1.6421387796041133e-05, 1.5644794581001847e-05, 1.5859031115996466e-05, 1.6198423543391568e-05, 1.5367513284935745e-05, 1.5003041472145017e-05, 1.4904522261175585e-05, 1.4771053866709909e-05, 1.4816462230451384e-05, 1.6404299537341485e-05, 1.665210264644948e-05], "H": [0.18612122109851875, 0.0005953450601881705, 0.0003942370044248328, 0.00025205479344796503, 0.00023452869102244748, 0.0003111945947403569, 0.00021184746364277297, 0.00025704819556864354, 0.00021528269974069038, 0.0001873546648237269, 0.00018070941466957982, 0.00017454446192252454, 0.00016881203447724212, 0.00016385663552358513, 0.00017185007491777007, 0.00017617405390674308], "C": [0.06803650518213808, 0.00014232998851341228, 4.278293587658322e-05, 2.4424279925111792e-05, 2.044462540514412e-05, 2.0325053860276346e-05, 1.6586894151748116e-05, 1.656366855316436e-05, 3.115634703210698e-05, 1.2831231346391872e-05, 1.2378580742130923e-05, 1.1994593467742964e-05, 1.1703700424470585e-05, 1.1520492732635099e-05, 1.1593765136050864e-05, 1.4187957236840655e-05], "steps": [0, 10000, 20000, 30000, 40000, 50000, 60000, 70000, 80000, 90000, 100000, 110000, 120000, 130000, 140000, 150000]}