{"fSSA1": [15.795563046567148, 0.10377482218371636], "fSSA2": [78.06313625824149, 0.3653333100009919], "u": [0.002943808773169998, 3.179359663343566e-06], "v": [0.019124873226966516, 1.8116086224767737e-05], "s": [0.5181044771549143, 0.4521674841888966], "H": [0.12204147018271994, 0.046181050245107894], "C": [0.25162078918803776, 0.18303086827437087], "vel log": [0.006647643973924061, 0.00438247351979175], "steps": [0, 1000]}