{"fMOLHO 1": [37.67259857194105, 0.004793426172521773, 0.009963167512473597, 0.0022304833725815447, 0.004981467678753135, 0.0031494649044191115, 0.0035555049391253995, 0.007947513543427695, 0.005263938729264748, 0.008633618998540652, 0.007324122172383929], "fMOLHO 2": [20.09255240941525, 0.005807058434306246, 0.016748510924308097, 0.002630718601830244, 0.008814539650465403, 0.006304978738864393, 0.006485027039777225, 0.003019936487446486, 0.002433876020791847, 0.0016771661302379343, 0.003421855421457927], "fMOLHO base 1": [16.71313244637078, 0.011337340727002628, 0.008351770071335292, 0.010906838674044022, 0.003640691607250368, 0.0010321892487007997, 0.000549981802278108, 0.0008821295866193426, 0.0009099230475071955, 0.0012372942857480206, 0.0031476897494265668], "fMOLHO base 2": [10.540708638286699, 0.04076621614324177, 0.019944595856849823, 0.04246013948001911, 0.010365463790322212, 0.0033668057471488893, 0.001520983641450875, 0.003831244766058808, 0.003342641777351905, 0.004231218765379541, 0.01117525109126619], "u": [0.39561035909627124, 0.004983097501266101, 0.004532508746527623, 0.004707045428156369, 0.008507810701041379, 0.007686721160544382, 0.006479130926510539, 0.007201657240930006, 0.006423315249148, 0.00569766787913717, 0.005338302920482038], "v": [0.4075896506358267, 0.014263640933276539, 0.011875984029220554, 0.014048286588147482, 0.02433049734262789, 0.02017852274920084, 0.019849754697554085, 0.0236185131593799, 0.020246855744903737, 0.018907746359393903, 0.011280473521814287], "u_base": [0.2238353932229859, 0.0022789967420345928, 0.0006301328526512459, 0.0020845113978662532, 0.000888300072843887, 0.0007033857525389469, 0.000220837360583343, 0.00020335666650375323, 0.00021123343152593588, 0.000154220850992792, 0.00017859905144641352], "v_base": [0.050474805741554295, 0.007448106477420136, 0.002598511974483512, 0.00952559160486391, 0.003296895113096894, 0.0020275993414253886, 0.0011753757057922415, 0.0011388390364086786, 0.001322032474685446, 0.0010852075650383836, 0.0010027383360837916], "s": [1.8151140172473081, 0.07824098008259735, 0.17659610001075018, 0.06532261288096029, 0.24544368001991473, 0.2462613722964542, 0.24623935028041533, 0.24620182572693008, 0.24623611600213438, 0.24591229927697347, 0.22921769384728613], "H": [2.5518518414104574, 0.055832391872329655, 0.2079075176074869, 0.0335959224438054, 102.1526043541706, 30.12815503597676, 157.5338805343811, 7.587410681919738, 4.720662901023032, 0.6035111893135455, 0.043036806017466595], "C": [0.11341125537329147, 0.004625726976143326, 0.011893996415059324, 0.002520505983686951, 0.01899758371486922, 0.015952374630376298, 0.0085843912067205, 0.006410990446345748, 0.008651636968245786, 0.008224321520749846, 0.004543913686852945], "steps": [0, 10000, 20000, 30000, 40000, 50000, 60000, 70000, 80000, 90000, 100000]}