{"fMOLHO 1": [180.26204311387013, 0.005896339223614312, 0.008373142334042929, 0.003623150231771584, 0.005657514582963848, 0.009402314908170409], "fMOLHO 2": [447.06274909306006, 0.006291921166858774, 0.0008504749939443834, 0.006205992408924953, 0.007100563232184954, 0.0012179243797685994], "fMOLHO base 1": [120.00398800059854, 0.0029058828405006325, 0.0005234804112588639, 0.0020383335840140388, 0.0026107864469700143, 0.002119350604909166], "fMOLHO base 2": [283.0625965040437, 0.0029996775102026315, 0.00040288523345162214, 0.0019775116144745567, 0.0026785738850864716, 0.0006578954574771071], "u": [0.05177565749523288, 0.0016394967645722515, 0.0015546838026743053, 0.0016507228864650306, 0.0014489661137192824, 0.0014473021105175145], "v": [0.01981118489996264, 0.0050321866415270235, 0.004971463162930925, 0.005207015270169197, 0.00490725883156214, 0.004886876887827413], "s": [25.529736935850476, 0.003440588727759005, 0.0007927047174561638, 0.005708904475696623, 0.005991548851546417, 0.0006351538105309466], "H": [3.6725925537108397, 0.12311402774635519, 0.03131355582692229, 0.2416077405626528, 0.14634497671628657, 0.03084247923677683], "C": [0.06640460548473756, 0.014739062186675195, 0.007920050629125644, 0.006299663258658686, 0.01081806749908993, 0.010293395669768212], "steps": [0, 10000, 20000, 30000, 40000, 50000]}