{"fMOLHO 1": [0.02733656631646392, 2.2768075134899316e-05, 2.0195014852421687e-05, 1.9242578121578102e-05, 1.9559674153078834e-05], "fMOLHO 2": [0.02798625973660934, 4.328534744511309e-05, 3.9681505244665185e-05, 3.894648357937053e-05, 3.741217006764618e-05], "fMOLHO base 1": [0.01704195885590615, 4.121465398290439e-05, 3.831009808613792e-05, 3.799829592573022e-05, 3.750651946953601e-05], "fMOLHO base 2": [0.015947574014993752, 0.00010800051618359054, 0.00010540257415825857, 0.00010423303692887851, 0.00010384206757621799], "u": [0.23899721658037834, 5.568144998804238e-05, 3.655678747546894e-05, 3.225898856295017e-05, 3.0441355819637455e-05], "v": [0.24640580649532495, 3.474038416231991e-05, 2.5862378258625425e-05, 2.1975629531690095e-05, 2.049323359463193e-05], "u_base": [0.19606880916955574, 1.0617045899181518e-05, 7.4159924135996054e-06, 7.022055196013988e-06, 6.426942947901e-06], "v_base": [0.16564727398892848, 1.792180653343622e-05, 1.1792160178894886e-05, 9.388804173601966e-06, 9.614455756263243e-06], "s": [0.7454259278487237, 4.46143382844793e-05, 4.121656046528279e-05, 3.870255989848342e-05, 4.329489641661352e-05], "H": [0.07822570968150767, 0.0004950330096691385, 0.00038269208764101984, 0.00034506193922013403, 0.00032789183343214385], "C": [0.04243815858626302, 0.00023454967889448882, 0.00019254040766176084, 0.00016874500034438946, 0.0001516036752509556], "steps": [0, 10000, 20000, 30000, 40000]}