{"fMOLHO 1": [2.0828941827214007, 0.00398811937194886], "fMOLHO 2": [11.026999735618784, 0.004017033075136893], "fMOLHO base 1": [2.0318997682558737, 0.02144490091557673], "fMOLHO base 2": [21.652149760386504, 0.05661455108896121], "u": [10.76947348336652, 0.00845905157101753], "v": [166.96135669780682, 0.023140183028276397], "u_base": [0.005943854295094121, 0.000614028286732968], "v_base": [0.04075522067496878, 0.002120187618119434], "s": [2.805960075150077, 0.06047644284698564], "H": [1.0879674978572744, 0.09281853127825959], "C": [0.20077832350163424, 0.0066506978768366325], "steps": [0, 2000]}