{"fMOLHO 1": [0.0001250283566528542, 1.7486765428054306e-06, 1.756691172291628e-06, 1.6781054435311862e-06, 1.6114229047434105e-06], "fMOLHO 2": [7.571132012874524e-05, 1.117692120027527e-06, 1.154370295497437e-06, 1.1755993939001369e-06, 1.089622226325761e-06], "fMOLHO base 1": [7.304720072945307e-05, 1.1878256356593612e-06, 1.1931886195455974e-06, 1.1406889085507204e-06, 1.104765040197745e-06], "fMOLHO base 2": [4.277619703428439e-05, 9.265721984849363e-07, 9.334077448998253e-07, 9.572540515881776e-07, 9.107910978401847e-07], "u": [0.1532133326179681, 0.0003080613182400114, 0.00024244085464542956, 0.00021950670497863337, 0.00019947300864191518], "v": [0.08485993726229026, 0.0003284153533599218, 0.00026530679767204727, 0.00022804209488640453, 0.0002000676005919865], "u_base": [0.05298315558202048, 2.6797843836809253e-05, 2.483449612749235e-05, 2.2678229107559884e-05, 2.1131286889793004e-05], "v_base": [0.3303335476783615, 7.894570356465837e-05, 7.13592330165968e-05, 6.574812030764345e-05, 6.03321437216989e-05], "s": [0.5521949157432935, 0.00044646708743627245, 0.0003742525191025905, 0.00032935436475864974, 0.00029673110062206743], "H": [1.4682019538589222, 0.008148292978664054, 0.006291710664047293, 0.005297522696361117, 0.005218783323369217], "C": [0.09339482919397511, 0.0010464196561867582, 0.0010164326827233332, 0.0009842902166078058, 0.000940972755392111], "steps": [0, 10000, 20000, 30000, 40000]}