{"fMOLHO 1": [63.863353890299756, 0.02737412310144286, 0.005921702723485979, 0.00273799358562611, 0.0029605197182495623, 0.008889481311246273, 0.0023875970964919425, 0.011236930891968238, 0.00887628780893988, 0.0057576082328433245, 0.002485882038868329], "fMOLHO 2": [47.402748935165, 0.02390594959275893, 0.005693675950830853, 0.008917554673668336, 0.007242086272027311, 0.007936081506670896, 0.0048092774974613, 0.0041403070431141106, 0.005201165281378687, 0.009630135575492919, 0.0024333038468475642], "fMOLHO base 1": [37.3347346908828, 0.017989523742721215, 0.01246434350753027, 0.008129713232848649, 0.0010469112339406411, 0.00932552390327782, 0.0016053868527242518, 0.0008892553516995578, 0.0015455789510651929, 0.005911668474979391, 0.010892387257538504], "fMOLHO base 2": [27.348086272770107, 0.019228656217433596, 0.034356002823830306, 0.005267010936494294, 0.004103889215383602, 0.02237528538792852, 0.0026725144150114687, 0.0046227878077494695, 0.007641115619406963, 0.025064284519478952, 0.04706852903405015], "u": [0.10050331407015244, 0.0038942058420695824, 0.0032436331193088225, 0.015097398085569529, 0.005834278015384405, 0.002947843900866336, 0.008645506070746913, 0.006230365758265084, 0.005909283903684582, 0.004753762189971372, 0.0024351026422144034], "v": [0.1660812853548825, 0.011853074524438519, 0.005920642774155275, 0.023266417791890162, 0.010143761771697984, 0.004522602474060577, 0.015981900384622126, 0.014789102479065673, 0.01049776789443215, 0.00883933792853784, 0.005856826964952934], "u_base": [0.050989952086918006, 0.0005084792859671621, 0.000155512983643272, 0.000210709539228655, 0.00016501021356693353, 0.00015416742213977746, 0.0001709701003384177, 0.00017956513917701653, 0.00016137629456758714, 0.00015337191349934682, 0.0006096802803082021], "v_base": [0.05243196288572756, 0.0014671303527469901, 0.0009681917826882785, 0.0015677294060408443, 0.0010061627148329974, 0.0010261807372614563, 0.0010642354158685236, 0.0010423171583694454, 0.0010415216806624857, 0.0010066013174513044, 0.0030860021857293603], "s": [2.227380935274818, 0.21698660045449228, 0.12344516030877499, 0.24328580527104604, 0.24037443263710412, 0.16703703184132354, 0.2426577773764326, 0.2370006202346083, 0.2226916765479859, 0.1656959617969533, 0.057110571573515484], "H": [2.7113875501075833, 0.4986012512095812, 0.06484124607999038, 42.4572387254738, 0.7866424697599051, 0.0566027313775471, 47.051683184047235, 114.1357950825118, 1.8761060477799971, 0.0886537635201663, 0.021447464209987516], "C": [0.04330631739334325, 0.010616798884553183, 0.0005522351696677926, 0.014794175530939214, 0.0037711303912786234, 0.0015053552519965867, 0.006859673642263475, 0.0056108461034739205, 0.0034062204998630405, 0.0022737216107891543, 0.0007205276789987003], "steps": [0, 10000, 20000, 30000, 40000, 50000, 60000, 70000, 80000, 90000, 100000]}