{"fMOLHO 1": [0.05511553471535168, 1.844774826509466e-05, 1.6782162653436543e-05, 1.5311749157923904e-05, 1.4854310466443951e-05, 1.4818490765396386e-05, 1.4570916180015178e-05, 1.3851446404869575e-05, 1.3878371127382427e-05, 1.2276501040995493e-05, 1.55679498189285e-05, 1.3927821709866312e-05, 1.4249697224309952e-05, 1.1877832518578852e-05, 1.3785112329692774e-05, 1.3920166224399751e-05], "fMOLHO 2": [0.04185335756081937, 3.133931174031718e-05, 3.094685494561361e-05, 2.8825654242782402e-05, 2.8394955608607977e-05, 2.8268340565426108e-05, 2.825492369146659e-05, 2.6862841017508993e-05, 2.835844672546787e-05, 2.5685493355399176e-05, 2.7809170030283446e-05, 2.772455825900969e-05, 2.7611265008564698e-05, 2.2799984919343477e-05, 2.645109832212887e-05, 2.701753656907208e-05], "fMOLHO base 1": [0.03465069772049597, 2.944786712209192e-05, 2.812760618512287e-05, 2.7122782336961875e-05, 2.6859329574979573e-05, 2.6815584159573713e-05, 2.679554485395699e-05, 2.6499511966160182e-05, 2.647197317808985e-05, 2.5543194560676776e-05, 2.6456853367587127e-05, 2.6316590440068593e-05, 2.638501157628334e-05, 2.5430736390037976e-05, 2.6264424122574535e-05, 2.64513725456989e-05], "fMOLHO base 2": [0.023959981405305763, 7.401647218764977e-05, 7.29417361211782e-05, 7.159360551070878e-05, 7.124624678573123e-05, 7.128818580440753e-05, 7.133122046699787e-05, 7.121736367250416e-05, 7.130324821367218e-05, 6.911805719250495e-05, 7.122586957845839e-05, 7.035869545514065e-05, 7.023141813446916e-05, 6.856649691519806e-05, 7.002463444449139e-05, 7.065469621807297e-05], "u": [1.2260511314263385, 6.324729140795426e-05, 3.591912059405815e-05, 3.0507058054524713e-05, 2.6715824652974567e-05, 2.4230177159483108e-05, 2.1750421031000296e-05, 2.0306120598587677e-05, 1.9173852406104924e-05, 1.9750587365801696e-05, 1.8723775785311615e-05, 1.7059929961001283e-05, 1.654486271703506e-05, 1.6761858829658233e-05, 1.5529169940631347e-05, 1.5292686394090646e-05], "v": [0.20201330413772883, 4.7842236981436916e-05, 3.0730369607040075e-05, 2.4805731218312364e-05, 2.1557045607056547e-05, 2.112222575154257e-05, 1.8720711565745827e-05, 1.8222985367261286e-05, 1.5615730528896262e-05, 1.5960809515905836e-05, 1.460782672785409e-05, 1.3470190300391349e-05, 1.3730007820384554e-05, 2.011569777816377e-05, 1.1576683280553066e-05, 1.1686156985357584e-05], "u_base": [0.48653494187719704, 1.2881843274441248e-05, 8.188702412507243e-06, 6.922466839887963e-06, 6.304565253275146e-06, 5.846496244065038e-06, 5.625345111316285e-06, 5.9260268189384026e-06, 5.135695052853731e-06, 5.5392977079724894e-06, 4.636614941757277e-06, 4.7163616234886445e-06, 4.414239063304969e-06, 6.019342709677641e-06, 4.618840158209252e-06, 5.0439538062490335e-06], "v_base": [0.4696027352383392, 2.6723321679847054e-05, 1.490644738546903e-05, 1.1431136681911248e-05, 1.0045845075129355e-05, 9.954626966501043e-06, 9.233369387170231e-06, 1.0402037367456175e-05, 7.952004875679986e-06, 7.790532682856803e-06, 7.39975019310347e-06, 6.874141130357092e-06, 6.705717094913441e-06, 1.0046554543144223e-05, 7.258476743630824e-06, 7.91292125775325e-06], "s": [0.9897427189608775, 5.3551231430033004e-05, 3.859305160484834e-05, 3.559767608183247e-05, 3.4454159637115293e-05, 3.432240069948382e-05, 3.364875529298798e-05, 3.724286783486192e-05, 3.584952350790163e-05, 3.443877021884299e-05, 3.261814460160809e-05, 3.396176799567325e-05, 3.1961421532137945e-05, 4.15141287179638e-05, 3.62445266995357e-05, 3.4846008201609e-05], "H": [0.04183237185339889, 0.0005155004315346691, 0.00038027135705356955, 0.0003379804572139741, 0.00031118781695859744, 0.0002940837366328852, 0.0002774502790786025, 0.0002679882010028446, 0.0002597187893327639, 0.0004137377598702032, 0.0002572580521293416, 0.0002410568651605496, 0.00023292379563363055, 0.0003656725081720688, 0.0002258887758696666, 0.00023478908361705144], "C": [0.04419399855739323, 0.00025653823596880515, 0.00022346760038003332, 0.0002013245965772088, 0.00018127725901779151, 0.0001646172177599485, 0.0001517440607714544, 0.0001427806784956454, 0.00013478868990733184, 0.0001340987315746822, 0.00011827272782447515, 0.00010993451842633884, 0.00010347989648404743, 0.00011461588718554924, 9.401430014993064e-05, 9.347409428379666e-05], "steps": [0, 10000, 20000, 30000, 40000, 50000, 60000, 70000, 80000, 90000, 100000, 110000, 120000, 130000, 140000, 150000]}