{"fMOLHO 1": [0.0001426231402316208, 2.9355151816084598e-06, 3.122484803120226e-06, 2.83197060048974e-06, 2.980050225116357e-06], "fMOLHO 2": [7.234030445030975e-05, 1.936684147124311e-06, 2.062527737795972e-06, 2.1198774660615056e-06, 2.2482063803647483e-06], "fMOLHO base 1": [8.488024854620497e-05, 1.9244597470173203e-06, 2.0691796457407763e-06, 1.8823346058011928e-06, 1.9524348734011357e-06], "fMOLHO base 2": [4.35831544664133e-05, 1.465560781295576e-06, 1.558974725511211e-06, 1.6032971918394957e-06, 1.6661765153033679e-06], "u": [0.2537082585595, 0.0008013470676419576, 0.000589884140012149, 0.0004793842512612592, 0.0005076831524562068], "v": [0.3363758700864216, 0.0010305451334799685, 0.0008412715932360656, 0.0008005385277882636, 0.0007064651892142441], "u_base": [27.931254887090144, 0.0008539678222936761, 0.0007034479655278101, 0.0006032392837176227, 0.0007872193402322785], "v_base": [22.407112114061487, 0.0012687346553081238, 0.0009128457573507853, 0.0007940314551557284, 0.000852396162760457], "s": [0.5655467853954548, 0.001485902981005005, 0.0012585955217307588, 0.0010387483571263811, 0.000979708589418115], "H": [8.09040659426467, 0.027640812968635447, 0.024546001601345728, 0.0187717540714783, 0.02598139036837458], "C": [6.062950940568591, 0.020737356166915976, 0.014133315067866163, 0.010575556904991228, 0.012925770005405332], "steps": [0, 10000, 20000, 30000, 40000]}