{"fMOLHO 1": [0.00012086794070303613, 2.6135870641217868e-06, 1.5993015758792596e-06, 1.3674043216501765e-06, 1.3692338161098214e-06], "fMOLHO 2": [8.637361462919932e-05, 1.1745082015832927e-06, 8.667478103205345e-07, 7.83042230870847e-07, 8.177960865000249e-07], "fMOLHO base 1": [8.082462121898378e-05, 1.7489839654550952e-06, 1.0940749572114933e-06, 9.536056038263353e-07, 9.58304687066056e-07], "fMOLHO base 2": [4.610951827062066e-05, 9.872224918135396e-07, 7.936491291765455e-07, 7.277246648577435e-07, 7.658822310365757e-07], "u": [0.20836784733361435, 0.00016623255637608048, 9.511734161526277e-05, 8.954364608570966e-05, 8.314330221962212e-05], "v": [0.09070487893582548, 0.00021021641148119994, 0.00011989743066844061, 0.000106135271047001, 8.828383081450783e-05], "u_base": [12.689203661077153, 0.0002443728321169157, 0.00016201973844458446, 0.0001407980398802555, 0.0001850944837576254], "v_base": [25.651788790859488, 0.0002363709983036844, 0.00013617245036519587, 0.0001473461114050488, 9.927856441739953e-05], "s": [0.07503775026238876, 0.00019212104495491204, 8.530520629545608e-05, 6.504100375272176e-05, 5.9447714451239606e-05], "H": [0.36378562118940067, 0.0038911810510120176, 0.002899889816222243, 0.0027972011804551196, 0.002273220513790077], "C": [0.07557211187014931, 0.0005529938226620113, 0.0005012464085205096, 0.0004677380203442653, 0.0004378352432006492], "steps": [0, 10000, 20000, 30000, 40000]}