{"fMOLHO 1": [0.0003566244197209274, 2.445019202848002e-07, 2.6657894567091233e-07, 3.0537458379418915e-07, 3.301803218913495e-07, 3.5265083260685736e-07, 3.8695172460405595e-07, 4.137175719874607e-07, 4.27226316711569e-07, 4.38492656080569e-07, 4.491513223663433e-07, 4.5777843193704527e-07, 4.674326454705371e-07, 4.740947055064054e-07, 4.858855069883584e-07, 4.989643909091176e-07], "fMOLHO 2": [0.00031058230688776374, 2.2541711148060445e-07, 2.5656326511782657e-07, 2.725214933469659e-07, 2.7031169316047605e-07, 3.114532401358324e-07, 3.512916032187656e-07, 3.737749145371414e-07, 3.895877159044921e-07, 3.8254047433610655e-07, 3.8396624789532564e-07, 3.9395804710593637e-07, 4.059979145123496e-07, 4.194586321202668e-07, 4.263073933355434e-07, 4.2899700971111613e-07], "fMOLHO base 1": [0.00022400930872411016, 2.0537492144711778e-07, 2.2229394418916186e-07, 2.4879156140862663e-07, 2.6558547963778436e-07, 2.7777169224518827e-07, 2.99688243154842e-07, 3.1939882209902305e-07, 3.297458829066093e-07, 3.363140496326251e-07, 3.433911449808427e-07, 3.491178918339935e-07, 3.549342048178777e-07, 3.6081192245242793e-07, 3.6795525668772565e-07, 3.7393663906528703e-07], "fMOLHO base 2": [0.0001980561642060289, 2.660006203555824e-07, 2.844086958968402e-07, 2.817857293449261e-07, 2.810415244298511e-07, 3.0692016551699266e-07, 3.3174760302279284e-07, 3.5139762681488244e-07, 3.6596227599179905e-07, 3.6120774304458835e-07, 3.6345483527822137e-07, 3.7068768081916265e-07, 3.799326934427422e-07, 3.892344942411649e-07, 3.9280268402435206e-07, 3.913816246698066e-07], "u": [0.3637143400935781, 0.00010124349536890172, 7.564779028467956e-05, 6.813393965676222e-05, 6.255913039384552e-05, 6.064829419813543e-05, 6.223204537781355e-05, 6.204473498517204e-05, 5.9926219685384184e-05, 5.995155149954467e-05, 6.058826811208458e-05, 6.103880322717137e-05, 6.013400633565442e-05, 5.846843647900587e-05, 5.669961262736516e-05, 5.523541940516368e-05], "v": [0.19862630346154928, 9.653217433643274e-05, 7.356738591316526e-05, 6.789791865192358e-05, 6.224882715382374e-05, 6.301597302638947e-05, 6.428749941143457e-05, 6.059753851597674e-05, 5.6759607338224115e-05, 5.427916980181982e-05, 5.254878788968832e-05, 5.159868249611315e-05, 5.065867997931822e-05, 4.9437561997641215e-05, 4.823310843968775e-05, 4.7665316895356085e-05], "s": [2.235168163736656, 9.6510452662987e-05, 8.826124080360278e-05, 8.539493712490283e-05, 8.124484739057272e-05, 8.388177313006033e-05, 9.075941671286309e-05, 9.757537600384197e-05, 7.980846871307468e-05, 7.864399091601134e-05, 7.504935634775621e-05, 7.515114592563853e-05, 7.83849577781599e-05, 7.370527950263408e-05, 7.319061767979003e-05, 7.279234930448326e-05], "H": [0.99055066759216, 0.002744143504929278, 0.0021519546642217026, 0.0018401262356497717, 0.0016154351152471759, 0.0014410170306640869, 0.0014101928223241333, 0.0012434347634361865, 0.0011822112670761527, 0.0011035649334195329, 0.001050938031789519, 0.0010109057435290637, 0.0009805076766055067, 0.0009542827162431484, 0.0009299432475096302, 0.0009522852074789874], "C": [0.035050335913940044, 0.0004949805129828338, 0.0004294658618724922, 0.00038318820076198843, 0.0003423885970496883, 0.0003170321217511212, 0.00029784261978791786, 0.00028597414983731013, 0.00027317678184798883, 0.000261154697821292, 0.0002505634011174748, 0.00024175935304667797, 0.00023353630452216156, 0.0002249541956836342, 0.00021739552781143966, 0.0002103257406866704], "steps": [0, 10000, 20000, 30000, 40000, 50000, 60000, 70000, 80000, 90000, 100000, 110000, 120000, 130000, 140000, 150000]}