{"fMOLHO 1": [103.86143318312538, 0.000358988164217274, 0.00020151451563687827, 0.00021585688414246665, 0.00024600599516525417], "fMOLHO 2": [117.2604254100191, 0.00045104377519584944, 0.00027381030944927305, 0.00021679224790136024, 0.0002420852506230226], "fMOLHO base 1": [49.92895826682261, 0.00026288978994871065, 0.00015014682399533153, 0.00017302168786993287, 0.00016223606221932944], "fMOLHO base 2": [60.37397374462791, 0.0003506815557894276, 0.00019390833936003014, 0.00019593363392587254, 0.00017833333173460786], "u": [0.014219184918721752, 0.00020563932273465308, 8.039228430360801e-05, 6.475897273936306e-05, 5.764606663289651e-05], "v": [0.06819268627110987, 0.0004499368605746666, 0.000190038962336171, 0.00013715631482134086, 0.00011329981067542933], "s": [5.9609112206524735, 0.0009586144507224519, 0.0007611524000727187, 0.0007856325415932505, 0.0007804320001616714], "H": [0.7655879094667086, 0.009332414157157356, 0.005241114986078607, 0.004317843949196935, 0.003986201159746959], "C": [0.13023409193603186, 0.008799191487473533, 0.008393308074642837, 0.008279542801541997, 0.00820353719479427], "steps": [0, 10000, 20000, 30000, 40000]}