{"fMOLHO 1": [0.024765641175655547, 5.512915794453028e-05, 5.079117623862167e-05, 4.642544233821701e-05, 4.6821433411384376e-05, 4.6821108878021126e-05, 4.5233441252120134e-05, 4.507282561401248e-05, 4.246191091577641e-05, 4.434807421469803e-05, 4.573797179063416e-05, 4.341983666404845e-05, 4.398525071204868e-05, 4.337853619405904e-05, 4.1960980786368155e-05, 4.251865401013495e-05], "fMOLHO 2": [0.045688352592391394, 1.5187858415512421e-05, 1.3641516045745463e-05, 1.2874198335250244e-05, 1.2607579390838199e-05, 1.2188091989473357e-05, 1.2119212053891984e-05, 1.213058805013457e-05, 1.138371418137119e-05, 1.1767898137664927e-05, 1.1845713282847872e-05, 1.1623394137980168e-05, 1.0998370141554907e-05, 1.1122246988056119e-05, 1.0756219876111584e-05, 1.1016163621189074e-05], "fMOLHO base 1": [0.015890295479708348, 9.091993848005791e-05, 8.783271739373671e-05, 8.452420783980379e-05, 8.458753299898242e-05, 8.440401893763905e-05, 8.322628420466052e-05, 8.311246254784296e-05, 8.07534395105044e-05, 8.231308888293271e-05, 8.350384615690067e-05, 8.158381627143743e-05, 8.174116073041977e-05, 8.126454490091374e-05, 8.012519523635353e-05, 8.051325576298897e-05], "fMOLHO base 2": [0.02372056723144024, 2.030624039865423e-05, 1.907581887214817e-05, 1.8312198092741964e-05, 1.8189535729370406e-05, 1.7992249500254787e-05, 1.7758904128695345e-05, 1.772155923766426e-05, 1.715049837378182e-05, 1.7469212708655087e-05, 1.7579138511409403e-05, 1.7262429254553355e-05, 1.7061477166787645e-05, 1.7030971508166884e-05, 1.674320734513062e-05, 1.6894287323582276e-05], "u": [0.13870951004418372, 6.9152697348554484e-06, 5.648702443499316e-06, 5.2438845858311004e-06, 4.585848069147168e-06, 4.042685748700339e-06, 3.7751789405340942e-06, 3.736835392717101e-06, 3.6811964458530885e-06, 3.5642427672555633e-06, 3.508577518380038e-06, 3.5125041013837214e-06, 3.5777024484870885e-06, 3.6190255415510354e-06, 3.6941224940824858e-06, 3.688732079508291e-06], "v": [0.038079215963535036, 1.0531805322745137e-05, 7.747741211132733e-06, 7.244831518561695e-06, 6.34648504658327e-06, 6.047491579631724e-06, 5.903889440609216e-06, 5.593164895210318e-06, 5.292950229902253e-06, 5.035720123520898e-06, 5.011761727791289e-06, 4.878622000124139e-06, 4.808707659745078e-06, 4.7662996735318185e-06, 4.792986415638864e-06, 4.780986351588046e-06], "u_base": [0.026088180978028914, 3.2530462385646214e-06, 2.2137841054265676e-06, 2.2241808361246453e-06, 2.0485731435101724e-06, 1.9213536946989706e-06, 1.9694540104374927e-06, 1.9620631875602867e-06, 1.938888526049074e-06, 1.878340259439e-06, 1.785483975983839e-06, 1.901331503611454e-06, 1.660181141017948e-06, 1.7495087402999692e-06, 1.70436801691548e-06, 1.7250401336418384e-06], "v_base": [0.03481951246138251, 1.2540205620740284e-06, 7.368772071890575e-07, 6.053359846043745e-07, 6.50967654918298e-07, 7.307666286916643e-07, 6.166687957168772e-07, 5.914317665528464e-07, 6.090603931857017e-07, 6.13092541729929e-07, 6.548253903085512e-07, 5.699852097523005e-07, 7.213728054425355e-07, 6.516446696046311e-07, 6.449026327998339e-07, 6.262542537777613e-07], "s": [1.8745202439652275, 2.7517583015388745e-05, 1.96054165346862e-05, 2.444525490683412e-05, 1.957508327285065e-05, 1.839598201087024e-05, 1.898644560676526e-05, 1.847728935186276e-05, 2.5324844565054075e-05, 1.850961336243405e-05, 1.7645340889957116e-05, 1.84025359613518e-05, 1.7458027806367768e-05, 1.83305146973265e-05, 1.7890825552422515e-05, 1.7834654391730137e-05], "H": [0.14284495382457965, 0.00036089721734627986, 0.00026562233571380314, 0.0003387380543081086, 0.00022812780281048685, 0.0002100068472125742, 0.0002039818564884683, 0.00019259564219393485, 0.00025226348543769776, 0.0001796919691513328, 0.0001946970540899209, 0.000169235246283462, 0.00016833305506120668, 0.00016199925500601085, 0.00020917340429850418, 0.00015201732248030486], "C": [0.06977352881140926, 4.6829846686973294e-05, 2.9034085953292007e-05, 2.361719790147817e-05, 1.9982085106071007e-05, 1.69626678984585e-05, 1.4935447467821533e-05, 1.3565783454323033e-05, 1.3034742567352345e-05, 1.1753710381479367e-05, 1.0959806162648072e-05, 1.0325625319254336e-05, 9.827100092426302e-06, 9.552922243695744e-06, 9.46362172911851e-06, 9.01790939597449e-06], "steps": [0, 10000, 20000, 30000, 40000, 50000, 60000, 70000, 80000, 90000, 100000, 110000, 120000, 130000, 140000, 150000]}