{"fMOLHO 1": [0.0023700117966015074, 1.079727354000589e-05, 4.629372283158942e-06, 3.885653659583772e-06, 3.8022159171820962e-06], "fMOLHO 2": [0.0011878658269106057, 9.736310947354399e-06, 5.959318058812091e-06, 5.575612958518784e-06, 5.2057031451043924e-06], "fMOLHO base 1": [0.0016950300057669376, 6.905080387633136e-06, 5.107265822038115e-06, 4.66891176475186e-06, 4.4962666567653e-06], "fMOLHO base 2": [0.0005262287635548677, 1.1406855570663333e-05, 1.0332644946910441e-05, 1.0080280532852221e-05, 1.0023815110720342e-05], "u": [0.07599255528983899, 0.00029916398317816624, 7.001234285480387e-05, 4.51877979402746e-05, 4.0494142782279614e-05], "v": [0.21106708063376994, 0.000282458090024688, 7.852936702861706e-05, 5.4321066893603745e-05, 3.968588631067869e-05], "u_base": [17.913149095466494, 0.0021351910931868287, 9.83506032917902e-05, 6.631327772478805e-05, 6.108730378556354e-05], "v_base": [31.455227046677525, 0.0005079976111475943, 7.926734154870232e-05, 6.419972616675375e-05, 5.897428305538222e-05], "s": [0.5348175851800029, 0.00021492187389741743, 7.012737145528694e-05, 5.441451326140805e-05, 4.9459235626774414e-05], "H": [0.05709287833071594, 0.0010172077666180022, 0.0005913899054341044, 0.0004949218373376802, 0.00043500699563473415], "C": [0.024720922571754563, 0.00029062397144566046, 0.0002717017756959973, 0.00025356945487229764, 0.00023517559033744279], "steps": [0, 10000, 20000, 30000, 40000]}