{"fMOLHO 1": [8.611626901298867e-05, 2.2954307305356836e-07, 2.448363022802345e-07, 2.667490984071895e-07, 2.804911751564425e-07, 2.8850008138856006e-07, 2.8661346996309254e-07, 3.049206172326053e-07, 3.214871741462e-07, 3.2598581845312006e-07, 3.354843650539516e-07, 3.413243940741829e-07, 3.4975818804437004e-07, 3.6386122544620417e-07, 3.7331183350752216e-07, 3.7497454197273945e-07], "fMOLHO 2": [0.0001088213891922357, 2.712485785918838e-07, 2.897998733107982e-07, 3.039116292574797e-07, 3.211777193279291e-07, 3.366298738624828e-07, 3.3941922446330325e-07, 3.524614299367046e-07, 3.6405378249753857e-07, 3.667186545925525e-07, 3.701032188816479e-07, 3.701517564762415e-07, 3.757532616790086e-07, 3.863298629952899e-07, 3.9238764501409724e-07, 3.948258500334659e-07], "fMOLHO base 1": [4.92322805003972e-05, 2.1335749375872734e-07, 2.139262111110995e-07, 2.1888563849105258e-07, 2.2344058538691205e-07, 2.3112374043872284e-07, 2.3404992460788775e-07, 2.4739645971848635e-07, 2.596254848672126e-07, 2.6239400490491074e-07, 2.704711477094894e-07, 2.7374414414750545e-07, 2.789554773356073e-07, 2.894173849671049e-07, 2.965600162030107e-07, 3.043624643265205e-07], "fMOLHO base 2": [6.361399656552311e-05, 2.9217792888295314e-07, 3.0068384862747587e-07, 3.0039219225047253e-07, 3.0630423138821027e-07, 3.2409489655526394e-07, 3.2735965658292936e-07, 3.352782305535342e-07, 3.430037709936458e-07, 3.4309183122550014e-07, 3.459905439700369e-07, 3.461024755635266e-07, 3.5008970885816707e-07, 3.581200407251059e-07, 3.610838603387313e-07, 3.6580753855744396e-07], "u": [0.2928141101622725, 0.00011006565037115141, 7.901129337317362e-05, 7.243926361688036e-05, 6.76677463886424e-05, 6.460075698273527e-05, 6.317004642748295e-05, 6.076603369966823e-05, 5.9013876137953703e-05, 5.761542798230031e-05, 5.60488330493243e-05, 5.4381724746474186e-05, 5.22948040389378e-05, 5.006895469058652e-05, 4.820241477488361e-05, 4.634392890367278e-05], "v": [0.2257537579527583, 0.00011427173473797748, 6.791272936603108e-05, 6.223520658692709e-05, 5.9483624391226866e-05, 5.7592246088442586e-05, 5.421975904447844e-05, 5.2191966914223034e-05, 5.067229307073403e-05, 4.952253450120002e-05, 4.887510867092742e-05, 4.863027442501134e-05, 4.843067865049796e-05, 4.726212396846379e-05, 4.575292739997626e-05, 4.370006625134948e-05], "s": [0.5628316293289165, 0.00011698349488389011, 0.000100124757068755, 9.013089255136115e-05, 8.402982862562453e-05, 7.867927640870071e-05, 7.442623663527e-05, 7.168865409259815e-05, 6.901735427102032e-05, 6.697602544114403e-05, 6.496248924699283e-05, 6.355459029040938e-05, 6.380382253323252e-05, 6.50234596396815e-05, 6.689202397170839e-05, 6.358709572980223e-05], "H": [1.3313502567164934, 0.0024520187174528027, 0.0023276992463020425, 0.0016746649939526636, 0.0014944944199436153, 0.001387179876871057, 0.001267446661179395, 0.0011975669278065856, 0.001129408869863165, 0.0015197836947202466, 0.0010637661150635631, 0.0009999411711606818, 0.0009641554974419286, 0.0009264622982685991, 0.0009053636192550277, 0.0008718095342119869], "C": [0.059685916267688, 3.4367181233428593e-06, 2.243888254939595e-06, 2.292435693090581e-06, 2.446232041597104e-06, 2.5596680075303323e-06, 2.569567184496114e-06, 2.483095781200735e-06, 2.3676518268253275e-06, 2.2930314879493874e-06, 2.266692088350644e-06, 2.3135777138926183e-06, 2.3871401851594293e-06, 2.468461509183353e-06, 2.5349788835656364e-06, 2.564969367250746e-06], "steps": [0, 10000, 20000, 30000, 40000, 50000, 60000, 70000, 80000, 90000, 100000, 110000, 120000, 130000, 140000, 150000]}