{"fSSA1": [59.5890754763464, 0.030945771147855773, 0.005730979485050397, 0.0005178570609939027, 0.002990998684503235, 0.00160907811882132], "fSSA2": [63.05841420346128, 0.0058779152129422585, 0.009441108535644425, 0.0044902098153128765, 0.0037288953524433994, 0.0007703984516461501], "u": [504.18374637188055, 0.00615720780473718, 0.00438486963484023, 0.003982194151908558, 0.0036422898130467826, 0.003117427567660252], "v": [521.4978697246244, 0.014945230083421605, 0.00957212959737173, 0.011177031850659044, 0.007276322490524119, 0.006724269634155123], "s": [0.4368011598440775, 0.002706832103485462, 0.0014319820994308935, 0.0011457007526608847, 0.000991564848796521, 0.0008040542066521875], "H": [0.8057066154195973, 0.0157393789225704, 0.008093881579679737, 0.0069090144515233124, 0.006559482186925265, 0.006251715144216973], "C": [0.4264556185713958, 0.02300717591343038, 0.018348354914859685, 0.015908636856799854, 0.015662227137418726, 0.015689920918894082], "steps": [0, 10000, 20000, 30000, 40000, 50000]}