{"fMOLHO 1": [0.00028881191048117736, 3.885630297502875e-07, 3.114406898815854e-07, 3.1374160594142254e-07, 3.000368463420122e-07], "fMOLHO 2": [0.00011619988318855197, 3.545714267810158e-07, 3.316023195446933e-07, 3.221101853591244e-07, 3.3739535472979985e-07], "fMOLHO base 1": [0.000154752580311479, 3.140255067332957e-07, 2.737189569743118e-07, 2.7938126679583885e-07, 2.7571707573897406e-07], "fMOLHO base 2": [7.348089049941202e-05, 4.4405196666363093e-07, 4.4445498911124103e-07, 4.3764980861220005e-07, 4.3254621020393717e-07], "u": [0.3127721597569883, 8.808959629403629e-05, 6.398497816612061e-05, 5.38134849365354e-05, 5.0215592623814e-05], "v": [0.29428772042108786, 7.982254610838429e-05, 5.3160031153041666e-05, 4.2736281373084465e-05, 3.909766128613522e-05], "u_base": [0.284380177571201, 1.5731859376170275e-05, 1.0787497239792535e-05, 9.303498021661566e-06, 9.230417320474955e-06], "v_base": [0.10486887360172632, 3.066372028183736e-05, 1.9790331179013228e-05, 1.5673457100254847e-05, 1.5415823696668162e-05], "s": [1.0424658583996274, 9.693462748618692e-05, 7.906534260054712e-05, 6.63549279164859e-05, 6.412251059915544e-05], "H": [0.4593015917132296, 0.0016272784229360514, 0.0012838489623324717, 0.0011258895160525754, 0.0013167928693000673], "C": [0.03852935136898269, 0.0002685356251910506, 0.0002510608331569604, 0.00023267473548683852, 0.00021612926995858147], "steps": [0, 10000, 20000, 30000, 40000]}