{"fSSA1": [634.8867905900562], "fSSA2": [1212.8086406478228], "u": [486.806975383792], "v": [1635.068598720792], "s": [7.538921397010663], "H": [NaN], "C": [0.06503395671067799], "steps": [0]}