{"fMOLHO 1": [0.0001447121997763961, 2.6026889832465154e-06, 2.319519985002353e-06, 1.942039651609552e-06, 1.782293787890329e-06], "fMOLHO 2": [5.171889787715391e-05, 1.3724047669090742e-06, 1.1874887202210214e-06, 1.1574168877314238e-06, 1.212943561509787e-06], "fMOLHO base 1": [7.270141865528429e-05, 1.736817100973612e-06, 1.5627675959154833e-06, 1.3306348206630562e-06, 1.2207970978292145e-06], "fMOLHO base 2": [2.8474457051542137e-05, 1.1045475800427461e-06, 9.984683877039336e-07, 9.912995066067814e-07, 1.0219850793917168e-06], "u": [0.03430563553063763, 0.0004008765991122127, 0.0003036420962252926, 0.00025138638074113175, 0.0002215554848669509], "v": [0.7922630710643406, 0.0006519794788683584, 0.00046078891054313217, 0.0003779380943297955, 0.00031206466094502286], "u_base": [45.16538852492907, 0.0006394687648882979, 0.00043000036342908754, 0.00033191727825212266, 0.0002762286005424333], "v_base": [21.05234809332599, 0.000655876557739423, 0.00048226420237229464, 0.0004683482592821497, 0.000438438680905058], "s": [0.5901508821678271, 0.0009687544751959421, 0.0007245020385887519, 0.0005190563129001339, 0.0004561191247910012], "H": [7.129607511564932, 0.0264042784211216, 0.019975788021348317, 0.01603764226943139, 0.013959607462525442], "C": [0.05400809895950163, 0.0005976301762153327, 0.0005902623359715815, 0.0005773231044356563, 0.0005616633427407231], "steps": [0, 10000, 20000, 30000, 40000]}