{"fMOLHO 1": [2.1575076327141445, 0.0025536101943528715], "fMOLHO 2": [11.620660229900215, 0.008267147858339173], "fMOLHO base 1": [2.0641470502800288, 0.01006216989063252], "fMOLHO base 2": [20.73864417227637, 0.039506603567157225], "u": [10.631826526549718, 0.005285338919121451], "v": [187.8673755467111, 0.025728191357661783], "s": [2.4438210924059014, 0.02590240465105348], "H": [1.0812199659667732, 0.09409944523565232], "C": [0.20797333029993476, 0.03144317366345963], "steps": [0, 2000]}