{"fMOLHO 1": [83.74499536890033, 0.005127717468275156, 0.00649350128770998, 0.00568959375055374, 0.002424467599940043, 0.0025039555728269135, 0.00795228757970462, 0.004350837373049091, 0.0022109460304546, 0.006000396606647822, 0.007817314957356464], "fMOLHO 2": [138.60497506731664, 0.006684262603233268, 0.003386096200636271, 0.0049219919239972135, 0.0033560330381984184, 0.0033359038981532778, 0.003607667448086738, 0.005119148804279372, 0.013067806964375725, 0.0014034625621710732, 0.006816760934799147], "fMOLHO base 1": [92.18102952803872, 0.2024369578128371, 0.002054842332612985, 0.004577616970616887, 0.011247957232539697, 0.011271158506408668, 0.019125802527104597, 0.6270178986863553, 0.003577498661058145, 0.0015435084551632533, 0.005508515437428159], "fMOLHO base 2": [173.28089867994436, 0.040787786564887574, 0.007018458802789735, 0.0127089637684882, 0.039307465081888364, 0.03841318344917228, 0.012438081310363652, 0.05109578265585726, 0.20171789201660728, 0.005267439494513489, 0.010568983701694287], "u": [435.1674176874742, 0.01432976452852841, 0.005225680719635198, 0.004452398118815104, 0.004906445444216511, 0.0033559101641801557, 0.006317982979139203, 0.023018040767144258, 0.008536098614815866, 0.007930817027204157, 0.007856866416270623], "v": [1897.5353493754833, 0.02143205104668013, 0.014443597592351061, 0.011109763033941573, 0.015301871562971, 0.011593938654037132, 0.014727304581472627, 0.030968688105238226, 0.02865678045770861, 0.0270452204960409, 0.019531180599903913], "u_base": [0.0527972532753804, 0.0017796045090749475, 0.0006077599880118238, 0.00038885072083301236, 0.0019617489105859826, 0.002040781146596543, 0.0003698770588270909, 0.00037341821271592016, 0.0003746199257809856, 0.00037476043721152325, 0.00037893797653163977], "v_base": [0.08542376763141808, 0.004709189184581163, 0.0026845172504892574, 0.0026110975097126485, 0.011339524919235004, 0.011221045871767582, 0.0026703944113614514, 0.002650911022500427, 0.0026994333302737513, 0.0026494925550184997, 0.0026640369849860366], "s": [2.7748382722079437, 0.24443712781880464, 0.2411944734873596, 0.21932994628807193, 0.04823238281374334, 0.0406365963004578, 0.24633625170972778, 0.235517715908293, 0.23187106808605495, 0.24351281289976412, 0.24064952279239954], "H": [20.839428183944342, 61.6398531611459, 0.726080634184, 0.08418240625779552, 0.028007357385556344, 0.02225295880046969, 227.80511775677024, 32.368547973636154, 13.046797632953794, 5.065886036590348, 1.0064894147689336], "C": [0.09286380104140278, 0.020984865797978244, 0.009436041903699196, 0.003322944289086737, 0.0008361752295788557, 0.0006396657397431245, 0.005323821216998618, 0.0028154391099051816, 0.00460793533931407, 0.003783684366951961, 0.004857022987194822], "steps": [0, 10000, 20000, 30000, 40000, 50000, 60000, 70000, 80000, 90000, 100000]}