{"fMOLHO 1": [82.48405503994285, 0.00040548820271504247, 0.000251200579167155, 0.00030562326329530714, 0.0001787192821786701, 0.000209165745767891, 0.00013305816602903424, 0.00018110846295560167, 0.0001774986853879025, 0.00017089508789153182, 0.00011943758519693039], "fMOLHO 2": [262.66577488785686, 0.0004753146994213785, 0.00036147120657031064, 0.00030027724863191415, 0.0001939373787887244, 0.0003021718655415747, 0.00021573787466884996, 0.00020257741949955912, 0.0002871713324935069, 0.0002417037048163369, 0.0002150015473394826], "fMOLHO base 1": [52.65944817655809, 0.0002848530783626119, 0.0001795875320827119, 0.00013458346941224814, 0.00015971070707727385, 9.995167170994048e-05, 0.00012593503559664283, 0.00010576378391011215, 9.113197599937593e-05, 0.00012702942986216485, 9.3544377996307e-05], "fMOLHO base 2": [158.55346975874662, 0.00039937181557389925, 0.00021232909464445873, 0.00018368279149573032, 0.0002617409767272515, 0.00015321893256554206, 0.0001665656867522507, 0.00017505777319484425, 0.00013588017577597627, 0.00016370848288341726, 0.00013572648429512413], "u": [0.010908174669480129, 0.00018364349123851478, 8.62633442399405e-05, 6.1585936928561e-05, 4.847123680655622e-05, 4.47694120063965e-05, 4.2242716414122694e-05, 3.9734122631734726e-05, 3.737599920274557e-05, 3.5563060715436576e-05, 3.388146407469885e-05], "v": [0.0985280328796074, 0.0003726931962454221, 0.0001334416630558046, 9.976577497124629e-05, 7.960839794036093e-05, 7.989121994220733e-05, 6.995412910458455e-05, 6.588835894616316e-05, 6.196511673569216e-05, 6.0396849468057415e-05, 6.043369299768456e-05], "s": [9.408092671870982, 0.0011129393321737207, 0.0008472310715460962, 0.0008309962941408338, 0.0010003590473335303, 0.0008430851190546113, 0.000924581345538802, 0.0008932349789487318, 0.0008640916946498205, 0.0008634005237519674, 0.0008842217256296415], "H": [0.8790566284910949, 0.010785979643417506, 0.00606146785807893, 0.005090804529900188, 0.004481084829702892, 0.004124255816740023, 0.004010926874992172, 0.003944072659994472, 0.0036458659540663475, 0.003546939516679577, 0.0034867710689883958], "C": [0.05420140994553826, 0.013162438534265146, 0.01277951278740933, 0.012586671478234744, 0.012609159965805248, 0.012353395529203892, 0.012354330670557596, 0.012261915267093925, 0.012180442116732575, 0.012169694186744332, 0.012089948509403519], "steps": [0, 10000, 20000, 30000, 40000, 50000, 60000, 70000, 80000, 90000, 100000]}