{"fMOLHO 1": [0.009626213496797641, 5.583375611118342e-05, 5.077578096015733e-05, 5.268829671504629e-05, 4.781987906930912e-05, 4.5510671241596604e-05, 4.534139892315598e-05, 4.355029120263525e-05, 4.337630625086643e-05, 4.288047307732325e-05, 4.3154328322348015e-05, 4.197958573800641e-05, 4.15255920397751e-05, 4.124693271689787e-05, 4.093203173514304e-05, 4.010144205811202e-05], "fMOLHO 2": [0.021635008484038813, 1.5395890151810905e-05, 1.3499097393054336e-05, 1.291320133445713e-05, 1.2044521850998495e-05, 1.1594310439299095e-05, 1.1005301667835772e-05, 1.1093293830924398e-05, 1.0828978870551658e-05, 1.099717475578125e-05, 1.0013175477345115e-05, 1.0471282427767668e-05, 1.041689360919805e-05, 1.0082627546484398e-05, 1.0083864139152795e-05, 9.574354375381057e-06], "fMOLHO base 1": [0.0056449550988311985, 8.13399032660623e-05, 7.674975047453345e-05, 7.781748913541139e-05, 7.390489832461134e-05, 7.208174319263698e-05, 7.141849881269834e-05, 7.017801188174395e-05, 6.98831160935716e-05, 6.954557715813129e-05, 6.89220820400974e-05, 6.868876409617303e-05, 6.834836802460138e-05, 6.76642856339392e-05, 6.780359015885198e-05, 6.697006269677012e-05], "fMOLHO base 2": [0.013168692738585374, 1.8412866438730424e-05, 1.7036861809901445e-05, 1.6783231827414465e-05, 1.5786459477852394e-05, 1.5452622575949677e-05, 1.5200755488719878e-05, 1.4983634131535883e-05, 1.4807614256128566e-05, 1.4729551218238592e-05, 1.4504702078840845e-05, 1.4428888976289064e-05, 1.4391652237695541e-05, 1.424187712559459e-05, 1.4232455992020971e-05, 1.3998333966456776e-05], "u": [0.09115296306278936, 8.087025420671696e-06, 5.721381854549465e-06, 5.039140998260199e-06, 4.304757070805816e-06, 4.1409198241594535e-06, 4.110149299923493e-06, 3.992611144881797e-06, 3.8459605891161225e-06, 3.7074465802784403e-06, 3.6800490598893136e-06, 3.35652894386774e-06, 3.2350958961019685e-06, 3.2199436267828168e-06, 3.144055020919061e-06, 3.0462118268062785e-06], "v": [0.020080394166490094, 1.1102947128248314e-05, 8.621646304399443e-06, 6.985337118533833e-06, 6.2516407652141655e-06, 5.908238501824168e-06, 5.9065188356398105e-06, 5.963116468723194e-06, 5.714436252254502e-06, 5.4638493129344944e-06, 5.404837721288704e-06, 4.80671982278597e-06, 4.6162666873986875e-06, 4.509662950915654e-06, 4.53178745807088e-06, 5.080017632277178e-06], "u_base": [0.04356644812470455, 2.937179775931571e-06, 2.2166556159158856e-06, 2.1401793486177355e-06, 1.9535267428956156e-06, 1.9431377901284705e-06, 1.6950501505649431e-06, 1.8808303786046182e-06, 1.7752719007670858e-06, 1.906644918611646e-06, 1.4585205580662944e-06, 1.7667622766983807e-06, 1.7615206412870514e-06, 1.61524024015841e-06, 1.6669171153545835e-06, 1.532552757686923e-06], "v_base": [0.07853171413255053, 1.4789800252213539e-06, 9.926133393976627e-07, 9.421383473606119e-07, 6.259747760094177e-07, 6.081600294638254e-07, 7.472924309670343e-07, 5.921603579664482e-07, 6.084855313636669e-07, 5.173456506149956e-07, 8.496966144299471e-07, 5.551852114211532e-07, 5.492050080427357e-07, 6.15715102342359e-07, 5.853617977021507e-07, 6.76112475487365e-07], "s": [1.628186358220931, 2.137083683975938e-05, 2.0038701393549205e-05, 3.0321744146614483e-05, 1.9356883214520846e-05, 1.8312468252784735e-05, 1.9349903604899188e-05, 1.803463359433e-05, 1.7789996836197553e-05, 1.783184182038652e-05, 3.45964983786838e-05, 1.788426557135156e-05, 1.7905793764403777e-05, 2.0083744913417168e-05, 1.8249842257658804e-05, 2.4754043467560796e-05], "H": [0.04694963852740419, 0.000334518696248147, 0.0002551033392850585, 0.0005720010761133391, 0.0002580452745595007, 0.00022211024164837085, 0.00019974386572534623, 0.00019901862342643406, 0.0001784700527481709, 0.00017137798952657926, 0.00020835948717075738, 0.0001570533006742948, 0.000152220721002327, 0.00014886145728646344, 0.0001472042821194003, 0.00013791171588178978], "C": [0.02109680211258425, 4.903853748118965e-05, 2.753296767376077e-05, 2.40586357525761e-05, 1.6737077928700723e-05, 1.4367838706183097e-05, 1.3287880744371008e-05, 1.26388232261841e-05, 1.125421521576379e-05, 1.046010941603608e-05, 1.0127138222268107e-05, 9.37752149167997e-06, 9.446166218350433e-06, 9.411064118272613e-06, 9.899611951783942e-06, 1.2447680692598598e-05], "steps": [0, 10000, 20000, 30000, 40000, 50000, 60000, 70000, 80000, 90000, 100000, 110000, 120000, 130000, 140000, 150000]}