{"fMOLHO 1": [8.456703059409652e-05, 3.0248480573574e-07, 2.601113540289707e-07, 2.450166024069637e-07, 2.5750531953897653e-07, 2.477767400775504e-07, 2.436737312473722e-07, 2.5780229862342765e-07, 2.4823442575748203e-07, 2.542625149365001e-07, 2.558735796748466e-07, 2.5823854048209903e-07, 2.61234119829623e-07, 2.568212299505597e-07, 2.6027982155548885e-07, 2.5995017446525957e-07], "fMOLHO 2": [6.536790784261497e-05, 3.4143879024931713e-07, 2.89269900743501e-07, 3.008733625938445e-07, 3.0203983705803305e-07, 2.8940959480836203e-07, 2.842097433103504e-07, 2.851445238661566e-07, 2.97429641405407e-07, 3.0019368838162834e-07, 3.0048592624618695e-07, 3.0115149168538807e-07, 3.078604336299436e-07, 3.042023305592684e-07, 3.0743091152837313e-07, 3.293686099258309e-07], "fMOLHO base 1": [4.8392595277864945e-05, 2.6921626059655706e-07, 2.475433886483516e-07, 2.355930874102253e-07, 2.3742931047389353e-07, 2.3985206929386687e-07, 2.3803706905567168e-07, 2.526188910971867e-07, 2.453972061827859e-07, 2.4984977578000925e-07, 2.4899536628612523e-07, 2.5212029085706627e-07, 2.5247893302366143e-07, 2.517607541653954e-07, 2.511416680080466e-07, 2.491818637029843e-07], "fMOLHO base 2": [3.9564268348102016e-05, 4.575324614445882e-07, 4.2932143995104924e-07, 4.229214936311077e-07, 4.2272097078177985e-07, 4.305913513625063e-07, 4.326184084039498e-07, 4.448351591456997e-07, 4.4127447530618855e-07, 4.4454911135863285e-07, 4.4590030084168776e-07, 4.518400178258083e-07, 4.5603152667763776e-07, 4.57762029377441e-07, 4.603766045239396e-07, 4.600449696245795e-07], "u": [0.08882517903010276, 6.217065527287918e-05, 4.58011000116694e-05, 3.752036349023807e-05, 3.096265953299659e-05, 2.836812563582707e-05, 2.7499941127352552e-05, 2.7972514516358344e-05, 2.5895993297906e-05, 2.5441520608249597e-05, 2.5048450186675283e-05, 2.451139772486489e-05, 2.3941695082619002e-05, 2.3505538370363467e-05, 2.2834937463982936e-05, 2.240028651147035e-05], "v": [0.2568483337408937, 5.213387091900951e-05, 3.489257709071574e-05, 3.1924990534806163e-05, 2.849167219854e-05, 2.511881798760266e-05, 2.417702122706792e-05, 2.49108987386599e-05, 2.2372469006022114e-05, 2.248419192133871e-05, 2.243111322560655e-05, 2.165129173957359e-05, 2.1067514226086195e-05, 2.05664432086772e-05, 1.9415214320691853e-05, 2.0127572425618166e-05], "u_base": [0.07110554865797022, 1.0828799300151718e-05, 7.650781579463428e-06, 6.908847720975567e-06, 6.8473694369735724e-06, 6.352599445658691e-06, 6.188225148651178e-06, 6.020233815539125e-06, 5.788713360983016e-06, 5.773565863234055e-06, 5.708763912948412e-06, 5.6436231846992095e-06, 5.649676652789369e-06, 5.644877145261059e-06, 5.520708230708718e-06, 5.50930867333298e-06], "v_base": [0.09838533642323913, 2.3070993715953447e-05, 1.6218350923759594e-05, 1.444830468852172e-05, 1.2586186125570505e-05, 1.0210655810980964e-05, 9.698944600135166e-06, 1.0218245139298415e-05, 9.689302945475846e-06, 9.785520510732181e-06, 9.850458554287773e-06, 9.55783127512007e-06, 9.21553281155513e-06, 8.978378559426649e-06, 8.913009431749551e-06, 9.254209773256538e-06], "s": [0.4325951031251716, 6.800959520809603e-05, 6.302184263424613e-05, 6.143215292620314e-05, 6.453942914435933e-05, 4.528629231624765e-05, 4.6190014880466966e-05, 6.662882134876816e-05, 4.195206012290839e-05, 4.1029260027180455e-05, 4.193621791267152e-05, 3.863125516088348e-05, 3.771660374841873e-05, 3.705171307750237e-05, 3.5934674570570245e-05, 3.7102727080435035e-05], "H": [0.1467311086632651, 0.000814067655128552, 0.0007388458102100201, 0.000747894660993182, 0.0006979182007657989, 0.0005450805602142428, 0.0005230737761226134, 0.0008521871590046945, 0.00046692037728575, 0.00044321767021083354, 0.00043708851253105294, 0.0004121144019260326, 0.0004002216767770393, 0.0003916436649944095, 0.00038038288263127966, 0.0004044836431255895], "C": [0.02042479532903793, 0.00025829337479013446, 0.00023176821515936353, 0.00021093081408191257, 0.00019236704821225183, 0.00017641688284959759, 0.0001637850353792521, 0.0001556307486438919, 0.0001450276053649515, 0.00013738235679240963, 0.00013090088791345604, 0.00012534184172492154, 0.00012067618915221662, 0.00011677373822505761, 0.0001133515463928811, 0.0001110209872714449], "steps": [0, 10000, 20000, 30000, 40000, 50000, 60000, 70000, 80000, 90000, 100000, 110000, 120000, 130000, 140000, 150000]}