{"fMOLHO 1": [242.31217494244402, 0.0023996884178801438, 0.00244136892057717], "fMOLHO 2": [338.82668380798094, 0.00350825582713276, 0.0035993821354300707], "fMOLHO base 1": [148.2986949420118, 0.0118001269795994, 0.011622292287370838], "fMOLHO base 2": [212.0428812852759, 0.053541881723983394, 0.045595349084193354], "u": [864.4755927326054, 0.005785584931556903, 0.005747655595695639], "v": [286.5722837105123, 0.012799546402881177, 0.019498544422596985], "u_base": [4.036457198283711, 0.003378359874151608, 0.0021762412515186637], "v_base": [9.224335041903473, 0.00661026839990729, 0.004698047246214087], "s": [8.52980677948088, 0.08535959945542956, 0.06204738468234676], "H": [5.3155591920854075, 0.07632017898644224, 0.05047592614477144], "C": [0.09098357879037097, 0.001436777856148203, 0.0013848247620579575], "steps": [0, 10000, 20000]}