{"fMOLHO 1": [0.0008053609563594901, 1.6137903452600922e-06, 1.3997532484973108e-06, 1.1561007132854026e-06, 1.069886488635282e-06], "fMOLHO 2": [0.00031794143264102747, 7.467820143753156e-07, 8.921534585055583e-07, 8.740868714945827e-07, 8.700935741027597e-07], "fMOLHO base 1": [0.0005187456992419713, 1.1046075654478922e-06, 9.792578249190356e-07, 8.192119756016891e-07, 7.69640197843324e-07], "fMOLHO base 2": [0.00020426320256982546, 7.119776547603693e-07, 8.13727387800798e-07, 8.097402707380678e-07, 8.098668512168046e-07], "u": [0.09518444394415924, 0.0005169475878014074, 0.0003012704276884227, 0.0002826631261113948, 0.00026530470866756393], "v": [0.21884426063018958, 0.0006757369974979002, 0.0003969697300262799, 0.00035856973605751685, 0.0003190996190856756], "u_base": [26.45431658592481, 0.0006972574764011756, 0.0005026899521681404, 0.0004736790993876136, 0.00039948588214908256], "v_base": [23.678070725096436, 0.0008537892480387285, 0.0006564810500710923, 0.0005665293447559458, 0.0004901647314720706], "s": [2.4978809407608122, 0.0007331653620287923, 0.0006001280329789576, 0.0005386772076529713, 0.000507262240650621], "H": [0.6962245361305857, 0.005639499045522144, 0.004476108010491446, 0.004112805851669116, 0.00392104551543739], "C": [5.51173010088241, 0.017930502588097044, 0.011666818937452434, 0.009008129204991907, 0.007202680017426144], "steps": [0, 10000, 20000, 30000, 40000]}