{"fMOLHO 1": [229.1952305072025, 0.0232811132596219], "fMOLHO 2": [351.24336705185965, 0.01312801678897254], "fMOLHO base 1": [10.874147739692036, 0.0008558484365606186], "fMOLHO base 2": [56.12651149315628, 0.004719893074891948], "u": [0.1555150806539501, 0.056014188330643276], "v": [0.04382123596026579, 0.002452918505902651], "s": [1.3312780246188773, 0.038217976881777624], "H": [0.17686450350578045, 0.01713809566364139], "C": [0.1722699787607223, 0.015165513726754683], "vel log": [0.007310090418446362, 0.007021092265040235], "steps": [0, 1000]}