{"fMOLHO 1": [17.52768234494125, 0.0026025700569886523, 0.0009474110968364946], "fMOLHO 2": [78.15553099616143, 0.002247857781752326, 0.003363703622733594], "fMOLHO base 1": [12.667325967883071, 0.00046533559347938964, 0.001861582309973138], "fMOLHO base 2": [11.22060394316659, 0.0005407518355113607, 0.0006060429245104759], "u": [10.446597338269452, 0.002716174193544651, 0.0016742459674704594], "v": [191.953517059786, 0.00801226163974442, 0.003798883641031761], "s": [3.037767998322639, 0.005315743379172222, 0.006486490164422633], "H": [0.323091757344337, 0.09259444289821218, 0.08162051764549506], "C": [0.20756840742786686, 0.03433341424554368, 0.030474131236242975], "steps": [0, 10000, 20000]}