{"fSSA1": [277.2223179821659, 0.012729723189274785, 0.0014283142925718773, 0.0017230725332139057, 0.009032612798326607, 0.0007235114704561975, 0.0002886631161461799, 0.0017169574542813283, 0.0006167868575149563, 0.002028713802506098, 0.002253225054547938, 0.00019281285714984348, 0.0008797203826102632, 0.0017006489503203698, 0.0006207963980623821, 0.0019524073200392932, 0.0016033804232464923, 0.0006210690123022959, 0.0014960503585624357, 0.00029295825583620694, 0.0013285369232571163, 0.00020683066867127137, 0.0011324548017108429, 0.0008174654101614713, 0.00035935924797560106, 0.00033383662762461114, 0.00040978340596466996, 0.0015398833184462602, 0.001225567126305124, 0.0014744198031572495, 0.0019901951658632946, 0.0011392366149503047, 0.000389326141805502, 0.0007319757815658945, 8.749907946794042e-05, 5.5636125054208715e-05, 0.00044378439784048724, 0.00025500942352061316, 7.164635030743482e-05, 5.977505390665481e-05, 0.0012439973840487918, 0.0007765372970494817, 0.00041648052545994915, 4.158023069526423e-05, 0.0005460881059142754, 0.0005873204208493455, 0.0002742091009930227, 9.29210341207639e-05, 0.00038960328294155634, 7.37406371388524e-05, 0.00010570927228110242, 0.0003254325564335392, 0.0005720522572896101, 0.0004910473926652796, 2.05571466520909e-05, 0.000406094185647165, 0.00037986366060746845, 0.0003630449408254627, 0.0001838394516638325, 0.0003074241577155184, 0.000613496154200929, 2.4084454710742138e-05, 3.433885750271855e-05, 0.000823039205649811, 8.015092312264588e-05, 0.00047382163721485334, 0.0001258286200862962, 0.0002228431821403043, 0.00012355604082052234, 0.00037495316708292435, 0.0001633227360493449, 5.7836159945923734e-05, 0.0001352156348421186, 0.00010573690856295536, 0.00045807853201611725, 5.706711504726366e-05, 0.0001658072344012508, 2.9118846964900732e-05, 8.831502681281484e-05, 5.084861006526177e-05, 0.00013184626919842183, 0.00018814404721707544, 5.325439933591961e-05, 8.203930420077012e-05, 0.00016070115336583839, 0.00011793851014471474, 4.988492975126015e-05, 2.6230621076363578e-05, 0.00013904908412788882, 7.157294980995334e-05, 5.5796699859343146e-05, 0.000203799956775492, 9.35122483907135e-05, 9.679410655475891e-05, 7.669795005123323e-05, 7.898317677819622e-05, 0.00025611522700843945, 0.000140726093008004, 0.0002485159048294225, 8.411692760765304e-05, 3.8623032649372266e-05], "fSSA2": [296.2468930104237, 0.009649758654155542, 0.0009741611433710855, 0.00119411712264934, 0.0027713337368470326, 0.0004175668153764175, 0.0005856981741094929, 0.0007841060298715537, 0.0005830988298460806, 0.0003379990681639708, 0.0006114986953187655, 8.378836091273118e-05, 0.0004531536094430732, 0.0008537912791920127, 0.0007816495669982504, 0.00030329627211711984, 0.000370287943730968, 7.009975459155409e-05, 0.0007246431599971247, 0.0001538799189685534, 0.0005808836533358003, 0.0002780009224672612, 0.000674888933477001, 0.0005541387397810034, 6.766931559079957e-05, 0.0001793243154859559, 5.834126146981137e-05, 0.00017360923226867594, 0.0007758849061737989, 0.0004449560299237705, 0.0002752387844340637, 0.0002327908375600045, 0.00021400216112342483, 7.410128517319687e-05, 6.314926366269511e-05, 0.0001287371898599202, 0.00034567386945286746, 5.98952059251252e-05, 0.00015412148500631794, 0.00010806613604529351, 0.00015603569972276788, 0.00035181440042671944, 6.393885087292802e-05, 6.260639359729568e-05, 9.049621518047108e-05, 4.6601604920318565e-05, 0.00023815538113128114, 4.375681620718958e-05, 0.00016846070885668377, 7.234729298469185e-05, 2.6102965665545186e-05, 5.977798035038662e-05, 0.0003441481910527427, 0.00021144407106922936, 2.209499320806277e-05, 3.7261277536460964e-05, 5.4528746477332005e-05, 0.0002792242645446186, 7.488045462190116e-05, 9.459716408486248e-05, 6.991566019356647e-05, 4.9240150953107005e-05, 2.544458974812178e-05, 0.00024036761998439958, 3.8744000397233245e-05, 9.368376369731892e-05, 4.2960411805259837e-05, 0.0003148412070386444, 3.320835971051435e-05, 8.184053681340608e-05, 2.53093589600434e-05, 0.00014044433102856866, 8.222348834120016e-05, 0.00012419431128557864, 4.903420312090191e-05, 0.00010003573461697717, 0.000151911272271101, 7.996396278667185e-05, 8.565597973848525e-05, 0.00011203080518632862, 8.965157419986913e-05, 0.00014226507023552893, 2.0306378611529747e-05, 5.0248222769698275e-05, 5.11121375328509e-05, 0.00014910204228797615, 0.0001334613043006462, 2.4188436928961944e-05, 5.080968813522404e-05, 9.72596188732826e-05, 0.00011559481458852226, 3.908313641340419e-05, 0.00020798089989134828, 7.593693084931202e-05, 8.21378264321249e-05, 3.3405854311909026e-05, 0.00017408468518684438, 7.446225750792338e-05, 0.00019056052699811677, 1.5168304887253081e-05, 1.973433241162671e-05], "u": [994.369911196821, 0.013147255989074604, 0.0009073766617153605, 0.0003658160487559962, 0.00236283246434669, 0.00024892043336599383, 0.00017821401518751024, 0.0001986468405334093, 0.00018319305538782766, 0.00033560978126521914, 0.000269595759806448, 0.00015430576417564297, 0.00018410251090638985, 0.00018022620633513658, 0.00015442263705736984, 0.00026023410714111903, 0.00024459056512441904, 0.0001401405355733564, 0.00014891729681670604, 0.00014630317887010476, 0.00013582336138308365, 0.00011530538993569439, 0.0001291982716600951, 0.0001460641138557527, 0.00010931750835992125, 0.0001055707115438619, 0.00012012650223799103, 0.00018235096544465384, 0.0001115284312485484, 0.00014277642375397598, 0.0002129469721929553, 0.00015552330578472574, 0.00010605964568179122, 0.00011463708836133192, 8.954982020739605e-05, 7.268371463196741e-05, 8.783561187618568e-05, 9.997048775145089e-05, 7.361630153498784e-05, 7.865732645667192e-05, 0.00014431175728913778, 0.00010294185119786111, 0.00010574364160058013, 6.73776792662164e-05, 0.00010727114576730268, 0.00010986537116550091, 0.00010627353847273369, 8.079632002386183e-05, 8.035879856605138e-05, 8.006154776823242e-05, 7.302942998517432e-05, 7.312071668129556e-05, 8.27107166598998e-05, 8.59080723132587e-05, 6.574939875835385e-05, 9.306583373345648e-05, 7.194198949139727e-05, 8.136866329893841e-05, 7.483573557552388e-05, 7.195308795401883e-05, 0.00011849180855182768, 6.558163345109742e-05, 6.752426470676203e-05, 0.00010507141547957911, 7.309656505127658e-05, 9.545360032196878e-05, 7.887249649145006e-05, 6.928915643401995e-05, 7.42101534290656e-05, 6.939975999180781e-05, 6.199762769093037e-05, 6.0963306670025304e-05, 6.081307628753344e-05, 5.9769422097511853e-05, 7.707389047613398e-05, 6.81320122817393e-05, 6.481193795365738e-05, 6.0182970244420363e-05, 6.038045370201881e-05, 5.792963011126373e-05, 6.152410524809328e-05, 6.725034875307437e-05, 6.321583116579095e-05, 5.686476090084505e-05, 6.809858196762063e-05, 5.986540746536454e-05, 5.6858659873666034e-05, 5.8484338434186096e-05, 5.781470654182983e-05, 6.069229617906989e-05, 5.740253691319902e-05, 6.836371519319703e-05, 5.9807134689508114e-05, 7.116081398760772e-05, 5.535772237027633e-05, 5.639063018915108e-05, 8.705806733675184e-05, 8.124708830282289e-05, 7.666435940213801e-05, 6.386469054454332e-05, 5.985470063053526e-05],