{"fMOLHO 1": [0.045447896900754695, 2.342060604062511e-05, 1.7181447657833468e-05, 1.5214021353275756e-05, 1.6074734081433114e-05], "fMOLHO 2": [0.02686024394429051, 3.596742940080945e-05, 2.968974975306545e-05, 2.8039391025925964e-05, 2.7620311173870837e-05], "fMOLHO base 1": [0.0333408062201834, 3.2690074756067236e-05, 2.8959440930047318e-05, 2.7324690224210796e-05, 2.6989860867868644e-05], "fMOLHO base 2": [0.017061349313460934, 7.63030842484676e-05, 7.28725160865913e-05, 7.144538369973291e-05, 7.096659188367473e-05], "u": [1.1325268516335827, 9.605015889992698e-05, 4.840395348954899e-05, 3.51901403487762e-05, 2.9766546273255393e-05], "v": [0.21023200572923284, 0.0001012784069999091, 2.6426456152033193e-05, 2.0310782631767492e-05, 1.905125271765366e-05], "u_base": [0.18854805464506844, 1.676009198807507e-05, 9.405946339147118e-06, 7.304995438008687e-06, 6.1048519089120235e-06], "v_base": [0.18523981241156925, 4.165779148975751e-05, 1.9403094086184875e-05, 1.4828261842676021e-05, 1.2314048690413154e-05], "s": [0.9464746453937011, 6.241943827151696e-05, 3.848394075346744e-05, 3.571938508026885e-05, 3.75130359141389e-05], "H": [0.13566179494471822, 0.0007009326426767671, 0.000374916964587296, 0.0003179038898075161, 0.0002891098254755212], "C": [0.025716152452205463, 0.00027787014150347966, 0.00022598551587431234, 0.00019338224423338208, 0.00017384382304912608], "steps": [0, 10000, 20000, 30000, 40000]}