{"fMOLHO 1": [0.00037000089956061783, 6.852895517023123e-07, 6.972300968939982e-07], "fMOLHO 2": [0.00021849354417060338, 4.910543529477023e-07, 4.79097499809534e-07], "fMOLHO base 1": [0.00022286470124483265, 5.144721918649624e-07, 5.312458711269762e-07], "fMOLHO base 2": [0.0001381010408911479, 5.326254394039205e-07, 5.40866420636314e-07], "u": [0.7828910813086919, 0.00013223935702079453, 9.799702097251691e-05], "v": [0.35795003196479197, 0.00014548194799058492, 9.25629991608961e-05], "u_base": [0.20097467199145064, 2.041045737361837e-05, 1.3251197968964686e-05], "v_base": [0.790720976803738, 3.7681848134921575e-05, 3.0187748190492428e-05], "s": [1.6582079195602955, 0.0001483604516917101, 0.00012907431166753338], "H": [0.8576237823096324, 0.0027940732333950153, 0.0021467160018423304], "C": [0.15274707741257423, 0.0009594099901552445, 0.0008199365007770229], "steps": [0, 10000, 20000]}