{"fMOLHO 1": [0.00010415560018751547, 5.765254728769679e-07, 6.556416032674416e-07, 5.999428446450652e-07, 5.640478044913134e-07], "fMOLHO 2": [9.000105295689344e-05, 5.099804406760431e-07, 5.08441395454516e-07, 5.136995956272093e-07, 5.017003145398154e-07], "fMOLHO base 1": [6.467047322945107e-05, 4.423983930853296e-07, 4.904762274979623e-07, 4.665725488922502e-07, 4.3861978550267314e-07], "fMOLHO base 2": [5.4374050208417534e-05, 5.433698921883398e-07, 5.627210131307443e-07, 5.680313700580457e-07, 5.568095345700589e-07], "u": [0.24792017520409243, 0.000206288054977424, 0.00015306769670911174, 0.00013318579760914834, 0.0001224724675935133], "v": [0.325015219047601, 0.0001887543430245031, 0.00012308266747328, 9.838074718964523e-05, 9.773720027271665e-05], "u_base": [0.15719658267821973, 2.36442069823777e-05, 1.7656145563348195e-05, 1.685155270756093e-05, 1.586553549326853e-05], "v_base": [0.15053628851955356, 5.704485069885578e-05, 5.2541022032409585e-05, 4.333304116017286e-05, 4.098648896192563e-05], "s": [0.5172402729452625, 0.00018333269465250154, 0.0001434451111843895, 0.0001375110671083614, 0.00013307449606499066], "H": [0.7493294838997525, 0.0030766141119873205, 0.002565032766845526, 0.002349209116596261, 0.0021224667988678316], "C": [0.5161791956254904, 0.002330836039041926, 0.0017738740827411435, 0.0014995118246258203, 0.0012716158574445791], "steps": [0, 10000, 20000, 30000, 40000]}