{"fSSA_VB1": [266.7632123586999, 0.007994931767670686, 0.005630276439490528], "fSSA_VB2": [492.9025247073299, 0.010172742928924, 0.0055217644605992326], "u": [1185.3429289299743, 0.0019896822535135313, 0.0012784314808631158], "v": [779.0074599938215, 0.008641674446373844, 0.0008874743354918881], "s": [8.223244373218005, 0.0016744339398972743, 0.0003134294010727109], "H": [0.9027435834750066, 0.03615232794885247, 0.01505692165754469], "C": [0.4849999584162385, 0.009378344550042245, 0.004159269674110672], "B": [3.747976724864076, 0.0006415295380700864, 0.00012757740542778951], "steps": [0, 10000, 20000]}