{"fMOLHO 1": [3.0546839628775824, 0.000210250559379044, 0.0002694068330767283, 0.0002195430548873711, 0.0002085747437435097, 0.00017852801731866786, 0.0005127275420801271, 0.00019721043070443652, 0.0003063792778565957, 0.0024508530322079583, 0.0003665328784070129, 0.00021910298956774694, 0.000468031789748748, 0.002444481380238714, 0.0002903071478226473, 0.00025086589692244394], "fMOLHO 2": [2.121545926982124, 0.000813961357848158, 0.0005672130969002524, 0.0005270244858257774, 0.0005027025998262166, 0.000822489429209393, 0.001171548793922773, 0.0007186830515853034, 0.0008548828991291934, 0.0022898003193774523, 0.0006125235662582652, 0.0005355261602425205, 0.0009251721469712479, 0.002410863779951701, 0.0006486402656399877, 0.0009574819424510216], "fMOLHO base 1": [1.9705807962439295, 0.0007975963716597715, 0.0007528132216984725, 0.0007363602980013054, 0.0007247506198507724, 0.000192448256840615, 0.0008404024088776818, 0.00023102893908352675, 0.0002597341507823148, 0.0018391922699885284, 0.0007973671452457368, 0.000746084959515687, 0.0003151957437902795, 0.0018986605523475407, 0.0007858879142503782, 0.00038578227154522406], "fMOLHO base 2": [1.3383042310296793, 0.002531100058690189, 0.0023609184843954973, 0.002277646900174404, 0.0022249131663744774, 0.0003301638319908938, 0.004059711699815748, 0.0005628044755766805, 0.0008588546722234248, 0.0028948792181406947, 0.0024741382230462363, 0.0022716328779280415, 0.0007072866226325014, 0.002881052994027, 0.0023883518614615596, 0.0006725888890373536], "u": [0.04696432047923926, 0.00013432859987409887, 8.885237770985555e-05, 6.979768742659096e-05, 6.012612193963272e-05, 0.004487825318622577, 0.005285338621568849, 0.005278628212017733, 0.0058218356013580745, 0.0023268900937122913, 0.00016160048374404108, 5.440625988569986e-05, 0.0031773813208630535, 0.0017744889686030477, 0.0002015694596208528, 0.0033008239775868396], "v": [0.37036504267285564, 0.00020936543360632845, 8.42975971040614e-05, 6.80090425550813e-05, 7.041290864553199e-05, 0.00997886182999086, 0.00952423772432139, 0.01293507854385236, 0.012742426764099405, 0.001622640724481332, 0.00017452296955098725, 6.863965147630506e-05, 0.007792938340587472, 0.0016201583253044767, 0.00027052599395902216, 0.008461685496798686], "u_base": [14.125627872145628, 0.0003385313053355219, 0.00018123379294178725, 0.0001334890526008054, 0.00012512667365889511, 0.008856470735207915, 0.009428708867737785, 0.009949109642347692, 0.010839267138563102, 0.0035846296091489953, 0.00024265094228110654, 8.04505241268842e-05, 0.005843855889048558, 0.002645253832344846, 0.0003296185831296084, 0.008700949698370337], "v_base": [9.898196360215628, 0.00022219740695176096, 0.00014318112786883578, 0.00010436577583386896, 9.241177453156503e-05, 0.0428349679608301, 0.03638720364133781, 0.05688613172720162, 0.05366943067517278, 0.0029587358541853436, 0.0003254815887440032, 9.654561126376652e-05, 0.0378380237116914, 0.0029504871636158677, 0.0003293438158813682, 0.04257454901061917], "s": [1.0143432118228934, 0.0007755705797921983, 0.0007096812347526641, 0.0006669385709763215, 0.0006328523760763611, 0.049123238593621284, 0.04679771086998755, 0.04911856978474987, 0.048041281126816014, 0.012517744871726131, 0.0007790780416721245, 0.0006855398947656406, 0.047303518510575356, 0.013521713050793216, 0.0007781789134527799, 0.04873790698521618], "H": [0.04407290034033326, 0.0011143259486099714, 0.0007707568720198749, 0.0006173797344241695, 0.0005700653808038166, 10.63256412058431, 0.7260183889994857, 8.276102455227608, 0.0712774540661036, 0.005614995847444733, 0.0009701018744840497, 0.0005393092775570189, 0.654950061744916, 0.006192352134748224, 0.000883244677265605, 10.99135922988507], "C": [0.029103711352247465, 0.0003517233034603471, 0.00033364625741241305, 0.00030776172330048795, 0.0003018474449445052, 0.00045904642286225065, 0.0004734004614506783, 0.0004618586311532241, 0.000468319467063447, 0.00034474400141198166, 0.00034524697935354033, 0.00032008040430534375, 0.000430716249291258, 0.00035857067665097717, 0.0003367802777405815, 0.00047191047749599855], "steps": [0, 10000, 20000, 30000, 40000, 50000, 60000, 70000, 80000, 90000, 100000, 110000, 120000, 130000, 140000, 150000]}