{"fMOLHO 1": [0.0004023193490952401, 1.8047887833255568e-06, 1.765339221939815e-06, 1.581410843612549e-06, 1.5859702638986153e-06], "fMOLHO 2": [0.00023906883243648926, 2.582678875823374e-06, 2.35275207606123e-06, 2.411617837218632e-06, 2.4188363629120275e-06], "fMOLHO base 1": [0.00020768155008137252, 1.9689404503842767e-06, 1.9068376141777579e-06, 1.8452003953391192e-06, 1.8687420404139959e-06], "fMOLHO base 2": [0.0001276692680230142, 4.115027358887515e-06, 4.059261055637364e-06, 4.082963888064359e-06, 4.087800990280055e-06], "u": [0.10278944268322994, 4.898874203524298e-05, 3.730357707758372e-05, 3.0468838716124652e-05, 2.7220189574393198e-05], "v": [0.14404330757792233, 2.9635151998309376e-05, 2.3713389021806232e-05, 2.0701304845681878e-05, 1.8035188919925794e-05], "u_base": [0.25326767183806925, 8.022457083291401e-06, 6.309605838672958e-06, 5.880246943169148e-06, 5.331515859978974e-06], "v_base": [0.08054215075847629, 1.5465591857009456e-05, 1.2007854896186704e-05, 1.0186125554695765e-05, 8.987731748509961e-06], "s": [0.277136718346396, 4.713446075346626e-05, 3.961061362148687e-05, 3.679058283888783e-05, 3.491445983593553e-05], "H": [0.036468945478798316, 0.0004178800386857446, 0.00033083711588265694, 0.0002968300016952147, 0.00027821567847123184], "C": [0.03214285632807957, 0.00023294453031884747, 0.00019113913203646472, 0.00015939197200095728, 0.00014384450433845198], "steps": [0, 10000, 20000, 30000, 40000]}