{"fMOLHO 1": [102.33739109228898, 0.0014103685096509984, 0.001378365411105917, 0.004452276836062938, 0.0024826829895806986], "fMOLHO 2": [52.45961537230884, 0.0015530003724353865, 0.0018268005259932567, 0.010401357046225924, 0.00940074519115089], "fMOLHO base 1": [61.70397294927066, 0.009529050902804974, 0.008550276270697947, 0.0034045106635778727, 0.0006130658298469271], "fMOLHO base 2": [26.169660707685402, 0.02452446080254504, 0.019488000544903364, 0.010705534202970669, 0.0019809501303069215], "u": [0.005991839006920541, 0.005118114193779234, 0.004270928157000505, 0.0009236029166047368, 0.0008718159937134817], "v": [0.03432315220540718, 0.018184524910659274, 0.014763133384688588, 0.003260602049380898, 0.0023721443700373446], "u_base": [0.04604735341378142, 0.0028418497096513173, 0.001988134240714289, 0.00022063535618078282, 3.569923290596197e-05], "v_base": [0.02781280163368876, 0.010653908606784659, 0.008217545409178191, 0.0008198489531419078, 0.0002097673276032017], "s": [4.391592054778334, 0.0198244072879031, 0.014015010476414269, 0.4924087930696522, 0.4917788680550155], "H": [1.7254341068431298, 0.02422529565330974, 0.015386752586665576, 38.293181520383065, 11.639804663578552], "C": [0.12116775863354824, 0.009505236879024043, 0.009703344612727689, 0.026920222823341257, 0.016850915066300046], "steps": [0, 10000, 20000, 30000, 40000]}