{"fMOLHO 1": [0.00860835947304781, 3.179680909888187e-05, 3.0016426735105242e-05, 2.839185195172562e-05, 2.7670189553414297e-05], "fMOLHO 2": [0.011965058508023211, 9.1881997147382e-06, 8.983743887659864e-06, 8.308980682918501e-06, 7.718976176245926e-06], "fMOLHO base 1": [0.00563787328052012, 4.582438237105776e-05, 4.458023173301669e-05, 4.3040965985019596e-05, 4.244438293732123e-05], "fMOLHO base 2": [0.007527962503321195, 1.053181507019554e-05, 1.0376679146381865e-05, 9.873452483971487e-06, 9.540197158709741e-06], "u": [0.23743366207961153, 8.133450439352574e-06, 5.735344910325086e-06, 4.971201417550776e-06, 4.336093093569212e-06], "v": [0.11729969694327247, 1.0707198229952243e-05, 7.897150783358148e-06, 6.763359980822513e-06, 6.13430888983138e-06], "u_base": [0.037410889900727703, 1.9267999255478355e-06, 1.6754103655407957e-06, 9.170421515818072e-07, 7.038394363187235e-07], "v_base": [0.009931350280932436, 1.1240622256776554e-06, 6.646328211428799e-07, 3.961462516075321e-07, 3.7470503088933814e-07], "s": [0.9559717799229144, 1.780119823852199e-05, 1.8166349611088203e-05, 1.586752505294397e-05, 1.575985793470878e-05], "H": [0.049988731362517504, 0.0003032214083401469, 0.0002531287116873685, 0.00021097028738775646, 0.00019979597345429263], "C": [0.025021458319616337, 5.511336508987468e-05, 3.349645965248366e-05, 2.2424059444377498e-05, 1.760489209326196e-05], "steps": [0, 10000, 20000, 30000, 40000]}