{"fSSA1": [902.0678868109072, 0.024320728711946193, 0.005433160809564035, 0.006885708322865625, 0.004850304247580628, 0.006766764048602338, 0.0009675411854134809, 0.0021345067722981256, 0.0008726761121798452, 0.0006113705284784518, 0.0026909906277346554], "fSSA2": [1018.6129663659491, 0.013877416618641851, 0.011008743209788834, 0.007600950093364747, 0.005007589269144853, 0.00550374392523201, 0.001581468085850633, 0.003325377471100453, 0.001202007786162739, 0.002721951529002343, 0.006029139169438473], "u": [1056.6202575658906, 0.007154728655157309, 0.001188738778784599, 0.0031608397937197383, 0.0003643565982060115, 0.0008820340520186506, 0.00034995771850927814, 0.00031419290719042817, 0.0007092708432458813, 0.00029796888377319256, 0.0002737740442954239], "v": [1095.7721183709327, 0.015596796871373853, 0.0015422436015309776, 0.004862545202604718, 0.0018499661768218577, 0.002735258917114101, 0.0007010311802516893, 0.001501484785427821, 0.0016673655287936548, 0.0005065303680096033, 0.001236948092181947], "s": [3.1062761510721293, 0.024269160034025957, 0.000755014006339987, 0.0007982192657560238, 0.000400764973816514, 0.00044995546781520436, 0.0004449453686605729, 0.0005983527375814689, 0.0007997295987601712, 0.0005289623059948616, 0.0007093641189565948], "H": [0.32654858068317305, 0.020564191572516027, 0.011115990518250697, 0.008564499858935383, 0.0069008593273240035, 0.006809992213860541, 0.0057853019198739015, 0.005387141705410719, 0.005052328381462113, 0.004904789777179516, 0.004666193389492778], "C": [0.09434208605396786, 0.03724320805089983, 0.02110518432670095, 0.020765450695804336, 0.01784515654368614, 0.01813849077500586, 0.016685888897932336, 0.016676149661298694, 0.01677434440807211, 0.015731021606865278, 0.01571414245495016], "steps": [0, 10000, 20000, 30000, 40000, 50000, 60000, 70000, 80000, 90000, 100000]}