{"fMOLHO 1": [0.0003043727627855665, 2.8015992522763532e-06, 3.0231667811548633e-06, 2.758127851979962e-06, 2.6444009233509818e-06], "fMOLHO 2": [0.000149986024559322, 1.9040975027373226e-06, 1.8850325749250124e-06, 1.8739908114359806e-06, 1.9130713288837545e-06], "fMOLHO base 1": [0.00019741911393851146, 1.8699246669369408e-06, 2.0082348147750398e-06, 1.847249211450235e-06, 1.7739876347505355e-06], "fMOLHO base 2": [9.036058822416756e-05, 1.415055661357902e-06, 1.4206744503313392e-06, 1.413878934077544e-06, 1.44436718715928e-06], "u": [0.3046863860886433, 0.0006020902803645602, 0.0004273078483337799, 0.0003379820985266879, 0.00030226587604587643], "v": [0.29963949036274395, 0.0005855954261779604, 0.00041742226975214253, 0.000335062716547747, 0.0003027516276485894], "u_base": [0.1843342076506016, 2.727924641822042e-05, 2.2048691746415584e-05, 2.318880573749151e-05, 2.2714094060922323e-05], "v_base": [0.09694561532594628, 9.983914769980745e-05, 8.373079984708373e-05, 7.778031862059211e-05, 7.608547606756528e-05], "s": [0.8473495538381093, 0.0008522678675665009, 0.0006998461465706008, 0.0005950584764369451, 0.0005286408361760438], "H": [6.321469575074857, 0.01930013442830629, 0.015598153224486901, 0.013340994742117956, 0.01149840919160042], "C": [0.08121475103415092, 0.0005860558493448947, 0.0005582645392418693, 0.0005447998312019211, 0.0005344894878401838], "steps": [0, 10000, 20000, 30000, 40000]}