{"fMOLHO 1": [0.02747875874753131, 1.7917678968299472e-05, 1.5490185852809795e-05, 1.528931869157695e-05, 1.5258508819711998e-05, 1.6153554295710652e-05, 1.4162856838797457e-05, 1.5230465760538632e-05, 1.3217337785932086e-05, 1.3872636416086724e-05, 1.4122513989424444e-05, 1.5042332222013013e-05, 1.3044247673197088e-05, 1.3220928746461587e-05, 1.3098275327405894e-05, 1.251468188266102e-05], "fMOLHO 2": [0.013936897579840625, 3.1842648339869385e-05, 3.0160505832689556e-05, 2.9100025575902052e-05, 2.8409267509367314e-05, 3.047278566784846e-05, 2.7800310093156093e-05, 2.4447898705386638e-05, 2.8442293925372854e-05, 2.614881157144914e-05, 2.5371595131742896e-05, 2.565263708908433e-05, 2.63343036990893e-05, 2.5700131821484536e-05, 2.5541566617631563e-05, 2.596368925827739e-05], "fMOLHO base 1": [0.016465554919323062, 2.8843255047618504e-05, 2.7445525518968805e-05, 2.714528280075168e-05, 2.7126272454365524e-05, 2.7187415258434168e-05, 2.639460458356374e-05, 2.605077779470995e-05, 2.595347218211725e-05, 2.5889065444982945e-05, 2.5698986344465593e-05, 2.5748666877209075e-05, 2.5705501364679755e-05, 2.566284111480588e-05, 2.5591978814583015e-05, 2.5544734833903035e-05], "fMOLHO base 2": [0.006365297670735241, 7.36383918181171e-05, 7.23527969464464e-05, 7.21477729843253e-05, 7.13952847004814e-05, 7.08639771185699e-05, 7.029965839900396e-05, 7.00272950171761e-05, 6.966354400695682e-05, 6.948340023154779e-05, 6.922216658370822e-05, 6.923457636419234e-05, 6.895233769835574e-05, 6.880343231405287e-05, 6.861617101691058e-05, 6.838825779267774e-05], "u": [0.5484960066470294, 5.101429004394894e-05, 3.710015579904573e-05, 3.109836388700085e-05, 2.6686584294500253e-05, 3.0421657486584785e-05, 2.2155673024684063e-05, 2.57366834139778e-05, 1.9897808967689954e-05, 1.8490701676706716e-05, 1.772571607931653e-05, 1.8391343048997595e-05, 1.5962786067551695e-05, 1.5390128930285664e-05, 1.4914261714593827e-05, 1.4784578178448702e-05], "v": [0.39528001896905013, 3.5051091632830454e-05, 2.4799388991312364e-05, 2.361935697887353e-05, 2.117435225586426e-05, 2.754009583373542e-05, 1.841987219618905e-05, 2.465258799854255e-05, 2.0050382662294974e-05, 1.566378267115844e-05, 1.4997398985559391e-05, 1.6070086153478645e-05, 1.3821581939048208e-05, 1.3365956531395654e-05, 1.2968517102141536e-05, 1.2554608935187707e-05], "u_base": [0.19270053191338304, 1.007874336665202e-05, 7.927888754717438e-06, 7.196808865128693e-06, 6.104120045004122e-06, 5.256418160585636e-06, 5.365640282184038e-06, 4.779865350334613e-06, 4.901439672597971e-06, 4.420648628161414e-06, 4.164898368979314e-06, 3.924434224196777e-06, 4.242006859800006e-06, 4.054811573354998e-06, 4.021622214623091e-06, 4.297127879452018e-06], "v_base": [0.25251129352795193, 1.845235010782352e-05, 1.1979611863949379e-05, 1.0528533236117804e-05, 8.482595903785522e-06, 7.770332987024639e-06, 8.12152343109951e-06, 1.1410251742909358e-05, 7.523908848921397e-06, 8.076584813215385e-06, 8.190284378194978e-06, 7.734537364096733e-06, 7.047615718701051e-06, 7.057234477190568e-06, 6.913488575610939e-06, 6.604179949930752e-06], "s": [0.678957653979216, 4.952992269948478e-05, 3.785182226633904e-05, 3.640987349901063e-05, 3.510176437992831e-05, 7.186179584368266e-05, 3.317745305731047e-05, 3.980958366990396e-05, 3.267294447090244e-05, 3.2166548688423184e-05, 3.193490009149995e-05, 3.18932679937376e-05, 3.1548706644999524e-05, 3.099522175471221e-05, 3.0927035241270945e-05, 3.127132886571446e-05], "H": [0.04439288180326736, 0.0004744263755579326, 0.0003621414095908464, 0.0003456084055575379, 0.0002966007652622209, 0.0003520484740511166, 0.0002722865068528512, 0.00027660199018075956, 0.0002621758694066178, 0.00024895250926659226, 0.00024546392436644826, 0.0002614304052080331, 0.00023399547529231776, 0.00022994230329149862, 0.00022653170882809917, 0.00022442117990647398], "C": [0.05855229838209875, 0.0002540590275081728, 0.00022085987423257648, 0.00019639945915673646, 0.0001762507950148096, 0.0001630169592069067, 0.00014573098700689126, 0.00013689504914690914, 0.0001255982837171773, 0.00011854919002182867, 0.00011354381166103201, 0.00011093198692164235, 0.00010666323909692622, 0.00010398836054413495, 0.00010124803145504175, 9.84229096485559e-05], "steps": [0, 10000, 20000, 30000, 40000, 50000, 60000, 70000, 80000, 90000, 100000, 110000, 120000, 130000, 140000, 150000]}