{"fSSA1": [16.225073708674483, 0.00018629024898258445], "fSSA2": [83.11347629544687, 0.0004567512617531351], "u": [0.003154858225718549, 0.00029110098726282084], "v": [0.01834617305687824, 0.001134906619706953], "s": [0.5222670155205825, 0.002848181776723653], "H": [0.13232103845974885, 0.008001812104849376], "C": [0.16871103925138706, 0.004296141599247589], "vel log": [0.006656647097860384, 0.006066110744112123], "steps": [0, 5000]}