{"fMOLHO 1": [65.582600142107, 0.001933918341305711, 0.002220100132175354, 0.0024383102785598683, 0.0022669780264626084, 0.0025083755378661975, 0.0023908778509249837, 0.0022761592525700402, 0.002354477220696037, 0.002285232190975353, 0.0024806746987185067, 0.002197587401157641, 0.0023230229641153953, 0.0022115653854917323, 0.142601903434021, 0.004715147273404615, 0.004277274444137544, 0.002010977416018127, 0.0012874573640776902, 0.0026264247165473727, 0.0014697456969444671], "fMOLHO 2": [74.20231316042684, 0.003260861303575891, 0.0029741913077175773, 0.0030250635505844952, 0.002717462075910624, 0.0029925503507474867, 0.0030331632305385346, 0.0028122323839890307, 0.0027433162719008248, 0.002776740333739478, 0.0025914098573511985, 0.0023339899445379213, 0.002527179175506891, 0.002549874357801755, 0.22157165933531892, 0.015622286091215725, 0.01377048121393015, 0.010068182699439737, 0.00972018218732824, 0.010184244835787126, 0.00869449705106981], "fMOLHO base 1": [61.811722444146326, 0.009759802651524412, 0.013341679092065545, 0.013803106527219276, 0.013960795173317168, 0.01647185190668481, 0.012314695211033946, 0.01315801104042127, 0.013519975718938449, 0.013392240135639206, 0.012580800915210166, 0.012236552915736628, 0.011870573935587022, 0.012620337500803035, 0.07446581941610106, 0.06919766537225291, 0.011535794860620511, 0.001506067416716472, 0.0008516629663028766, 0.001789863610779588, 0.0012529545767178047], "fMOLHO base 2": [86.57659273281669, 0.041393166753522, 0.05253403182616019, 0.04430720133000094, 0.048085472946545915, 0.04225668604860218, 0.048570002009843384, 0.04570420599539436, 0.04568558919355904, 0.04632659738735423, 0.044630077688238345, 0.040498328331665896, 0.04194573880916173, 0.04391632309808161, 0.07416948357572274, 0.006900867143758105, 0.08434608390773166, 0.34064216070819925, 0.004165640885668969, 0.006338524433776612, 0.004388537660330079], "u": [502.549568225934, 0.008054458073875231, 0.004538807874166373, 0.0038686677776969135, 0.0036907035542035316, 0.0026165216890558975, 0.004379149490714859, 0.0038267256091131917, 0.0037522968185352322, 0.0038509220844951697, 0.004285620284510023, 0.006014078328678713, 0.004773032889205597, 0.003872059845310739, 0.1012570778209968, 0.01712159805527383, 0.009605551601171639, 0.011257050207742878, 0.005801111878389398, 0.00714141938884496, 0.006495241356725834], "v": [857.3396738022353, 0.029178554532993475, 0.015338390354985345, 0.020445620414788427, 0.016499037960865957, 0.02246988043184155, 0.014323127235555773, 0.016755163359371064, 0.016856299915378677, 0.01601614569084327, 0.016525794019212364, 0.023369434372915235, 0.018748777707302246, 0.015924123820350952, 0.05811995950622581, 0.02568914599275728, 0.0327858482323325, 0.030920323044304778, 0.016902561589756813, 0.0216388252813129, 0.019227864482612437], "u_base": [6.620268118377531, 0.004878361426958525, 0.002950699191502082, 0.0021925883528859263, 0.0018486985142996144, 0.00171067549332565, 0.0017148388659596536, 0.0015780791072834085, 0.001590405938977092, 0.0014716732014221617, 0.001384971423491232, 0.0013021489355948975, 0.0012588980531255199, 0.0012226803497456338, 0.017032099434406252, 0.00906832715298933, 0.00882391466188931, 0.009061231970779852, 0.01007228572980876, 0.008918883172657021, 0.008947713525055207], "v_base": [3.0192473510535116, 0.006526625356233809, 0.005020966990376975, 0.004236667273414589, 0.0036790673275043113, 0.0032812131914064127, 0.0031477877813130186, 0.002700314516725626, 0.0025868414831747553, 0.002305808432235483, 0.0022035249614648605, 0.002044261027955522, 0.0019472597192060229, 0.002020646796612992, 0.07832652426992594, 0.057817521411647754, 0.058262401645354976, 0.059684978057010875, 0.06431156422420249, 0.05880245931021877, 0.06014048797349078], "s": [2.4922487787244143, 0.08158343575765145, 0.06480925976017139, 0.06030726090356332, 0.056664229725102155, 0.054163726917580035, 0.053839758443287436, 0.051162995333387445, 0.05050186609028115, 0.04912566886162876, 0.04872011594115605, 0.0478376061627223, 0.04691473786569075, 0.04737072427827134, 0.2461748414074745, 0.24503194889201327, 0.2465352401241673, 0.24519552744401588, 0.24618745753049515, 0.2456898154630423, 0.24570262372186902], "H": [6.731885715371633, 0.06481373585403634, 0.0375961896026249, 0.032283332676768306, 0.0309296947812932, 0.0287016710449353, 0.027819058774648527, 0.027640014200683093, 0.02673427676333118, 0.024585232368765017, 0.02828091353845337, 0.024035953399918472, 0.023256763771192266, 0.02548720615250757, 480.20654706944634, 149.58572286946796, 82.36119317735785, 21.499421873745934, 155.0019069414963, 43.89845584005301, 3.838289187783008], "C": [0.05926518252533335, 0.0014091998883190638, 0.0015997797116786415, 0.0011073621203214889, 0.0007433500668093193, 0.0005724267483453122, 0.0004585659108991734, 0.00036550641529005216, 0.0003365556072089863, 0.00027654632778839887, 0.0002951457332809955, 0.000263904122469008, 0.00027090822278942806, 0.00024416761673352286, 0.21287900456273043, 0.024404186212822015, 0.013908163898196034, 0.012178077311613203, 0.009867527328774627, 0.011370678836394874, 0.013234551502054838], "steps": [0, 10000, 20000, 30000, 40000, 50000, 60000, 70000, 80000, 90000, 100000, 110000, 120000, 130000, 140000, 150000, 160000, 170000, 180000, 190000, 200000]}