{"fMOLHO 1": [0.014044334291727334, 3.728915789682991e-05, 0.0008395079034296446, 0.00025018948124025923, 4.6263019325308e-05], "fMOLHO 2": [0.020158809294453517, 6.0135389882231e-05, 0.0009188778828091797, 0.00020367805281487446, 9.210355240739734e-05], "fMOLHO base 1": [0.007468272909746472, 0.0005005445776516148, 0.0005349544184980659, 0.00029729445148722963, 0.0005901030845190696], "fMOLHO base 2": [0.011197350626150382, 0.000127658159898059, 0.000588714409227947, 0.00014934117667350343, 0.00014790942948548447], "u": [0.13505580646043822, 0.0006805200745064787, 0.0022003895144962074, 0.001481487112219259, 0.0003274841893030784], "v": [0.021686707318324325, 0.0008212293815043779, 0.0014331224989964778, 0.0015406063559788529, 0.001025904117337711], "u_base": [3.1088351056881085, 1.082248540638564e-05, 1.6419886964647162e-05, 2.125159111369701e-05, 6.853669981546473e-06], "v_base": [10.552927926123054, 1.183174538459367e-05, 1.4246823838045403e-05, 1.8301604917392886e-05, 5.6385482511177426e-05], "s": [2.6545843836729786, 0.0015965472479073665, 0.004063454293222217, 0.005576280129861926, 0.0006635688306608616], "H": [0.4779604484349743, 0.024777732214506933, 0.9872325926637626, 0.1621042280227657, 0.009133480733642486], "C": [0.2621097540635621, 0.00023910930415706487, 0.00029403608648987084, 0.000251523582318107, 0.00024754877517513176], "steps": [0, 10000, 20000, 30000, 40000]}