{"fMOLHO 1": [396.57476450232787, 0.01507729110498189, 0.004570353085806501, 0.009521191520672238, 0.0041341329413572825, 0.003969230686045285], "fMOLHO 2": [473.02978374172756, 0.024914032113970527, 0.0019750467521076013, 0.007244395452516428, 0.0024389919308662224, 0.0016301996394306251], "fMOLHO base 1": [291.12457301887315, 0.012402269443711379, 0.0027567439550217616, 0.012057119843722298, 0.007100783894599571, 0.0022620927652882796], "fMOLHO base 2": [339.6568820120813, 0.05487118323989889, 0.0018512694244099636, 0.004974257805186416, 0.002472728480234812, 0.0011189132845777188], "u": [1656.764743340354, 0.04989151987855331, 0.0011160430729804046, 0.006839489933260626, 0.0022579780026531575, 0.0008492177911673699], "v": [1555.9913311667112, 0.04420485199112628, 0.0009916168810837596, 0.0018463014906713177, 0.001257604677976728, 0.0009735137279639249], "s": [21.601088315553564, 0.007846537681527807, 0.0008427184832730163, 0.0025482920821984067, 0.00032865471074278386, 0.0004397757262763588], "H": [3.945508689180957, 0.9107718057644507, 0.18374177522271906, 0.2307298791436942, 0.11651009015128011, 0.10982891224949283], "C": [0.060523973804767754, 0.018108326150044696, 0.02466535310581397, 0.02237025682399669, 0.02357693295456518, 0.023550771984349204], "steps": [0, 10000, 20000, 30000, 40000, 50000]}