{"fMOLHO 1": [99.3620163190915, 0.001142976574601166, 0.0031374007983105763, 0.0011196981053951387, 0.0010055807659132524, 0.0018886655786000412, 0.005679191522134505, 0.0032512563750552643, 0.0023592190362824988, 0.00277188653738224, 0.002752027429564958, 0.0031319954201845745, 0.0043321239702028905, 0.006885296894734092, 0.0043428198303392925, 0.0019235760485308852], "fMOLHO 2": [76.69279923489931, 0.0009042548209445305, 0.0029143953557006492, 0.0017489927870620895, 0.0013831315089398097, 0.0008827686400115591, 0.009955359823353627, 0.0032019598844559706, 0.0028212659025070555, 0.005291782579469129, 0.003650378705952764, 0.003887238005267929, 0.0013614833774158747, 0.0005160760451628377, 0.00139435744880173, 0.00294877991091546], "fMOLHO base 1": [61.956105194279345, 0.0019831933473796297, 0.0023861258116034904, 0.0016052379350074532, 0.0015536488399742338, 0.0013904760825707875, 0.0034315016253896277, 0.0009031301514910024, 0.001935598478021589, 0.0032520793007419237, 0.0009646002638998981, 0.0022789328272693897, 0.0013231875729773418, 0.0014563521231337616, 0.0022581683561268, 0.0004729180786446765], "fMOLHO base 2": [39.14703028393179, 0.007049302135711588, 0.004167501095817441, 0.0056200172503463154, 0.00593430059765555, 0.006347184677875986, 0.005267385024493071, 0.0032195512008036447, 0.0064923059608809385, 0.003803110876865262, 0.003268644332664713, 0.0036451318135032043, 0.003514230693280147, 0.006347187217782778, 0.009170910600697475, 0.0011899931756712762], "u": [0.40529277651976425, 0.0010463433996951315, 0.002061857292764408, 0.0010213055804827328, 0.0009229047894465528, 0.0007104166405714483, 0.006177693777378679, 0.005688581613828273, 0.0009163435948154017, 0.006535636151056254, 0.006174641115947803, 0.006833763157655375, 0.006098916199280663, 0.0028521559770364815, 0.0006179400822449001, 0.0035026324151473114], "v": [0.09321297718761458, 0.0025436094107356023, 0.006222814496919162, 0.002486189844513052, 0.001998134666466844, 0.001918347277967947, 0.027415931572401617, 0.016380889731714667, 0.002409914781930933, 0.027504781475166967, 0.013830412039712891, 0.020186148779597377, 0.019776902203956018, 0.0030942521300926333, 0.0020388042294032425, 0.014550787814093018], "u_base": [0.1445899332979986, 0.00018288223402795054, 0.00016606088370938564, 0.00017181826256874622, 0.00016924957363546452, 0.00016921161268575936, 0.0005312273739916799, 0.00020651553096211151, 0.0002137979853826791, 0.0005912777234326885, 0.00023548783699449118, 0.0002235881193912999, 0.00021524701307836145, 0.00019412476439527323, 0.00021465115012982288, 0.000164338380895057], "v_base": [0.22454592724213857, 0.0013200644041848906, 0.0012700413419133095, 0.0012372852384244365, 0.0012253137373566955, 0.0012366242334586105, 0.003115054232865375, 0.001155511549793311, 0.00026088528924136933, 0.004238993050008239, 0.001339013982336891, 0.0013923312612483933, 0.0014716643334495192, 0.0011141467855656825, 0.001355757309606974, 0.001204409626356014], "s": [0.5611670144448169, 0.04431989201046647, 0.04835206687999218, 0.04667174059412297, 0.04696360962278369, 0.045624195335528056, 0.04922779262349835, 0.04923884044499927, 0.046484895681700084, 0.04914803713805479, 0.04926609532499985, 0.049212443897623095, 0.04924177739266099, 0.049351448520891, 0.040396765214967226, 0.0492372457631185], "H": [0.10399367555898087, 0.0024832516774952553, 0.04421978182602841, 0.003142302162333049, 0.005583539950911625, 0.002526876877903102, 0.20561997743803648, 0.06158622312712218, 0.002415827251629156, 2.400079914094156, 1.0677307902404058, 0.2727986137312904, 0.08062681872788266, 0.01165121693921733, 0.0018245062141485071, 0.7307616672975253], "C": [0.023267217880498396, 0.0029186370760093537, 0.005952438420580015, 0.0017013631128374586, 0.0015794345798773703, 0.0019746875108359375, 0.015016072154427716, 0.007701410001094907, 0.007465240183415003, 0.015408431279332538, 0.007714019421139348, 0.00826250853895179, 0.009242258252074403, 0.00810892373120137, 0.0025824063728174516, 0.006190879992244797], "steps": [0, 10000, 20000, 30000, 40000, 50000, 60000, 70000, 80000, 90000, 100000, 110000, 120000, 130000, 140000, 150000]}