{"fMOLHO 1": [38.90917154592939, 0.0014086116509797767, 0.00017015976802877631, 0.0005691000369726462, 0.0002278229622970632, 0.000173459588955118, 0.00015659634543376092, 0.0001428597099825882, 0.00013678345903801194, 0.00014142980888746736, 0.00013791724215548969, 0.00019762193731011061, 0.00016619264317034149, 0.00016415283495974805, 0.0001516220526331637, 0.00015534682845797635], "fMOLHO 2": [34.42303182764878, 0.0007269982747038761, 0.00024264327205451494, 0.0005776884259831367, 0.0002762562043851858, 0.0002645294275272128, 0.00023012023350663425, 0.00020865595929689724, 0.00019407995359012754, 0.00019543097307578267, 0.00019226693334975473, 0.00018048227908119095, 0.00022466150960982154, 0.00023124575340153702, 0.00023633469994374534, 0.00017838390996839504], "fMOLHO base 1": [23.319894929242256, 0.0009759737649822115, 0.0001475640020339654, 0.00041720946556494227, 0.0001959436011292236, 0.00013490294722923684, 0.00012956905915685984, 0.0001154973926855212, 0.0001148427132728152, 0.00011099970406469749, 0.0001044037177527688, 0.00018294508738202908, 0.00012202163989485792, 0.00010679086668372541, 9.896752534869902e-05, 0.00014704485840474348], "fMOLHO base 2": [16.491086030288372, 0.0004965510587183091, 0.000177449591279838, 0.0002919781928614026, 0.00016975171053174222, 0.0001643813614134055, 0.00015396785762711754, 0.00014100260935480643, 0.0001409900062751919, 0.00013759511655947652, 0.00013171243460592972, 0.00017148850773277097, 0.00013391239721976644, 0.0001279185736735493, 0.00012135911430109661, 0.00016263582249530134], "u": [0.029729236407547873, 0.0003248775695347558, 0.00011907794293387814, 8.653564052199045e-05, 8.058164627455261e-05, 7.585190369970226e-05, 7.060865554549041e-05, 6.877160486684035e-05, 6.788866983731947e-05, 6.600997666499513e-05, 6.360437219072863e-05, 6.251968982437568e-05, 6.259074980442239e-05, 6.248751746355055e-05, 6.169028424782126e-05, 6.258849280490244e-05], "v": [0.0246692728568174, 0.0003677515470592325, 0.00017222673116721278, 0.00012480749543134122, 0.00011412587505037036, 0.00010655753621923646, 9.838397738502315e-05, 9.173486647303416e-05, 8.736806793243468e-05, 8.546709135612164e-05, 8.526517413287453e-05, 8.518861771386827e-05, 8.683060635519757e-05, 8.761823169801662e-05, 8.783532651995059e-05, 8.408642255387773e-05], "s": [0.22408045627765422, 0.0007827254126733772, 0.0009064158010866605, 0.000915603027293261, 0.0009571140078484934, 0.0009589026809484292, 0.0009934278136591872, 0.0010057638587638884, 0.0010172713671535792, 0.001020601955203151, 0.0010295738062269825, 0.0010247616596311083, 0.001025676237349613, 0.0010294647148693203, 0.0010273792377960597, 0.001029819184080404], "H": [1.0426024768441176, 0.008666443332223944, 0.006213609746893263, 0.005124790048929324, 0.004431814997796236, 0.004078167770281013, 0.0037961808917468033, 0.0036143407090992244, 0.003487081084672969, 0.0033834161116965264, 0.0032890907537452226, 0.003222773801845561, 0.0031393176145819287, 0.0030399376399959854, 0.0029769430367865514, 0.0029393834002190435], "C": [0.05780507226043909, 0.008046854963282217, 0.006371721998877198, 0.006121091585356422, 0.005989315873481934, 0.005885384165591623, 0.0057881367072448835, 0.005718925886680301, 0.0056612579922240775, 0.005598835969760275, 0.0055352167941067915, 0.005520580532616513, 0.005421456838025689, 0.005372879911630375, 0.005351098462113814, 0.005374496090490916], "steps": [0, 10000, 20000, 30000, 40000, 50000, 60000, 70000, 80000, 90000, 100000, 110000, 120000, 130000, 140000, 150000]}