{"fMOLHO 1": [406.5414816836624, 0.0018853675722009119, 0.0007006493003513109, 0.00101629327633025, 0.0003083005738703176, 0.0007056590074120284, 0.0004026847836807657, 0.0002679489945954768, 0.00023263481933560778, 0.000921927308176074, 0.00023597123520583367, 0.00021160956927856412, 0.00023826657004237702, 0.00020652576423964915, 0.00042727998943135626, 0.0002909695204827422, 0.0002051423915700326, 0.00018923036014092885, 0.000401711537664112, 0.00021259510798220892, 0.0002817006294784141, 0.0001947138164462065, 0.00034201405587611143, 0.000245265967574225, 0.00024778523277224764, 0.00046007630926328123, 0.00021170579494526307, 0.00019000182917616507, 0.00017409995427668796, 0.00042316943437450635, 0.0002219327312937062, 0.00014885376974253705, 0.00017674409358754237, 0.0001518430254073259, 0.00016888715605280395, 0.00016493560904285066, 0.0004970660673708392, 0.0007045592403306576, 0.00028308625105442084, 0.0003549076994874888, 0.0003957476292577573], "fMOLHO 2": [140.05627200598445, 0.0032429861501792607, 0.00047912724506048756, 0.00044841305293509396, 0.0003067503562365565, 0.00047822415021527486, 0.0003109079982083427, 0.0002520064313606142, 0.0002422271986565298, 0.0006966238157667158, 0.0002945447523731757, 0.0002320477156612857, 0.00028529877724263686, 0.00024488404983831735, 0.00042163075123928144, 0.0002621449269596285, 0.00026458128370275563, 0.00021559036356686592, 0.00040676984020123337, 0.00028528285776883517, 0.000320529180695416, 0.0002090560763841034, 0.00032240722467852647, 0.00025930243188073516, 0.00032611974047627176, 0.000571864090982511, 0.00026366543750407274, 0.00022615004089809732, 0.000235504197592254, 0.0003965007761224646, 0.0002084484559484123, 0.00016130774450037917, 0.0002209650231855435, 0.00017363046002602398, 0.00017048627475572066, 0.00016683088184353418, 0.00029168468937572725, 0.0005896260752533149, 0.00023009579264389877, 0.0002499855663969184, 0.00026045503665913145], "fMOLHO base 1": [47.449851860372355, 0.0012416418863626147, 0.0006759722547775765, 0.001450034323660674, 0.0002808810736869768, 0.0005811164492864879, 0.0003734290651469351, 0.00022783074239346744, 0.00020440235724525496, 0.0008106009753707794, 0.00020226992652333037, 0.00020665130643032358, 0.000252822828092661, 0.00017369473912967812, 0.00034690045183889613, 0.00032138553753715946, 0.00016500879115882976, 0.00016786624264003653, 0.00045935102211134307, 0.00016814892239456133, 0.00028367576763848294, 0.00014969523814412831, 0.0002536700831400023, 0.0002774247489896268, 0.00017045703974884644, 0.0005173691686940467, 0.00019807459148786627, 0.0001557291667881971, 0.0001143103050428246, 0.00044724328141786465, 0.00024962522364007045, 0.00013877780130616704, 0.00012194708246623615, 0.00011570001731679827, 0.0001277593294784511, 0.0001450804495260005, 0.0005628492486310223, 0.0005754288422382211, 0.00028849893972300366, 0.0003939649269513719, 0.0004858503826820574], "fMOLHO base 2": [79.08336580666982, 0.0016894371321123452, 0.0006780251418228855, 0.0005054339070687025, 0.0003619212865477156, 0.0005428464250770241, 0.0004053126831667827, 0.00028173357281005627, 0.00022393931743930608, 0.0017508257986708388, 0.0004027279081591254, 0.00018505639687197892, 0.00023350640425622837, 0.00019296504141965313, 0.0006172153788571345, 0.0002156372423003221, 0.0003242114645722882, 0.00016778284659823092, 0.00032211129983968155, 0.0002618225594536518, 0.00023060643906675304, 0.0001641584651636887, 0.00022293012565207502, 0.00016278571101780066, 0.0002846512881639001, 0.0010386307132398472, 0.0001624178247644224, 0.000225486854643287, 0.00029119406482501297, 0.00031102301335646183, 0.00015584925670673023, 0.0001231520428561568, 0.0002694986614940711, 0.0001199420487501838, 0.00014179701982587113, 0.00013072060681059238, 0.00024098063162974293, 0.0004172478419597472, 0.00022820459531533086, 0.000207380688582213, 0.00016695630090868168], "u": [5041.907087215222, 0.0015644778807767357, 0.00042479638704706895, 0.0008643920083406015, 0.0001821373465768118, 0.00021134981356355019, 0.0002018393434564375, 0.00014120337210667586, 0.00013747576312561838, 0.0005447225313638819, 0.00014169520668057142, 0.00011600803709090383, 0.00013329816072948106, 0.00015589040070477557, 0.00019890206151999322, 0.0001229500724339576, 0.0001127418557624273, 0.00010346650195420487, 0.00025824530750066116, 8.92893744876739e-05, 9.268822022002354e-05, 8.56209309888083e-05, 0.0001533104869566791, 0.00014063094192145274, 9.02817681716209e-05, 8.817224990861387e-05, 8.150328678788972e-05, 0.0001263081205770961, 0.0001141755890205475, 0.0002924835809749446, 8.777685641370824e-05, 8.167472285370531e-05, 9.111371022554246e-05, 8.93786494301708e-05, 0.00010219814601427188, 0.00010931450603582455, 0.00022990268063319356, 0.0008326196099675865, 0.00015416515299027052, 0.0001986168222450143, 9.962582636643324e-05], "v": [710.7058004386553, 0.002010313628613261, 0.0005551716338988693, 0.00035763754148788204, 0.0002470848622430751, 0.0002982571700533502, 0.00023360630137448564, 0.00022843887043553138, 0.0001682120143114955, 0.000984891847236258, 0.0003661590220001403, 0.00013763791127492422, 0.00021341311703782293, 0.00017127984019826603, 0.0005752849215983522, 0.00013585647355425644, 0.00012208018104659246, 0.00010515977592919236, 0.00012480792259953233, 0.00039223780661974255, 0.00011491365017934012, 0.00010436910437896385, 0.00010793325879479248, 0.00017088780639525853, 0.00011284423120133102, 0.0005692411254704171, 9.498941673774397e-05, 0.00021432257023864742, 0.00015086677829691733, 9.21456248846155e-05, 0.00010953521675708614, 9.82452168302935e-05, 0.00013787704009365714, 8.220101946656766e-05, 0.00010239224386842755, 7.968583008154687e-05, 0.00011522589037856163, 0.0001004517813397535, 0.00014546667810436895, 8.230122588500514e-05, 8.63891910922741e-05], "s": [2.6502019252855207, 0.0018922644704573476, 0.0007890294841903163, 0.0006439609791656985, 0.0005944976183827526, 0.0005784879503633927, 0.0005612309891344879, 0.0005446797676096344, 0.0005291877416705701, 0.0005412562514711038, 0.0005030680725040867, 0.0004952415450481516, 0.0004828372331285142, 0.0004729891640194297, 0.00046753081653099995, 0.00044899605095121727, 0.0004400898222486824, 0.000430715045821799, 0.00042256286729975103, 0.0004114274625879152, 0.00040321069701732665, 0.00039976590379255084, 0.00038846285991216823, 0.00038881167214028015, 0.0003852914152017154, 0.00037562961090542883, 0.0003698856563846347, 0.0003697693457969702, 0.0003640243965847256, 0.0003630384460893045, 0.00035419569033492027, 0.0003488588586138061, 0.0003465359513156355, 0.00034128415104184957, 0.00033914295018997034, 0.0003344755993890172, 0.00033448395787302667, 0.0003421472752101777, 0.00033234688125786856, 0.0003296350426638372, 0.00032586032639029785], "H": [0.43960334432666254, 0.030628994933992806, 0.010822336320222878, 0.00841544930941496, 0.007377304367709947, 0.006989614684128948, 0.006753017983056389, 0.00622830334328605, 0.006006190321310963, 0.0062151920662332095, 0.0056748852453481135, 0.005518879202765418, 0.005601050878820389, 0.005284701085676112, 0.005320951700637979, 0.00510521341582873, 0.0049637188622184926, 0.0048274543351090205, 0.005181713782901716, 0.004640700880693856, 0.004622742957819308, 0.004489585055092606, 0.004457878137861729, 0.004888853267747268, 0.004491585354538383, 0.004370775929738715, 0.004224686576383647, 0.004212444157023361, 0.0041389901007016444, 0.004206176155396696, 0.004164623249652847, 0.004016675834432387, 0.004182441734084981, 0.003976548149216594, 0.003931104056617812, 0.00391635469591548, 0.004049010655805658, 0.003882147446348157, 0.004183043178249679, 0.0037830411382903167, 0.003917492597386939],