{"fSSA1": [17.038309216171974, 0.005533546058994384], "fSSA2": [170.25809536290825, 0.015820407098568016], "u": [0.02650340280873597, 2.0621714465783896e-06], "v": [0.20148016401693544, 2.2775626367840616e-05], "s": [1.6744356574816337, 0.013251498233073544], "H": [1.911294366177056, 0.027969409888729802], "C": [0.029427913553503583, 0.012255754558263294], "vel log": [0.007288845316068569, 0.004903107564530376], "steps": [0, 5000]}