{"fMOLHO 1": [34.7165261405208, 0.0021496012633307675, 0.0013231172481687212], "fMOLHO 2": [50.406747960659736, 0.004909958878785525, 0.0027302239899870155], "fMOLHO base 1": [19.495866340579337, 0.0011903132739349944, 0.0006280784897414326], "fMOLHO base 2": [29.35131895071228, 0.0018471240018840724, 0.0008548195255216623], "u": [0.11508945196125277, 0.0009174834499950582, 0.0003889671713746014], "v": [0.09508454448884583, 0.0011452499930398239, 0.0005113572116970714], "s": [0.3451135939969423, 0.007531557098374247, 0.002928856704461859], "H": [0.6421249601587674, 0.008694456229533246, 0.006177130602732811], "C": [0.05118054314038989, 0.0010774607181327982, 0.0005844487529437383], "steps": [0, 10000, 20000]}