{"fSSA1": [25.85307648508571, 0.0008463503611514971, 0.0008892969311003223, 0.006103676870030612, 0.002094947595380655, 0.0012204602536356086, 0.0170162661310398, 0.00017293429499253566, 0.008125968301550166, 0.0010319628282402817, 0.000135239452926903, 0.0013180338635649725, 0.0003975873728775612, 0.00015657206872883854, 0.005884268314113092, 0.00012842596757975847, 4.291553301173878e-05, 0.005377756481659452, 0.000806078614897594, 0.0001391063492521501, 0.0005074103229101892, 4.914493224562097e-05, 0.0007239113454539388, 0.0001687924867753079, 7.271319891069088e-05, 0.00013459466077872604, 5.332533528447085e-05, 0.0008917060708537067, 7.757931315002484e-05, 5.554351184977554e-05, 5.2347620116591525e-05, 0.0013233777060028243, 0.0003021709815931683, 0.00011211899895580006, 8.973362323314683e-05, 6.625822491915805e-05, 8.841801477615238e-05, 9.857987313275425e-05, 8.602320488673782e-05, 0.00039413144778378736, 6.447447137944102e-05, 5.0633272461589106e-05, 0.0017790625004131533, 8.695547598279172e-05, 9.505166746781195e-05, 0.0011956748696929182, 0.00012524791115096218, 0.00012068326073897618, 0.0004876953516494223, 8.422755028057458e-05, 0.00021714681215188658, 0.002339532576585261, 0.00018591912069795667, 0.00048618630914975153, 7.913324723547454e-05, 0.002981856053932898, 0.00013271137203722035, 0.00016394957213558529, 0.00027151971121446364, 0.0001150456749680409, 0.009074080794291658, 0.0001240108139174415, 0.00010162151127214992, 0.0001486784382369877, 0.00016625403962648976, 0.0018978117277155034, 0.005355627295843895, 0.00017735931266049784, 0.00024228881425306532, 0.0001560855328981957, 0.0001202884601759287, 0.0009644630645329619, 9.269682036595532e-05, 0.00011212516773062079, 0.00027801076616951697, 0.00013549760567223531, 0.00021443226367840108, 0.00040460571216052526, 0.00016572006520445466, 0.00010173329308333116, 0.00011424240659080721, 0.0002739275792728141, 0.0008212657541942465, 0.00036175663791645064, 0.00019497550899869775, 0.0005129221249090125, 0.0003351980456138617, 0.00020010635325587981, 0.0005158266379061882, 0.0002625310355136229, 0.0001838253955211628, 0.001263874223871029, 0.00038963265316807496, 0.0002769718707021998, 0.00021476535911044275, 0.00013103487169791988, 0.00017917101053815699, 0.00017274776788714399, 0.0014170818671524418, 0.0002249423029159811, 0.00020869640716860384], "fSSA2": [69.49643498846453, 0.00036259993932073536, 0.000548730028168023, 0.003488491569738497, 0.0006070198587371827, 0.005275169107235677, 0.033246613250732755, 0.0007820878491189363, 0.004598817916637946, 0.0005182735440626652, 0.0003046290915765705, 0.0004178431134354893, 0.0004442685896487545, 0.00014488879090702143, 0.01665031137169705, 0.00029492703848443694, 0.00010511277870504656, 0.011151895048083369, 0.0011075094993405123, 0.00011859212170880374, 0.0020832914821741866, 0.0001095411256469491, 0.0002486014442724724, 0.0007006803497456438, 0.00012816517864596086, 0.00047155020062027007, 0.0001641041043248762, 0.0028304925159793977, 0.0002311040437220418, 0.0005521735876717357, 0.00023542342420181935, 0.002176005478861698, 0.0005714413530545439, 0.0003095639457881357, 0.00025585850059342297, 0.00022960744999559463, 0.0004519759049149339, 0.00026686912460774365, 0.00033233809292564, 0.0005016777592181758, 0.0002739948015911106, 0.00026196796029953666, 0.0018887405010370286, 0.00023326150787625146, 0.0002883685692461622, 0.0007752150497792246, 0.0003022089607804263, 0.0003705383878084232, 0.00032285992421440476, 0.0003227417306251614, 0.00035762701696004915, 0.0017888115619559728, 0.0003757320379347899, 0.0003968228485105032, 0.00027953586000272054, 0.0014431474011876082, 0.00023649795238199421, 0.0006748010887067702, 0.00019073440588407705, 0.0002338441322256692, 0.004921863101031522, 0.0006378798987849083, 0.00030314427519102436, 0.0002525059005044905, 0.0004127254116820935, 0.0009763540288961625, 0.0032216843629731553, 0.00021692020385272298, 0.0006370416212103928, 0.0004199570600958068, 0.00013537209736451164, 0.001107521416671556, 9.941155367472459e-05, 7.701673735237237e-05, 0.00023711498935499696, 0.00011128291136075068, 0.00015550185857248514, 0.00016921425816709648, 0.00019975280226413876, 8.974827250507589e-05, 0.00015178307375341639, 0.0002234309332177953, 0.00047672404582379537, 0.0002149867144146958, 0.0003651245769843129, 0.0012577353654013876, 0.0006365389380921376, 0.0003366146886547285, 0.0002844648639882214, 0.0001962824032769857, 0.00011557503580920105, 0.0006852007268784917, 0.000326265153353522, 0.0003124402776465788, 0.00013005264943108177, 0.00012107798290025974, 0.00015568745301415066, 7.683894318608931e-05, 0.0012915592621021142, 0.00020717453620929235, 0.00022571772747562193], "u": [0.011781322589875068, 3.3984689314773494e-06, 1.0837242341551664e-06, 3.498863054952795e-06, 3.538402660594871e-06, 2.65088495407388e-06, 2.044827030858591e-06, 2.923548807396378e-06, 5.147361596314531e-06, 1.1734303332950907e-06, 1.0485124413016125e-06, 9.119298894014742e-07, 6.139850084655005e-06, 7.566171019465661e-07, 0.0001546282672390032, 7.254602656215753e-07, 8.762482384318546e-07, 0.000404673691048936, 1.1833501192757357e-06, 8.037448985085629e-07, 3.923842850543731e-06, 6.724264216358326e-07, 6.315470664472345e-07, 6.923512658816802e-07, 6.796986825886768e-07, 8.785841525980234e-07, 6.092927316423361e-07, 1.518457430062913e-06, 5.603496280211319e-07, 6.305447223517814e-07, 5.759028708543378e-07, 3.831200312884786e-06, 1.250430017515973e-06, 6.360098028463098e-07, 6.203940717998661e-07, 6.148060379556124e-07, 6.215533963793639e-07, 5.933236142197233e-07, 5.438120136986332e-07, 2.4941666994855695e-06, 5.830665029240903e-07, 5.837852357571036e-07, 2.270574592721127e-06, 6.590869168501797e-07, 5.926926749658788e-07, 7.407141862347328e-07, 6.532103901394736e-07, 5.410563596276841e-07, 6.42783868611167e-07, 5.645644713061071e-07, 8.496818611279656e-07, 2.284839697918273e-06, 5.247475729429119e-07, 7.835393046739945e-07, 5.081739176014565e-07, 3.63599906726102e-05, 5.100162552676195e-07, 4.4619487918857856e-07, 6.158135073819488e-07, 5.85265709771706e-07, 9.679041011049233e-05, 4.181824679486191e-07, 5.158334389522164e-07, 6.649817390901071e-07, 5.03311724940647e-07, 1.0926117252527345e-06, 0.00012563517347248388, 6.076278329524687e-07, 5.183310815476068e-07, 5.002990970459447e-07, 5.525035053598697e-07, 4.213514024426444e-06, 5.435029587487908e-07, 5.691056556708482e-07, 2.0701423588026946e-06, 5.55876122442125e-07, 6.380675648749969e-07, 5.630183886390107e-07, 6.078796474127328e-07, 5.379041812192475e-07, 5.550611996288247e-07, 4.79651013704317e-07, 5.079147409480265e-07, 8.538771800154806e-06, 9.536809320017874e-07, 5.525865400707743e-07, 1.4072586051666687e-06, 5.217357424168006e-07, 4.979109146927445e-07, 7.47766566718578e-07, 5.840686436376923e-07, 5.909376440121673e-07, 1.2481048645146947e-06, 1.10982190358427e-06, 5.235859391634347e-07, 5.227123881406888e-07, 5.222136293858026e-07, 5.183488383320245e-07, 4.99468416391129e-07, 1.4435842572283395e-06, 5.206163053678619e-07],