{"fMOLHO 1": [265.1779475752021, 0.001097745750849553, 0.00135786915981656, 0.0010473399738240268, 0.0008640974133609703], "fMOLHO 2": [214.47547249691166, 0.0010674301494037516, 0.0016493414393585956, 0.0023630785419772116, 0.0011594636490592568], "fMOLHO base 1": [164.88493821473122, 0.0054489839702022555, 0.0056053727075607695, 0.004762938429369315, 0.004241739503723208], "fMOLHO base 2": [122.64011490000163, 0.01194376233474354, 0.012135012387497434, 0.009051212170159034, 0.009011002521643552], "u": [0.03560510174483002, 0.009141697707235398, 0.00774938932608544, 0.007401703044888103, 0.007145628619159347], "v": [0.06554729713312328, 0.030175005301993036, 0.024244034555278605, 0.023986092065219344, 0.022562929756146967], "u_base": [0.8660323778056316, 0.0008840916169439231, 0.0005706526380617408, 0.000533654077569839, 0.0005226763529927705], "v_base": [1.0376859268110474, 0.003127986188088053, 0.0017920848654448562, 0.001962629804778385, 0.0016666863512263827], "s": [13.511283672519841, 0.013236924930663994, 0.010879203061109198, 0.010043066792649899, 0.009635363418990664], "H": [0.5681678447601496, 0.016982734144636285, 0.011302117712054971, 0.010064987175796045, 0.009698753436917996], "C": [0.09891046445527474, 0.001218345717461147, 0.0016542012828539157, 0.0016646043726765258, 0.0017146291179040017], "steps": [0, 10000, 20000, 30000, 40000]}