{"fMOLHO 1": [0.002200881417810614, 3.5587150424024203e-06, 1.9410319086995576e-06, 1.7853196022495406e-06, 1.7747781210498761e-06, 1.716043281488819e-06, 1.5570162697545508e-06, 1.6553358075587248e-06, 1.5907047282695988e-06, 1.5872104564274722e-06, 1.5450475154826482e-06, 1.6066880615381139e-06, 1.5358369633316567e-06, 1.5507441914264874e-06, 1.513349458938617e-06, 1.545886478510783e-06], "fMOLHO 2": [0.0018072073454544388, 3.2504575140250284e-06, 2.453630694004154e-06, 2.58935931865365e-06, 2.4158534072640906e-06, 2.377571105591489e-06, 2.554700496721874e-06, 2.2060773108673545e-06, 2.23309904977967e-06, 2.187936599053543e-06, 2.2334519501564756e-06, 2.2435245046986164e-06, 2.2007653695840955e-06, 2.189595975878907e-06, 2.25063989494629e-06, 2.1352829672350523e-06], "fMOLHO base 1": [0.0014413560463192887, 3.0578657420178394e-06, 2.168396689470516e-06, 2.0739712707157968e-06, 2.0614916778424656e-06, 1.948434490840634e-06, 1.9697525782623993e-06, 1.956009813215496e-06, 1.944370005533457e-06, 1.929794415702791e-06, 1.9248273081020265e-06, 1.944426987895771e-06, 1.905780552474857e-06, 1.9104438440540248e-06, 1.9123669395119117e-06, 1.9090209871826193e-06], "fMOLHO base 2": [0.0011476608439970086, 4.603512153062644e-06, 4.273145836620276e-06, 4.236084688755144e-06, 4.1748196117345405e-06, 4.088065097425994e-06, 4.106108824827485e-06, 4.112877178218215e-06, 4.117315578435869e-06, 4.1236554372304455e-06, 4.147628922871153e-06, 4.179502124535747e-06, 4.143511936739535e-06, 4.15541755899796e-06, 4.1491960633068e-06, 4.142966524065852e-06], "u": [0.21843652499667787, 0.00019704412872394072, 7.991110283493074e-05, 4.755045522024887e-05, 3.631455094412364e-05, 3.702465390659413e-05, 2.957166173575782e-05, 2.7166024609524397e-05, 2.5861143879897297e-05, 2.4850228611226928e-05, 2.406759063026336e-05, 2.2909822296787272e-05, 2.2164850747022464e-05, 2.135744473491187e-05, 2.0818474842215847e-05, 2.1567740210905864e-05], "v": [0.20450852741176995, 0.00018144748629203705, 7.745475554132981e-05, 4.503308370126484e-05, 3.84118765033251e-05, 3.6777468837500544e-05, 3.339574909272044e-05, 2.684915007758516e-05, 2.459233925602052e-05, 2.3249438814197947e-05, 2.243767699594226e-05, 2.2069157535366793e-05, 2.135881221300025e-05, 2.064028650916911e-05, 1.996974388989391e-05, 1.959664281745911e-05], "u_base": [19.673158315007544, 0.000251037861435703, 0.000407916215182141, 0.00011802063217962332, 6.40029501168017e-05, 0.00014473632562009612, 6.51812204569761e-05, 4.922209503232974e-05, 4.031133150935258e-05, 3.897578484416118e-05, 3.917701327903846e-05, 3.3681467939824074e-05, 3.5224718280967447e-05, 3.0137834241180317e-05, 2.9841243959812093e-05, 4.889047938562859e-05], "v_base": [17.661457429795774, 0.000184174889885805, 0.0002998618975928095, 0.00010649352231146005, 5.261936558544234e-05, 0.00016647337110467682, 0.00016379035563100883, 3.395300210555753e-05, 3.350785677186117e-05, 3.2133018950686945e-05, 3.2496495655416865e-05, 3.8775160607230376e-05, 3.2732445304590624e-05, 2.897360565110837e-05, 2.9852328388551423e-05, 3.935180714969205e-05], "s": [0.917880068905564, 0.0001722153894617908, 7.383682870560444e-05, 5.538004618508844e-05, 5.060203716390043e-05, 5.324244455751469e-05, 4.501396173089599e-05, 4.1624111064691007e-05, 4.001979988374382e-05, 3.872388497399598e-05, 3.7158029203323596e-05, 3.664348836783427e-05, 3.540695737084211e-05, 3.4565841367207776e-05, 3.403516722585901e-05, 3.399257049135301e-05], "H": [0.12029059624900468, 0.0009163751622854082, 0.0005471154582576478, 0.00043481355620193513, 0.00037428552560059156, 0.0006645958658931544, 0.00038916456957120444, 0.00031898354361629966, 0.000305957623717894, 0.00030309396231495, 0.00029019755659826803, 0.0003088242838115563, 0.00028811600014397624, 0.0002773414611782249, 0.00027186051816009053, 0.00026733875125730506], "C": [0.02605809526425074, 0.00029889769369123776, 0.00028078449356800923, 0.000268952625674801, 0.0002552464068971054, 0.0002455336380806972, 0.00022692082206375854, 0.00021155685199739771, 0.00019910521511266082, 0.0001893075747121583, 0.00018079413518560603, 0.0001746403747080165, 0.0001683491605806473, 0.00016287948650489962, 0.00015782976741337136, 0.00015329457546556672], "steps": [0, 10000, 20000, 30000, 40000, 50000, 60000, 70000, 80000, 90000, 100000, 110000, 120000, 130000, 140000, 150000]}