{"fMOLHO 1": [7.609527024388978e-05, 6.303895849651217e-07, 5.68247658387384e-07, 5.780711056196637e-07, 6.009939627368537e-07], "fMOLHO 2": [5.9817839947122055e-05, 4.816036985224504e-07, 4.860863167462601e-07, 5.041822891617006e-07, 4.929927045150039e-07], "fMOLHO base 1": [4.020271320935335e-05, 4.7564630139630414e-07, 4.4210354814967985e-07, 4.5601371143585307e-07, 4.708284875336033e-07], "fMOLHO base 2": [2.7931059618496064e-05, 5.442525464174208e-07, 5.641888165378338e-07, 5.715809214763722e-07, 5.688565807446368e-07], "u": [0.24580473091954355, 0.0005762268643246001, 0.0003755775705651414, 0.0003343809996071012, 0.00031399682962775813], "v": [0.34145495439098045, 0.0009226143259772022, 0.0005811993551090402, 0.0004573675893318602, 0.00040349074567703753], "u_base": [43.28201293025445, 0.0007960290773155169, 0.0004858939185580645, 0.000439673798041183, 0.0003836275156737527], "v_base": [27.350332114841795, 0.0009258241560090851, 0.0006947609581791546, 0.0006112078922295773, 0.0005249620805477648], "s": [4.979748784582417, 0.0017598657312405297, 0.0012428207766645178, 0.001076580416057413, 0.0009965132836250205], "H": [3.335242401158847, 0.029195168102605154, 0.020241138367091287, 0.017060348216171937, 0.014988397916420024], "C": [0.09873636161757496, 0.0005917890786144492, 0.0005743362378171865, 0.0005727635449918915, 0.0005661513373109209], "steps": [0, 10000, 20000, 30000, 40000]}