{"fSSA1": [13.834083995208331, 0.031706741729494566, 0.0003044400811323605, 0.0002813707002076602, 0.00028268941779585307, 0.006708322700969786], "fSSA2": [91.76551973462271, 0.033839776369226804, 0.0013286533149405523, 0.0008335141098678022, 0.00041827493407199206, 0.0009474671539971208], "u": [0.0030473601455652827, 8.816044876847618e-06, 6.03739040206991e-06, 2.3539085167436445e-06, 2.131550388139428e-06, 1.8804890504711016e-06], "v": [0.01602977439315225, 9.079095361339595e-06, 3.4535628748161385e-05, 1.199165913813002e-05, 1.1245237048820966e-05, 1.2093575948366194e-05], "s": [0.5228235187478179, 0.019561755511389035, 0.004194885121241999, 0.0032590124081638733, 0.0026294162048176558, 0.002583782077323222], "H": [0.13232103845974885, 0.025812188633872465, 0.008608628082108025, 0.007701364602419261, 0.007471641845143191, 0.007406908711229292], "C": [0.04076115697250995, 0.011673079438849319, 0.00967175790595772, 0.00731726727159416, 0.005946565844044968, 0.005885382721646146], "vel log": [0.0066081022409769045, 0.004741531101836468, 0.0050489782471785085, 0.00481958567208174, 0.004569273280630966, 0.004661695880827231], "steps": [0, 10000, 20000, 30000, 40000, 50000]}