{"fMOLHO 1": [7.224515855849034e-05, 1.497478190719519e-07, 1.1924079589200883e-07, 1.284229304903399e-07, 1.3197433174793687e-07, 1.1229614483439078e-07, 1.2952053554674883e-07, 1.2545871848860478e-07, 1.261423703498796e-07, 1.3998496420461245e-07, 1.4049295653737585e-07, 1.417259657482497e-07, 1.3953343365177813e-07, 1.13890086994435e-07, 1.4165691423958524e-07, 1.4535307380121087e-07], "fMOLHO 2": [7.641452647602908e-05, 3.0297923746593473e-07, 2.9324670132494657e-07, 3.0808806163135354e-07, 2.898882968806214e-07, 3.4330218848839364e-07, 3.2192968796215505e-07, 3.683864149320752e-07, 3.07091534388886e-07, 3.3480227432684894e-07, 3.388593165681005e-07, 3.2946197966120643e-07, 3.2927726088678305e-07, 3.2514827553695987e-07, 3.2650580266063736e-07, 3.106613898308547e-07], "fMOLHO base 1": [3.860292764881138e-05, 1.807752711673147e-07, 1.6507358226207033e-07, 1.6487399966688772e-07, 1.6787841269550228e-07, 1.7109384605440949e-07, 1.7756064012731334e-07, 1.783724471532453e-07, 1.79180999105093e-07, 1.802726090433249e-07, 1.805684294921785e-07, 1.8085522229052036e-07, 1.808931617969137e-07, 1.804791651322909e-07, 1.8114183753628789e-07, 1.8191259249165408e-07], "fMOLHO base 2": [4.52735783200193e-05, 4.5389898698961526e-07, 4.3983233831761406e-07, 4.7052487132912036e-07, 4.763473281973094e-07, 4.819466323430277e-07, 4.924051845867087e-07, 5.043038246814756e-07, 5.0839528968487e-07, 5.107107002175636e-07, 5.091718300457952e-07, 5.069925693586076e-07, 5.044514168283738e-07, 4.957087126149192e-07, 5.019687620487711e-07, 5.018355807578333e-07], "u": [0.13999968813644953, 5.833979015404733e-05, 4.123438884025813e-05, 3.4051261749770746e-05, 3.0082143231899503e-05, 2.566702856553009e-05, 2.2243695226070385e-05, 2.0557940238529365e-05, 2.0796479301315012e-05, 1.7369369892110586e-05, 1.6215790312314977e-05, 1.5437737853948698e-05, 1.4708521836025502e-05, 1.652640960437902e-05, 1.3366625151025695e-05, 1.281160081820293e-05], "v": [0.33069567050700227, 5.170677041741456e-05, 3.2261907411450106e-05, 2.2438350912764373e-05, 2.1294430119842673e-05, 1.9511157184571725e-05, 1.7428502001859196e-05, 1.6311491782467885e-05, 1.9803598390147894e-05, 1.3545460152303713e-05, 1.2555938415866592e-05, 1.179075902088006e-05, 1.1163373235948813e-05, 1.2497426292319208e-05, 1.0265538392351676e-05, 1.0520921747915329e-05], "u_base": [0.16745087074044357, 1.0231792296992081e-05, 5.816984277926619e-06, 5.338779227694883e-06, 5.199608187963823e-06, 5.444791386890982e-06, 4.175621118932602e-06, 3.946123396127963e-06, 4.390046562003104e-06, 3.6012500900892745e-06, 3.6876867022691054e-06, 3.73970542272481e-06, 3.7561106236038845e-06, 7.529704331171223e-06, 3.7528855806658275e-06, 3.7254088708266327e-06], "v_base": [0.11868691512225643, 1.8188806115458245e-05, 1.233040828404609e-05, 9.652355560009719e-06, 9.508243800016728e-06, 8.33021513648256e-06, 6.37001624327993e-06, 6.7643150442653175e-06, 7.075889069829758e-06, 5.701529046664845e-06, 5.664727295052499e-06, 5.680242754675851e-06, 5.603101548444839e-06, 5.544683420130354e-06, 5.3228262117836355e-06, 5.329405165895725e-06], "s": [0.6147845618768569, 4.929032868041762e-05, 4.997695240754849e-05, 3.799834045926669e-05, 3.645012665743638e-05, 6.606699226553343e-05, 3.276789864629243e-05, 3.640564673584392e-05, 3.2928425510124044e-05, 3.013431676836257e-05, 2.9558817386433377e-05, 2.9063728123487027e-05, 2.874425475968286e-05, 9.907145978985688e-05, 2.7483045198651785e-05, 2.8669896158653283e-05], "H": [0.6029350236618515, 0.00011314466259134258, 0.00010179365699692315, 6.114864533063408e-05, 7.764176634037944e-05, 8.624344638778303e-05, 4.6134680614690904e-05, 5.7969658889779576e-05, 7.380674001332387e-05, 4.0916100940451465e-05, 3.793805177905763e-05, 3.741846704991661e-05, 3.598055120009348e-05, 8.235585798098288e-05, 3.491255363677257e-05, 6.735068203448404e-05], "C": [0.06463126051146718, 0.00048737444747479013, 0.00038290747945306496, 0.00029986169905312345, 0.00024061957708213365, 0.00019299382411364354, 0.00015973997255835527, 0.00014906355438406758, 0.00012759727721279573, 0.00011987064334372122, 0.00010862035029925793, 0.00010193995834337791, 9.634564158560794e-05, 0.00010112374678617569, 9.372800713416786e-05, 8.315223982079051e-05], "steps": [0, 10000, 20000, 30000, 40000, 50000, 60000, 70000, 80000, 90000, 100000, 110000, 120000, 130000, 140000, 150000]}