{"fSSA_VB1": [232.36476052878731, 0.010609683835770132, 0.010770670251120301, 0.011894301911752427, 0.006863254653984151, 0.002868393684084849, 0.002469113635470624, 0.0063869600780787125, 0.00048228488583015953, 0.00046385133732826145, 0.003678660130284639], "fSSA_VB2": [244.6989284162066, 0.01402368703894063, 0.013657316395288074, 0.0028548443101123933, 0.0018877742606663575, 0.0032021054593104805, 0.001362921005023901, 0.0025970948538088863, 0.000791377369209303, 0.000657860717622829, 0.0024756502405389614], "u": [946.468403672857, 0.00449652175360891, 0.0030835005293290887, 0.0032459459285825508, 0.0005743148943025815, 0.000779978824744053, 0.0005077450915759372, 0.0006889711888861717, 0.00023275104158149918, 0.00022904489379546784, 0.00048614642884852377], "v": [557.5914054240535, 0.0029288537155669936, 0.0023905556197090327, 0.0023816496166192054, 0.0010621902930278778, 0.0005036010762962914, 0.00041723709232767615, 0.0008591387767049655, 0.00037266097945465196, 0.0003173664339281628, 0.0003154660460666387], "s": [8.615700202391833, 0.003632871381637029, 0.0009929140939574674, 0.00038824774334256484, 0.0006228486828050683, 0.00040435533028385274, 0.00037237178444504086, 0.0004982001824008029, 0.0003359611829081896, 0.0003186552518675972, 0.0003428128542436787], "H": [1.8934451306478999, 0.046392357839044544, 0.030620586678150073, 0.023083791773692148, 0.019184322572524524, 0.01809045767718749, 0.015415747331528873, 0.014908893672104608, 0.013167429306721067, 0.011778022868543715, 0.011006762886780697], "C": [0.04784641536542556, 0.0020153995438781046, 0.0005479196969678684, 0.00020236035338153834, 0.00026412862202046023, 0.00011464833416323038, 0.00011050124090046743, 0.0002650260835771716, 9.241078519427346e-05, 8.964142754842213e-05, 0.00010607985451451997], "B": [4.189782717255754, 0.00024759298351946795, 8.109605139051543e-05, 7.769741548134934e-05, 6.223961037956067e-05, 6.614495688312159e-05, 6.158734483341061e-05, 6.249464388841409e-05, 5.453377640484953e-05, 4.431027230652131e-05, 4.3439557249873275e-05], "steps": [0, 10000, 20000, 30000, 40000, 50000, 60000, 70000, 80000, 90000, 100000]}