{"fMOLHO 1": [192.0780051493609, 0.01829616271896417], "fMOLHO 2": [113.90522533943768, 0.018473795594144412], "fMOLHO base 1": [88.5932872594789, 0.016545271345451182], "fMOLHO base 2": [88.20881198208814, 0.016232248525396835], "u": [1186.2862861132048, 0.011147857839317337], "v": [1224.4189659179062, 0.010122358581006394], "s": [3.239347079380481, 0.09035263004789525], "H": [0.3603270848436416, 0.03249793810145048], "C": [0.053568186039484454, 0.01773343570997277], "steps": [0, 4000]}