{"fMOLHO 1": [0.0020116099681826145, 2.4243183597051037e-06, 1.7674262335927206e-06, 1.5544953194194678e-06, 1.420507698309498e-06], "fMOLHO 2": [0.0008797602051878293, 3.142153187990304e-06, 2.274635751337217e-06, 2.026723240270376e-06, 2.024364793226202e-06], "fMOLHO base 1": [0.0012011055657502436, 2.4556097149169607e-06, 1.9946106183414857e-06, 1.8314378855114381e-06, 1.7523465915341539e-06], "fMOLHO base 2": [0.0005675264675606978, 4.294905136415605e-06, 4.122103536540607e-06, 4.048316535433079e-06, 4.030230188070069e-06], "u": [0.16514299407375205, 0.00013521375264590707, 5.4328280525601824e-05, 3.764476346039858e-05, 3.1755374340135567e-05], "v": [0.1669033148209273, 0.00016226017751227445, 6.057524742571549e-05, 4.086705769297601e-05, 3.219438345637992e-05], "u_base": [20.66299917197733, 0.00036356947310096075, 9.995443433952368e-05, 6.947661850538491e-05, 5.6633435035353544e-05], "v_base": [8.971131110398945, 0.0002613381267037252, 7.678826676875379e-05, 6.366258147585495e-05, 4.804312761268988e-05], "s": [0.8307718010988191, 0.00013079733776771843, 7.242078939031047e-05, 5.3902781691680365e-05, 4.8924280165518065e-05], "H": [0.04517349472005517, 0.0009267545832586614, 0.0005669062093364204, 0.00046861716810233734, 0.0004084476479233901], "C": [0.02994479063162204, 0.0002990109771133958, 0.000276628596872237, 0.00025789624940241086, 0.00024302979805374705], "steps": [0, 10000, 20000, 30000, 40000]}