{"fMOLHO 1": [0.00024534770666329985, 3.309378181784737e-07, 1.6429848046597522e-07, 1.8239892707669335e-07, 1.765727249670399e-07], "fMOLHO 2": [0.000154447191032922, 3.223230491418069e-07, 2.2423452585857138e-07, 2.0042145254192833e-07, 2.1349312067272154e-07], "fMOLHO base 1": [0.00015531084735088846, 2.901909929082702e-07, 1.8764469097331455e-07, 2.002066852691455e-07, 1.949945771287054e-07], "fMOLHO base 2": [8.87684196830018e-05, 4.53906802567115e-07, 4.0695155278648e-07, 4.125289410446227e-07, 4.048534416227604e-07], "u": [0.708076777640276, 0.00015745702086977765, 6.133660189501191e-05, 4.34614154043084e-05, 3.605737853121179e-05], "v": [0.4719373203534983, 0.000224462562382054, 5.2039843468755575e-05, 4.37730060565749e-05, 2.7715619952439955e-05], "u_base": [38.36651342869993, 0.0002371225744157213, 0.00011382452518444174, 0.00013397657739303617, 5.847584642221737e-05], "v_base": [15.278833577987527, 0.00017756059684857683, 6.83067590542402e-05, 0.000486667394364214, 4.403540622562862e-05], "s": [1.4175853438461004, 0.00018165129024234986, 6.197823012404807e-05, 6.0883329864173946e-05, 5.31135773469664e-05], "H": [0.08699681589390224, 0.0009182958342423649, 0.0005612294539919545, 0.00048524584809678516, 0.00040241401106299966], "C": [0.059748384723385985, 0.00030425446834697904, 0.0002609596491694035, 0.00024009638703265457, 0.00022987866759019833], "steps": [0, 10000, 20000, 30000, 40000]}