{"fMOLHO 1": [0.0001940236497104042, 4.6019490596373995e-07, 5.857780852351587e-08, 5.823111249435881e-08, 5.7180468194079e-08, 6.0551536300118e-08, 6.472281893333931e-08, 6.769617972859383e-08, 6.939041908354964e-08, 6.964784674717073e-08, 6.92223142899507e-08, 6.915102021580878e-08, 7.090777135877684e-08, 7.149120078031714e-08, 7.29322556862911e-08, 7.42918421962672e-08], "fMOLHO 2": [0.00017433062460660265, 4.731978218369639e-07, 9.489589940402272e-08, 9.171759601907863e-08, 9.055147980248955e-08, 9.134145880932831e-08, 9.514271049198027e-08, 9.661114388024297e-08, 9.938091461941364e-08, 1.0003493344795137e-07, 1.0070658975813386e-07, 1.0264924312718503e-07, 1.0540896626304936e-07, 1.0764291658863036e-07, 1.0992102509506075e-07, 1.1152625735567804e-07], "fMOLHO base 1": [0.00011884814198206865, 3.3654358087421475e-07, 9.33434797578122e-08, 8.887373661147923e-08, 8.550394490592608e-08, 8.625076559062147e-08, 8.833643336801293e-08, 8.982708896795899e-08, 9.05209085915468e-08, 9.051830390773926e-08, 9.042481957108685e-08, 8.963625203600366e-08, 8.867395991115088e-08, 8.928289977227869e-08, 8.993530877820371e-08, 9.028652827617876e-08], "fMOLHO base 2": [0.00010625188892069353, 4.3863325294854476e-07, 1.7860698291305114e-07, 1.695363885554147e-07, 1.675416196142616e-07, 1.6654376791623754e-07, 1.6385303409720941e-07, 1.6373443472403811e-07, 1.6291656722690487e-07, 1.6608259902647951e-07, 1.6485168289771277e-07, 1.6541648070972194e-07, 1.6471832692279356e-07, 1.671197624312987e-07, 1.6914852924761585e-07, 1.6960359832535243e-07], "u": [0.4514681242583013, 0.0007346427331235123, 3.5744885269355464e-05, 1.6832038089681126e-05, 1.5738585854202364e-05, 1.2413347023757589e-05, 1.349041316485652e-05, 6.9989322925898135e-06, 7.034420602787478e-06, 6.711630589052145e-06, 6.135420908082713e-06, 4.894192689899639e-06, 6.798644505397462e-06, 4.384820379244513e-06, 5.655908274744184e-06, 4.007164743290744e-06], "v": [0.13147313521020457, 0.0006550360481939435, 2.0770039003935657e-05, 1.2488277325086782e-05, 1.3544798665856082e-05, 8.156678462832634e-06, 9.901679699075281e-06, 6.435674372230344e-06, 6.25203035733089e-06, 6.501136690195692e-06, 5.635624943741554e-06, 4.559474598047643e-06, 6.023948742515081e-06, 3.5680842033409542e-06, 3.6341025637206948e-06, 3.1587262611778034e-06], "s": [1.1359763869111248, 0.00055098121716197, 5.0952417647026524e-05, 2.77059382135277e-05, 2.6048807928823014e-05, 2.9326479795376172e-05, 2.530393571135987e-05, 2.1126612958175825e-05, 2.2255671393644652e-05, 2.330361035245931e-05, 2.020511751685454e-05, 1.8664277237349027e-05, 2.0504143606088605e-05, 1.8514620635289403e-05, 2.0178666490673746e-05, 1.6974446282926803e-05], "H": [1.3797696843608322, 0.0007428747638455432, 5.9940556464154275e-05, 4.009924091505099e-05, 8.454342492694383e-05, 3.309156089124073e-05, 9.643481975761856e-05, 1.6380800735277766e-05, 1.5422821933918255e-05, 4.353910793011649e-05, 5.800755655597713e-05, 1.078513223342146e-05, 2.2259419249039187e-05, 1.4841699695113009e-05, 3.1831797001148076e-05, 9.536158928790153e-06], "C": [0.05846966439321145, 4.9088849859898386e-05, 2.1715338572022513e-06, 2.125014783995456e-06, 1.924187963225916e-06, 1.7021219229286624e-06, 1.7356502748961585e-06, 1.5000801690479486e-06, 1.4454784683443032e-06, 1.3949763328806376e-06, 1.3827916818055939e-06, 1.3413537749351782e-06, 1.2851546342827362e-06, 1.2050032011797827e-06, 1.1237884239778618e-06, 1.0589613755241043e-06], "steps": [0, 10000, 20000, 30000, 40000, 50000, 60000, 70000, 80000, 90000, 100000, 110000, 120000, 130000, 140000, 150000]}