{"fSSA1": [271.158308146764, 0.08772748834341625, 0.0013381973403962483, 0.0038859122777608096, 0.0020152820356518957, 0.002131344329397843], "fSSA2": [268.6990513578472, 0.015471844167339408, 0.0023669186445423153, 0.001995521660509815, 0.0010338490098943168, 0.0015091109557519525], "u": [845.6106535528311, 0.014307164751079106, 0.0013659463130761109, 0.000620356669974547, 0.0005004493999047788, 0.0003714879797345928], "v": [1201.5387413325077, 0.008300696332524893, 0.003705160461468318, 0.0005975796156403657, 0.0006316871611157039, 0.0005057621595270684], "s": [14.122091493863044, 0.004510794134764096, 0.0004067603167483623, 0.00033897574087916963, 0.00037446002861330987, 0.00033134017757830336], "H": [1.8211332960337825, 0.06520428215678474, 0.03458499904787546, 0.027491780203226082, 0.024234741036753483, 0.022439498772415065], "C": [0.20020669425809304, 0.019893240653104573, 0.004799091964324618, 0.003538832481347381, 0.0036903633061978287, 0.0033539516612560616], "steps": [0, 10000, 20000, 30000, 40000, 50000]}