{"fMOLHO 1": [0.025990057047509604, 5.633645877942344e-05, 5.132006321837916e-05, 5.1136253120161e-05, 4.70321078131296e-05, 4.798147398631158e-05, 4.488872374350655e-05, 4.4357264199154574e-05, 4.332148585963599e-05, 4.27079104555099e-05, 4.12219720575845e-05, 4.205002072694378e-05, 4.08851775017887e-05, 4.2479325434028166e-05, 4.0765378556976104e-05, 4.061771592594637e-05], "fMOLHO 2": [0.022299536700387382, 1.5826581203365238e-05, 1.3853004894693572e-05, 1.3126444937653112e-05, 1.2448563695403382e-05, 1.2869136001439794e-05, 1.1833264141215323e-05, 1.1546458087628678e-05, 1.1492871575610074e-05, 1.1284876850761106e-05, 1.0805135056241092e-05, 1.0979480285447378e-05, 1.0819368242284346e-05, 1.0415385675306923e-05, 1.0675943683637413e-05, 1.049963193609478e-05], "fMOLHO base 1": [0.015223230759161484, 8.659296654009916e-05, 8.225865274250025e-05, 8.173384857251998e-05, 7.899063320400674e-05, 7.963869023096083e-05, 7.687319107389138e-05, 7.609221283076266e-05, 7.534925570824153e-05, 7.478534510956362e-05, 7.369774994144213e-05, 7.415474682304303e-05, 7.335635495563182e-05, 7.399104584347746e-05, 7.312832253091504e-05, 7.278562343203729e-05], "fMOLHO base 2": [0.013722438207117766, 1.9853331448002407e-05, 1.815462639822357e-05, 1.791627795069574e-05, 1.7050467376402446e-05, 1.7313335130811362e-05, 1.652627009386149e-05, 1.6345304850768517e-05, 1.6133967207624172e-05, 1.5943493185715133e-05, 1.56176557870904e-05, 1.5725909826245765e-05, 1.5527377050375892e-05, 1.5598499962615625e-05, 1.5439874958392003e-05, 1.537164677054364e-05], "u": [0.1688354548075392, 9.520007657739094e-06, 7.160239796169011e-06, 6.062976560628826e-06, 5.198068414441887e-06, 4.8711186989290805e-06, 4.409613837849601e-06, 4.256206222285413e-06, 4.301626637003534e-06, 4.400581334882934e-06, 4.394459462486467e-06, 4.0843307560274085e-06, 3.8893449221592925e-06, 3.716055184886958e-06, 3.5849503551853846e-06, 3.4977735087276e-06], "v": [0.053720918761206944, 9.421827400887818e-06, 8.236295783009788e-06, 7.914536961761468e-06, 6.93027254869029e-06, 6.098407939230306e-06, 5.314534434765568e-06, 4.884843867373843e-06, 4.697619440340508e-06, 4.531712799992616e-06, 4.747831501806103e-06, 4.416732978580876e-06, 4.499771465910817e-06, 4.580232159205208e-06, 4.576406412525272e-06, 4.480240465764874e-06], "u_base": [0.02875356710101285, 3.3646558313146225e-06, 2.2056807936740045e-06, 2.043392350929992e-06, 1.986243983992544e-06, 1.9158973873662758e-06, 1.873510192462691e-06, 1.7318752101215644e-06, 1.8175645091382248e-06, 1.8077075773648628e-06, 1.753864409446639e-06, 1.739405452192501e-06, 1.803565749538663e-06, 1.4254232627444558e-06, 1.7143049721489892e-06, 1.6150897304175426e-06], "v_base": [0.02880349787333854, 1.1080439153346837e-06, 8.207478574680504e-07, 9.406210812522178e-07, 6.628067886527495e-07, 5.789553126831776e-07, 6.32050962172815e-07, 6.681582906757396e-07, 5.895094141010004e-07, 5.843881541664024e-07, 6.045592915901279e-07, 5.814246481093723e-07, 5.40916320094875e-07, 7.328484162061205e-07, 5.561298240653512e-07, 5.936933571638556e-07], "s": [2.61080659459698, 2.263496302740065e-05, 2.0654397675719543e-05, 2.395212667097076e-05, 1.9124678745592556e-05, 4.304754975176071e-05, 1.8373377149678687e-05, 1.817252660218248e-05, 1.806738559917861e-05, 1.8263759986797247e-05, 2.113734145673141e-05, 1.7704447672085978e-05, 1.8768936940531535e-05, 1.702667254269638e-05, 1.756874582213609e-05, 1.7466472141014705e-05], "H": [0.05676158352977547, 0.0003438920563282883, 0.00026202125039781357, 0.0003904273566253749, 0.0002129925773087968, 0.00037875671448125633, 0.0001887236356572415, 0.00017934946490994215, 0.0001706955840983111, 0.00016291760285323454, 0.0003117278436783225, 0.0001507468591712655, 0.00016469330589244564, 0.00014352306423573736, 0.0001401527953508091, 0.00013876088599291711], "C": [0.03759944519225772, 5.922874348579959e-05, 3.66264465642965e-05, 2.9615620057142448e-05, 2.3468047985298592e-05, 1.9996504989955003e-05, 1.693929588368645e-05, 1.5170861654128931e-05, 1.3831770754649076e-05, 1.3058883104452804e-05, 1.3711739347487231e-05, 1.184944044157202e-05, 1.1572142507234607e-05, 1.0730603621672994e-05, 1.0363176956395636e-05, 1.0107303678037362e-05], "steps": [0, 10000, 20000, 30000, 40000, 50000, 60000, 70000, 80000, 90000, 100000, 110000, 120000, 130000, 140000, 150000]}