{"fMOLHO 1": [0.0003884374296092252, 5.652977697799191e-07, 3.4059256867612807e-07, 3.0716046815583205e-07, 3.058209085758239e-07], "fMOLHO 2": [0.00020672069351544825, 3.7270980242025844e-07, 3.4590462278072904e-07, 2.925539556957231e-07, 3.029095654173074e-07], "fMOLHO base 1": [0.0002482062866205536, 4.303744763863692e-07, 2.9973885406386124e-07, 2.791795727903452e-07, 2.77833026482951e-07], "fMOLHO base 2": [0.00012140887433314919, 5.081534136900645e-07, 4.774512379518002e-07, 4.557818163958994e-07, 4.582699121458375e-07], "u": [0.0787993930179307, 0.0001852939227995451, 9.840970480106777e-05, 7.628688031632627e-05, 6.806536207181186e-05], "v": [0.11274943754737032, 0.00020565520908679595, 9.913569112186155e-05, 7.84128568888694e-05, 6.412816435252782e-05], "u_base": [18.456360112051165, 0.000272803608741589, 0.00016841053950849208, 0.0001383456674520828, 0.00011410861520510497], "v_base": [22.72654575416445, 0.0006794517812484507, 0.00012092467889907618, 0.00022467605013954314, 7.784009016268209e-05], "s": [1.6484199914477555, 0.00021742229733543011, 0.00011071516229521762, 8.757338076804274e-05, 7.992548880220386e-05], "H": [0.2855055128540452, 0.002594457185507505, 0.0018239164793490135, 0.0016218457629524102, 0.0014985813897022543], "C": [0.039366768128932285, 0.000286455590823194, 0.00027131285599574814, 0.0002631837005408387, 0.0002536360477025427], "steps": [0, 10000, 20000, 30000, 40000]}