{"fMOLHO 1": [0.00017210012623825816, 8.088928323426668e-07, 7.804398631284197e-07, 7.664696027267986e-07, 7.656339652050796e-07], "fMOLHO 2": [0.0001278172585567456, 6.306314110781647e-07, 5.758570962175121e-07, 5.744397023305596e-07, 5.63421147422287e-07], "fMOLHO base 1": [0.00010533021032585337, 5.755909424697447e-07, 5.77012842653323e-07, 5.685250039643346e-07, 5.71151916426051e-07], "fMOLHO base 2": [7.205339920011297e-05, 6.227430238532623e-07, 6.272568884568434e-07, 6.129655312918286e-07, 6.179964660928547e-07], "u": [0.0957686408086309, 0.0007062515096269314, 0.0005561610608454164, 0.00046970500696215834, 0.00043878094800303653], "v": [0.20450412266940124, 0.0009020341755307279, 0.0007047078070710219, 0.0006378698082408126, 0.0005994854211912543], "u_base": [19.968381782844148, 0.0010255930879535901, 0.0007274755031017796, 0.0006537871757699243, 0.000627519717214807], "v_base": [35.46293336376912, 0.001636609699399704, 0.0011415699064689572, 0.0009333314686443471, 0.0008381950395248929], "s": [8.073943819414565, 0.002129282548673183, 0.001893521026920702, 0.0017022682929104214, 0.001640931904634491], "H": [15.199837550669628, 0.03008364198663569, 0.023818749564544724, 0.021255162529933983, 0.020796627109332368], "C": [5.783821013653494, 0.024903121809432438, 0.015888006499106894, 0.012796852212757226, 0.011070415000472582], "steps": [0, 10000, 20000, 30000, 40000]}