{"fMOLHO 1": [26.07706177925228, 0.0064644019022175436, 0.008408241913408682, 0.006833950462024726, 0.0037499625432335587, 0.006963993787338568], "fMOLHO 2": [34.050464165298735, 0.008538455076134165, 0.001352805896468374, 0.0004608378237923047, 0.0021351972455689924, 0.012126862909244961], "fMOLHO base 1": [18.994747023464768, 0.003843105614059038, 0.0007073707621756462, 0.001096090168666524, 0.0006384893953907065, 0.0034866750019547084], "fMOLHO base 2": [15.320877536715921, 0.003614903817261425, 0.002517958613396285, 0.00038299207272962714, 0.00043516843988300463, 0.003600810328834331], "u": [0.11902746009681549, 0.0015211191709475966, 0.0015578702584607043, 0.0013171386708166928, 0.001592250684223266, 0.001438766863985759], "v": [0.03202080022349428, 0.004549132165232434, 0.00463597526165041, 0.004808012411976459, 0.005361295615414309, 0.004620924304603963], "s": [4.94489188924916, 0.013141197348408271, 0.0008116124591089929, 0.0005247301102573504, 0.0015082205088372434, 0.0005234046975064495], "H": [2.5329685439585465, 0.2241743608648921, 0.03230232948460192, 0.03105639388089764, 0.3081045346685611, 0.031549008441868545], "C": [0.06550571324124528, 0.012277107054872415, 0.012191482683534146, 0.011510302186541858, 0.004703280522377804, 0.008780056121375108], "steps": [0, 10000, 20000, 30000, 40000, 50000]}