{"fMOLHO 1": [300.1888699733313, 0.014387750822820336, 0.007554425723477487], "fMOLHO 2": [210.62474995975816, 0.004494102556135612, 0.011351521561128518], "fMOLHO base 1": [151.36562861101297, 0.00396344075300423, 0.007045112660924472], "fMOLHO base 2": [130.49081926386432, 0.01205808617117379, 0.029566270652576936], "u": [2815.2215225845457, 0.010797243684204256, 0.004084983588206049], "v": [2258.3657409713633, 0.013866571983030878, 0.009253518777109908], "u_base": [137174.20248870325, 0.29031404492243745, 0.11263897951467099], "v_base": [31005.418222596545, 0.15956475227290212, 0.07510546071409539], "s": [6.316665097628032, 0.24132874907965832, 0.1285999417203718], "H": [1.1549838975692317, 0.07667174284941067, 0.022841564147818266], "C": [0.07366458011793679, 0.027893122191294563, 0.01740204798203125], "steps": [0, 10000, 20000]}