{"fMOLHO 1": [173.4611187767284, 0.0017492359180512169, 0.0054144119349227434, 0.0064287244048247, 0.006117564214107423, 0.00489993027623784, 0.0073608444050231635, 0.00484251440811568, 0.009212327908431352, 0.01304566960658709, 0.0026994642686374846], "fMOLHO 2": [116.05553800698979, 0.0023935871317844895, 0.0069350025159643875, 0.007133335957257964, 0.006557128404968366, 0.006451917057818156, 0.009086765784102039, 0.00627848911645888, 0.0006521013237027733, 0.0018137757309210558, 0.003155649705507034], "fMOLHO base 1": [106.67299658466823, 0.012195770074852244, 0.002343074788561926, 0.0033501075843452607, 0.009503304320181408, 0.0019643490866736025, 0.005550371801843557, 0.006476525573912873, 0.0018004178469930854, 0.002155581280343674, 0.01019727998575404], "fMOLHO base 2": [73.0965896080946, 0.04528212650789697, 0.0036463679291962193, 0.009315961704158385, 0.037824534235831014, 0.004786114234644713, 0.014189875960121563, 0.017496034936466478, 0.0045088375206734106, 0.0070011470485505925, 0.04685282712200386], "u": [0.12113249347788851, 0.004537032392130798, 0.00573424944498455, 0.0035530616399569712, 0.004536652330849704, 0.00544414851407926, 0.004120533541262042, 0.007792156816709943, 0.005659055130377483, 0.005698666947549026, 0.004440401179961178], "v": [0.7646820337405471, 0.015454174112841982, 0.01687431488388045, 0.012640663523941399, 0.014374905655534736, 0.015262446594425584, 0.010717318218153037, 0.020498509061499148, 0.01785682765525665, 0.013949296471881303, 0.016200825951114637], "u_base": [0.09298679330139847, 0.0019329319890851043, 0.000983226092067343, 0.0002894595816977259, 0.00012587694846739956, 0.00016690308064750266, 0.00016457770414258116, 0.0002601867631434556, 0.00014711022693037685, 0.00022089806474567128, 0.0009532140301129256], "v_base": [0.03471636251911365, 0.008150377708207274, 0.001906142794526767, 0.0013019749299743642, 0.001223635813942945, 0.0011327093850724557, 0.001132540973702694, 0.0011291175227728658, 0.0011398928170301935, 0.001174915482854646, 0.006765103214138099], "s": [3.5561524387131267, 0.05583265274858592, 0.244940864840797, 0.23190783387790112, 0.12419683872955464, 0.24078271845644691, 0.21044283389285467, 0.2453012422524001, 0.24431826616609248, 0.24101016856992893, 0.05964661568338707], "H": [5.992262534204703, 0.03434576659661752, 1.8330133112729439, 0.09085967343649337, 0.036332547216629256, 5.021103141758122, 0.07159361363902378, 70.64329585400165, 3.2107237573267713, 0.12410691597964228, 0.02556201310514383], "C": [0.0697118277810992, 0.006801691092917796, 0.016424002302638168, 0.009818304574717987, 0.003151526307302786, 0.005435026327371891, 0.005305105434787194, 0.014164874899957899, 0.007708769944810451, 0.008075748407109094, 0.00476476251034418], "steps": [0, 10000, 20000, 30000, 40000, 50000, 60000, 70000, 80000, 90000, 100000]}