{"fSSA1": [57.22839487794725, 0.000708504224532644, 0.0002737328160062333, 0.00010684344815404441, 8.290743480263953e-05, 0.0006854211948085211, 9.093343300905906e-05, 0.00014414994574714148, 0.0001477026428772659, 0.0001364212013672751, 6.032768390625385e-05, 6.6665078443911e-05, 4.7869892949306835e-05, 4.761624097105243e-05, 0.0008845214146108907, 8.510353370172165e-05, 0.0013676534417500954, 7.086112128419219e-05, 0.000303435750564986, 5.886081989271089e-05, 0.0005192481846790794], "fSSA2": [8.999344841556669, 0.0009061907507058034, 0.00021836839502868598, 0.00038005606566951153, 0.000359605565191211, 0.0008952164916513896, 0.00021458683729525107, 0.00018088842797651792, 0.0001794203903238572, 0.00014688946338997942, 0.00014120582830818296, 0.00013714304794476483, 0.0001403236269562687, 0.00013883456395506012, 0.0005367590359002108, 0.00029165406783690295, 0.00026695371982546183, 0.00011884718746041477, 0.00013330542703700354, 0.00010128249397040004, 0.00011651491234501882], "u": [0.013631234747936575, 2.7542876590640893e-06, 2.276310942759595e-06, 2.3314070958976222e-06, 1.7705731298084896e-06, 1.3556009802184421e-06, 1.3246275722476784e-06, 1.3069039212568548e-06, 1.7846951350860347e-06, 1.466563146159629e-06, 1.2534977583293839e-06, 1.2067987646580031e-06, 1.2363338195868393e-06, 1.3415365524577923e-06, 1.0949468958610177e-06, 1.198931582663778e-06, 1.3277457022984472e-06, 1.2535255827695354e-06, 1.2910087664781582e-06, 1.3279037072114762e-06, 1.3718786031879792e-06], "v": [0.0016597421167366083, 1.0409378388935598e-05, 8.89077536651946e-06, 8.901167757493054e-06, 6.300097572299304e-06, 5.275579414378235e-06, 4.279368938003541e-06, 4.651422885164466e-06, 5.7209266454774705e-06, 4.833190688507833e-06, 4.218585494829749e-06, 3.9614817903296715e-06, 3.861482669185534e-06, 3.930100573411578e-06, 3.6652622029992107e-06, 3.2346160508151094e-06, 3.108585401707674e-06, 3.0895017803559134e-06, 3.0093559311126256e-06, 3.1427988181220595e-06, 2.973452356167863e-06], "s": [0.35143842409382514, 0.0032550194033106475, 0.002939474570220843, 0.0020105991728817108, 0.001744344909802792, 0.0014910026050277444, 0.0013285778857401141, 0.0012471053813042368, 0.001183170701400533, 0.0011034994651108242, 0.0010427777887269205, 0.0010019939721391737, 0.0009289735405344028, 0.0008736693048994787, 0.0008510611460246789, 0.0007935064665464935, 0.0007614042996384198, 0.0007488045862130481, 0.0007224096859681985, 0.000711732809910696, 0.0007085105709810336], "H": [0.517947891412942, 0.017190531348042666, 0.012736715210811652, 0.00914937214684994, 0.00844391826175959, 0.00792941630364879, 0.0075059992596920614, 0.007180525293264232, 0.006967993729898602, 0.0068106333528210475, 0.00670694613126474, 0.006628722929624528, 0.006560139656314374, 0.006499408954528955, 0.00644792914157549, 0.006389713693990506, 0.0063353420851963264, 0.0062856397774399995, 0.006233761065945425, 0.006190279551394499, 0.006151643194465985], "C": [0.042305482268040734, 0.003552091226436025, 0.0031211643032972272, 0.002830963324957889, 0.002525765756483944, 0.0026326596589399615, 0.0019207013134785612, 0.001878828498125224, 0.0021366257437539656, 0.0019415037975328334, 0.0018254736674197108, 0.0017769465008260754, 0.0018045259319175364, 0.001843889247420851, 0.0017235757573678863, 0.0017043021472705837, 0.0016947467621120777, 0.0016945824201083132, 0.0016889411289210338, 0.0017251669415399736, 0.00168343422369873], "steps": [0, 10000, 20000, 30000, 40000, 50000, 60000, 70000, 80000, 90000, 100000, 110000, 120000, 130000, 140000, 150000, 160000, 170000, 180000, 190000, 200000]}