{"fMOLHO 1": [0.004819252841958894, 1.9278602652517157e-06, 1.6950705190166863e-06, 1.6669913120733985e-06, 1.7241015313629175e-06, 1.6960206847545344e-06, 1.6225663443826002e-06, 1.619617954001196e-06, 1.616858702802383e-06, 1.6058341897660119e-06, 1.570691442432919e-06, 1.5437491171823515e-06, 1.5512799222914146e-06, 1.646560815306323e-06, 1.520662102033553e-06, 1.5724638702671533e-06], "fMOLHO 2": [0.0028163280575254695, 2.5197949189294145e-06, 2.581670573276622e-06, 2.5186667968859007e-06, 2.4625899528962467e-06, 2.419495905046122e-06, 2.6368633803898993e-06, 2.3412935481283427e-06, 2.358357616415428e-06, 2.3817623954951444e-06, 2.349277072671282e-06, 2.3566036393389942e-06, 2.365486114714917e-06, 2.0731398446192516e-06, 2.2733607974547403e-06, 2.219199787529849e-06], "fMOLHO base 1": [0.002943249165207889, 2.03408022982251e-06, 1.9223627131655244e-06, 1.9097843744359634e-06, 1.9494087154513617e-06, 1.9331226608438437e-06, 1.8660953647895738e-06, 1.9033227138262323e-06, 1.9030053997124447e-06, 1.8919080463982364e-06, 1.8945547529131668e-06, 1.8920546231534469e-06, 1.8754987093495279e-06, 1.8925083589637229e-06, 1.8952448946713688e-06, 1.8657384309218923e-06], "fMOLHO base 2": [0.0018168127564005259, 4.1221875516376315e-06, 4.170563026018524e-06, 4.1327582700123625e-06, 4.109304735429407e-06, 4.091386657290035e-06, 4.045819105533696e-06, 4.087562707101901e-06, 4.110701664792736e-06, 4.115140518118463e-06, 4.126679745235479e-06, 4.111003561690543e-06, 4.0522658191047525e-06, 4.095474284446601e-06, 4.046588768256916e-06, 4.042333976370824e-06], "u": [0.30122791390667003, 5.327729233929804e-05, 3.926126778517336e-05, 3.207290025991235e-05, 2.742471137659404e-05, 2.4255356487133637e-05, 2.270747890996302e-05, 2.0612401502367725e-05, 1.931433228681951e-05, 1.8315868738435278e-05, 1.7541934287409855e-05, 1.7022640140019027e-05, 1.6595112043342147e-05, 1.6945682824546076e-05, 1.5956381065310336e-05, 1.5690753312326127e-05], "v": [0.11606212641746594, 4.567509327025005e-05, 2.845720962577877e-05, 2.211249939882594e-05, 1.909537422099923e-05, 1.716538897296987e-05, 1.7642337952169763e-05, 1.5129558691073868e-05, 1.4978811071517006e-05, 1.4944048531233641e-05, 1.4644829817911734e-05, 1.4436303382369952e-05, 1.4437031414960525e-05, 1.7604860083345706e-05, 1.4393467444500981e-05, 1.4346987898266526e-05], "u_base": [0.25920499565860294, 1.2980390148875645e-05, 8.108417302353227e-06, 6.491351022422309e-06, 5.487851135787095e-06, 5.182794993165466e-06, 5.312017694984952e-06, 5.2102970616691824e-06, 5.172687143173823e-06, 5.114891260717805e-06, 5.055638685813021e-06, 4.9667431062010235e-06, 4.771649086347616e-06, 4.6306644927122725e-06, 4.571472575289271e-06, 4.410192878704297e-06], "v_base": [0.575044134175543, 1.9663146794784327e-05, 1.514261959435631e-05, 1.3418788737291784e-05, 1.1682773510678397e-05, 1.0216960892292795e-05, 9.887238492352073e-06, 8.420800420186308e-06, 7.704343714636327e-06, 7.312584178724085e-06, 7.0254648235392355e-06, 6.7667571519913244e-06, 6.6395364027078996e-06, 7.822100367724769e-06, 6.513908163007864e-06, 6.4591315878170734e-06], "s": [1.7544849055806357, 5.4661300851782144e-05, 5.43258950659817e-05, 3.9290781549131176e-05, 3.782539384471213e-05, 3.585760402750073e-05, 5.504908675811362e-05, 3.22820307729441e-05, 3.0992533636425864e-05, 3.0488981384833953e-05, 2.9861494325303744e-05, 2.9197836795345074e-05, 3.006094682804503e-05, 5.211620750445984e-05, 3.0985182636505056e-05, 2.8397684740087672e-05], "H": [0.061349857996491536, 0.0004840670392429188, 0.0004907374441409873, 0.00031632472052697336, 0.0002904495029994582, 0.00027382978814244265, 0.0002645129507566201, 0.0002447194581719906, 0.00023502109966812732, 0.00022651117991212295, 0.0002196599924089091, 0.00021403581056748328, 0.0002136118353566475, 0.00020424908236394063, 0.00019930468103638077, 0.0002036500343736277], "C": [0.03730963015429928, 0.00025727736279387283, 0.00021954799992388304, 0.00018944646013252484, 0.00017134514214105126, 0.00015685567691089812, 0.00014374201778354567, 0.00013013765561206312, 0.00011843722883917336, 0.00010836634031242108, 0.00010140828105296243, 9.663512811695082e-05, 9.353189164482706e-05, 8.979144816623784e-05, 8.69203907141779e-05, 8.36357440214998e-05], "steps": [0, 10000, 20000, 30000, 40000, 50000, 60000, 70000, 80000, 90000, 100000, 110000, 120000, 130000, 140000, 150000]}