{"fMOLHO 1": [0.00017151835034749327, 3.279948918674127e-07, 2.0403134005069955e-07, 1.7503800524035335e-07, 1.7060151914592695e-07], "fMOLHO 2": [0.0001248145982276565, 2.9407567260805395e-07, 2.1616569180893578e-07, 2.249883161736114e-07, 2.2387072395815838e-07], "fMOLHO base 1": [0.00010954679671407264, 2.8313930945250037e-07, 2.1324154705484903e-07, 1.9789897893692738e-07, 1.952219455318925e-07], "fMOLHO base 2": [7.20357154814734e-05, 4.319671995695421e-07, 4.0392069123568226e-07, 4.0794810750755237e-07, 4.10571310388682e-07], "u": [0.08289928577630383, 0.00012334372378966114, 4.960260655310409e-05, 3.855232200792103e-05, 3.113165120883927e-05], "v": [0.08821261931747924, 0.0001409431038711867, 5.007757693671224e-05, 3.3132056808158804e-05, 2.6148736785826588e-05], "u_base": [7.207333281078564, 0.0002156505957317379, 9.45703445905195e-05, 8.289803594629454e-05, 5.5083669671640164e-05], "v_base": [13.481642243828063, 0.00017001341067012575, 6.533056224918266e-05, 4.673981622133259e-05, 3.7368249684744396e-05], "s": [1.106925231241461, 0.00012281227276820126, 6.0884864123411927e-05, 5.04876593659529e-05, 4.468207046647901e-05], "H": [0.04294851775750008, 0.0007919776074664354, 0.0005457072933557902, 0.00045826184224173627, 0.0004087200872499682], "C": [0.005777572972941783, 5.7819152800564366e-05, 5.504543724672394e-05, 5.4950546598908334e-05, 5.362920893819886e-05], "steps": [0, 10000, 20000, 30000, 40000]}