{"fMOLHO 1": [167.13561192659986, 0.0045311859883373365, 0.006187278416638465, 0.006170943896997257, 0.042099510618411884, 0.004779247077573478, 0.0024021681883594536, 0.00937335866468389, 0.004721603626714324, 0.004570027009925319, 0.0023174292228647715, 0.00399842049482971, 0.00826772185013132, 0.020341820363652494, 0.0018880663027036827, 0.004213471072323027, 0.0024714933320413093, 0.006796212556011953, 0.004190663433647876, 0.0018845727417199315, 0.005268345812952382], "fMOLHO 2": [196.57336517603895, 0.008273185692716185, 0.0074319654935624336, 0.011254691550661198, 0.03104369746507162, 0.006881340001508182, 0.007086766869362186, 0.0030749273209673676, 0.001108005464162897, 0.0036192330378591567, 0.004135681300928192, 0.006043124987695144, 0.002074826560830665, 0.0001984956976031412, 0.009394552184451593, 0.005755976246362231, 0.003485345529723126, 0.019080547683487263, 0.0051199932916861255, 0.005237679697193052, 0.002702146642649071], "fMOLHO base 1": [76.85227877080555, 0.001703810602680281, 0.001860374478470117, 0.0019115861579753833, 0.0242226671281344, 0.0018184814460122545, 0.001514559899614759, 0.0018090678478074591, 0.002186315115685189, 0.0024905083434727205, 0.0021237356776802434, 0.002422776081663851, 0.0017807736307477605, 0.0014076417395309767, 0.0008240711377194788, 0.0018840676432366882, 0.001539192739730725, 0.0032177040870177798, 0.0013104766364032494, 0.0014064549152672666, 0.0017208770092500306], "fMOLHO base 2": [123.3378174154847, 0.002450327308715811, 0.0035502590818408913, 0.00395063345756496, 0.018676621839981405, 0.0052309358516341355, 0.00373478192364753, 0.004562922765936452, 0.004640500180026911, 0.004447913447148062, 0.00508702494958992, 0.005969244027893122, 0.004956877124804546, 0.003820467964098836, 0.0018663670818254879, 0.005124669908304694, 0.004851929943167755, 0.012756052676245242, 0.005003750641708717, 0.0041329931574705155, 0.005671330331973411], "u": [0.3645358871381624, 0.009266378650945315, 0.008079924459205058, 0.007017268899892533, 0.010332551081370066, 0.008636582358903216, 0.0066358254660716185, 0.0066872589837268645, 0.006666282597291543, 0.006687711246543187, 0.007003036995359626, 0.007593586050253824, 0.006692938453306213, 0.006632442972701741, 0.007414235681509845, 0.006656127716922658, 0.006494556872930137, 0.006921785737488919, 0.00702234935650667, 0.006630899785190379, 0.006361408893153316], "v": [0.9640062863941904, 0.023079759240903216, 0.02066474159966468, 0.019997088591971166, 0.03435963471830435, 0.02707972454416959, 0.02097476361482273, 0.020354574579367464, 0.02023919222947886, 0.020256279219249194, 0.021800014361973697, 0.023385767172632296, 0.020477002132593878, 0.020041604112402817, 0.021398918772013085, 0.015903392703667182, 0.014518634842579002, 0.01847138537974811, 0.017162688166064543, 0.01974906341113237, 0.016994542482846674], "u_base": [0.7647874227220492, 0.0016759178324847915, 0.000921015251898147, 0.0003222146573989818, 0.0002927102465350149, 0.0002447806243200486, 0.000322258408124157, 0.0003390443791132013, 0.00015762859081344696, 0.00017557727083705255, 0.0001587241591148032, 0.00020039453021327122, 0.000178000937317898, 0.0003360110004955085, 0.0008805636829492053, 0.00016079990306777599, 0.00016824780146795906, 0.0007319561154242135, 0.00020543759871867549, 0.00016060692063863923, 0.00015989364962679407], "v_base": [0.575715821580497, 0.003191102016403384, 0.001819217466461923, 0.00131364868213035, 0.0013757678472595995, 0.0012161893607379056, 0.0014029181670500107, 0.0014706034587838087, 0.0010515002813937106, 0.0010237444592017095, 0.0010435305697644513, 0.0010874843355623974, 0.0010656647436707953, 0.0010467935670649617, 0.0035793809774055823, 0.0010783728770886176, 0.0010072241083357656, 0.0020996598738061726, 0.0011299894635071854, 0.0010787232029424584, 0.0010226936134152156], "s": [6.546472032073007, 0.4915955130943239, 0.49225350633804865, 0.4923836469018083, 0.4934360216646064, 0.4924070096698829, 0.4924214305384547, 0.49206201256033694, 0.4924313574123291, 0.4923064696855527, 0.4924694940405468, 0.4924539046901401, 0.4924179424067961, 0.4923309599090472, 0.4923047883762495, 0.48920302335225757, 0.48954899792237777, 0.4918897328046218, 0.4911647863991683, 0.4925472815055414, 0.48879406627940614], "H": [1.803543025898123, 12.083272745682843, 33.11100712023019, 45.67038487686881, 3.3336920517206505, 1.2834537729997246, 0.6667262251327594, 0.3140460749229925, 0.1650619966283153, 0.15756942184816322, 3.9998105448144394, 0.6742096150234074, 0.2560686640597079, 0.13210590499760774, 3.97358703213619, 0.11203508217844384, 0.17046618190995716, 12.124296955182793, 6.679445854157014, 0.2783761490382332, 0.06592627889550838], "C": [0.16821202780635666, 0.03004615969922923, 0.024192327464795802, 0.014766466980399934, 0.01110611209879641, 0.01121332122749144, 0.01240106328662993, 0.01441692787571493, 0.012134789449583239, 0.011398864914236414, 0.010633417522820602, 0.011478625655828847, 0.009951007858923238, 0.010374417466434508, 0.019308949527899133, 0.009063812867492945, 0.01135157623051389, 0.015863147065142427, 0.011645154368567763, 0.010492453945775393, 0.008860065074994644], "steps": [0, 10000, 20000, 30000, 40000, 50000, 60000, 70000, 80000, 90000, 100000, 110000, 120000, 130000, 140000, 150000, 160000, 170000, 180000, 190000, 200000]}