{"fMOLHO 1": [38.4231235253918, 0.01343019610560915, 0.008870497968943234, 0.0077097394861963394, 0.015112880663767808, 0.007420418656899922], "fMOLHO 2": [56.329223463559686, 0.008748598952520342, 0.006463118275892847, 0.002783476346956653, 0.01726593984875886, 0.002490604915452723], "fMOLHO base 1": [45.532181984033535, 0.02065216416713592, 0.009165660692584144, 0.006617499534269507, 0.1708008171659957, 0.006040363208408767], "fMOLHO base 2": [55.886054334826724, 0.016828826992994806, 0.012136497260778164, 0.004607305222051767, 0.09586024284697246, 0.004615957483071103], "u": [454.19246789599134, 0.004735442125937097, 0.0026654578264748026, 0.001371664283539807, 0.012868155020889829, 0.0007417776629396649], "v": [769.6802245564741, 0.005578930135353068, 0.003899243963095336, 0.0018776954766225424, 0.008004779120936814, 0.0014047996337418602], "u_base": [3.209735983021402e-26, 7.209776302132408e-26, 8.790187613736636e-26, 8.647217176802266e-26, 1.240203569122166e-25, 1.6735598816475717e-25], "v_base": [1.1826393955124544e-25, 1.1062773807621328e-26, 1.3816198936477987e-26, 1.4893559791859033e-26, 1.803390215198296e-26, 2.1175269589501706e-26], "s": [8.008366447115728, 0.08350005384302536, 0.005818178324572605, 0.0027593444822059084, 0.0062054596238984945, 0.0026265853202026854], "H": [36.801324178821105, 0.9636771068202261, 0.741195446317016, 0.3681955194331151, 0.5222035474390814, 0.34173472524146903], "C": [0.062315135088341245, 0.03563016058367401, 0.028612898249568124, 0.03038035078328543, 0.02913153708707537, 0.02966956694861244], "steps": [0, 10000, 20000, 30000, 40000, 50000]}