{"fMOLHO 1": [0.04074913185742359, 1.7773423243078047e-05, 1.555817068767621e-05, 1.4993497094307684e-05, 1.2251674616469717e-05, 1.5012168062717585e-05, 1.4589868720445225e-05, 1.475580792622991e-05, 1.4575010714464423e-05, 1.4137242465077621e-05, 1.3418564277067368e-05, 1.4645074491266877e-05, 1.397198510397913e-05, 1.413742183123081e-05, 1.316767203976653e-05, 1.4643754738234636e-05], "fMOLHO 2": [0.033814005260778, 3.224760345743992e-05, 2.9854351928015347e-05, 2.9659674090678095e-05, 3.048678383723243e-05, 2.7998423650764814e-05, 2.731825954038332e-05, 2.6809647751855663e-05, 2.6835391612186397e-05, 2.7647266218173047e-05, 2.792424033713161e-05, 2.539580713943918e-05, 2.6172734581397314e-05, 2.6068221208800316e-05, 2.717063705881067e-05, 2.5860923873382026e-05], "fMOLHO base 1": [0.024366395282333364, 2.9136176781147104e-05, 2.769295010672502e-05, 2.701963747482594e-05, 2.598464436208119e-05, 2.6862564270452508e-05, 2.6572086364315204e-05, 2.6438255368479062e-05, 2.641732237846647e-05, 2.6456166243281184e-05, 2.6446315113277e-05, 2.6139886714495166e-05, 2.6057994155981883e-05, 2.6112916148635907e-05, 2.600674528640043e-05, 2.5999903750154336e-05], "fMOLHO base 2": [0.021474006173035604, 7.3325357843204e-05, 7.236982036454321e-05, 7.198016006699967e-05, 6.96374309303013e-05, 7.138970139787572e-05, 7.081704036356184e-05, 7.026144001268164e-05, 7.017437956775111e-05, 7.028233181198533e-05, 7.021367278348521e-05, 6.974862889366865e-05, 6.967320868602184e-05, 6.976211666624226e-05, 6.957887308071519e-05, 6.98121341873219e-05], "u": [0.1542814913950996, 5.3208645716596284e-05, 3.387805631306393e-05, 2.914747315128816e-05, 3.3947035477993826e-05, 2.4687591858703417e-05, 2.3216674494201837e-05, 2.2492053983252033e-05, 2.1651482410992405e-05, 2.087491492359128e-05, 2.0790041628465163e-05, 1.9711039486274315e-05, 1.8719207987879305e-05, 1.7794756732645407e-05, 1.7096746885409013e-05, 1.6807898249480703e-05], "v": [0.17263760146645096, 3.5928257861363466e-05, 2.596642290423046e-05, 2.2089840715470973e-05, 3.198333457691396e-05, 1.8022433020347418e-05, 1.6306845278303294e-05, 1.532795536280546e-05, 1.4412061784777452e-05, 1.4112914997987652e-05, 1.444368267042024e-05, 1.3624910716805033e-05, 1.3050054375405581e-05, 1.2912097486660384e-05, 1.3073165742555602e-05, 1.2704906120038132e-05], "u_base": [0.1825512304272799, 9.475109310058231e-06, 7.032763936806068e-06, 6.1202626679038e-06, 6.4492995640188684e-06, 5.363709582951196e-06, 5.083378396871611e-06, 4.680492211543752e-06, 4.702660209502378e-06, 4.8581718221331874e-06, 5.553718475458562e-06, 4.664348689696923e-06, 4.812024506486336e-06, 4.691966338035907e-06, 5.008524299703178e-06, 4.3465239765170284e-06], "v_base": [0.1509530819916989, 1.5469578455104597e-05, 1.2804371534797375e-05, 1.0967401014324676e-05, 9.165462455831751e-06, 1.044893708084469e-05, 9.6573149853541e-06, 8.699910863611363e-06, 8.573937665079107e-06, 8.267540446782647e-06, 8.546812339064633e-06, 9.54914781196078e-06, 8.783145241341425e-06, 8.587070988098142e-06, 7.794457877924675e-06, 8.261904343202555e-06], "s": [1.3116090258388118, 6.271637792029536e-05, 3.683697377913089e-05, 3.557561038482033e-05, 4.018297915120642e-05, 3.408114892331522e-05, 3.331818414327263e-05, 3.420927990328178e-05, 3.242231221388204e-05, 3.234491686169454e-05, 3.3303310002070065e-05, 3.214758431282019e-05, 3.1303924142874864e-05, 3.114846056578847e-05, 3.0724132916357946e-05, 3.080769171484758e-05], "H": [0.057301695058346085, 0.00047108124888037755, 0.0003534371962450812, 0.0003083953239159022, 0.0006011979538276348, 0.0002720402246920192, 0.0002537518844041717, 0.00024909643591563326, 0.00023790933069659285, 0.00023387075175658814, 0.00023880187171991359, 0.0002240946523578073, 0.0002184845857838858, 0.0002141124876952124, 0.00020986864000067278, 0.00020942630876718106], "C": [0.034722888314745834, 0.00025024438098457673, 0.00020112745261734844, 0.00016579925410281507, 0.00015142798484389018, 0.00013072780583902355, 0.0001229661164961654, 0.0001191456704155447, 0.00011271751968785704, 0.00010806359365248328, 0.00010451144065129982, 0.00010045160225754913, 9.728476622616719e-05, 9.455574624168098e-05, 9.193708779834895e-05, 8.955022160649091e-05], "steps": [0, 10000, 20000, 30000, 40000, 50000, 60000, 70000, 80000, 90000, 100000, 110000, 120000, 130000, 140000, 150000]}