{"fMOLHO 1": [723.0957304192391, 0.0013949402351044848, 0.0004354714501964628, 0.00017007539073794135, 0.0001867152902279267, 0.00017831895169840821, 0.00012763531581980045, 0.00039701867959825475, 0.00016178930328903578, 0.00013085095647431371, 0.00025046701902439435, 0.00015165800697118737, 0.0001294337489768647, 0.0002509590777833974, 0.00013554275540296723, 0.0002417413753851954, 0.0003104396492117681, 0.00048679248716882405, 0.00026184570704426333, 0.0001440188985667251, 0.0001703558622334667, 0.00014982686673533776, 0.00024231518548317293, 0.0001826552430101256, 0.0001440503377986032, 0.00013928011866751145, 0.00030148670798284895, 0.0002102029219662245, 0.00029362529898590244, 0.0001739297521842239, 0.0001623920429976743, 0.00011678668571990188, 0.00012959437786598044, 0.00020590481054159914, 0.0005165451941181583, 0.0003773824481278366, 0.0001956679640511107, 0.0001570879172725061, 0.00016635833958837364, 0.0001867600508704099, 0.00017836915844231913], "fMOLHO 2": [516.1898742038763, 0.001977052420942302, 0.000326167729232523, 0.0002617889703824102, 0.0002447863272009492, 0.00018899612513331216, 0.0002241666849075277, 0.00017004188759277365, 0.00024983723488701954, 0.00019955643970568862, 0.00021557658817590196, 0.0002051661201158964, 0.0002312255409188061, 0.00018923277908733087, 0.0001859370981954217, 0.000260379379227369, 0.00028401204827549714, 0.0003171699797881986, 0.0003565592713078976, 0.00019916541006601487, 0.00017661462255764957, 0.00017194778423686833, 0.0003133207073917809, 0.00017449185778557825, 0.00032457708603195716, 0.00022876270602162666, 0.00022513870740060662, 0.00019097920195801355, 0.00044011867533257635, 0.0002270066452191427, 0.00022192960256338986, 0.00025453003367681144, 0.00020174494060066714, 0.00037523863066051964, 0.00028984847695809806, 0.0002665482599151055, 0.00023248908751974083, 0.00020081946529704474, 0.0001994555883787355, 0.0002555295591144297, 0.00020042415569976088], "fMOLHO base 1": [240.5126221134676, 0.000934921522447598, 0.0004766043859824408, 0.00011196840081974147, 0.00011138700952067278, 0.00011513789633252928, 8.884283544505226e-05, 0.0002495415237003862, 0.00011958112934292781, 9.793095555460501e-05, 0.00018541633767507157, 0.00020188828305764633, 0.00010797673065003045, 0.0001422494598964659, 0.000159617199374216, 0.00024004334433620842, 0.00022978904364565547, 0.00029605552032996313, 0.00030389245700440876, 8.067034815294629e-05, 0.00011133985219821826, 0.00016921123940812763, 0.00024491199867708146, 0.000166320419156263, 0.00010076949172568247, 0.00014176646933334845, 0.00015818195949802093, 0.00010205526722161018, 0.00020704475091549898, 0.00010673998052657906, 0.0001367775934209884, 9.41684204899947e-05, 0.00010254323914136484, 0.00015772160825490143, 0.00030922250983280564, 0.0002854385258992101, 0.000164606927644916, 8.018048036967336e-05, 0.0001089468490072437, 0.000105916739995929, 8.957211350090337e-05], "fMOLHO base 2": [196.3471562474462, 0.001757502791931393, 0.00018672850828680543, 0.0001552440752720906, 0.00013630918280369532, 0.000451481160103586, 0.00012269802169574, 0.0004398083053894129, 0.00010966713717773021, 0.00011423227892248847, 0.0003550561962712765, 0.0001432154002306542, 0.00013302078077772315, 0.0001376949579312458, 0.00033537799702268136, 0.0003318682600129969, 0.00019270217115214378, 0.0002301012672505344, 0.00017042622972063772, 0.00012283104143110164, 0.0002518081698512018, 0.00011746501362322919, 0.00017467678049950402, 0.00014244470010285411, 0.00012121609386093289, 0.00011761370646297066, 0.0001430078622557994, 0.00011647353241624353, 0.00017055593248674355, 0.00011053854896282274, 0.00011390845540895146, 0.00011767358056328059, 0.00010702215479441738, 0.00015847406393067244, 0.00030194792951320344, 0.00030866435943752445, 0.0001740073868150061, 0.0001728617366272144, 9.667175648954947e-05, 9.322107463198426e-05, 0.0001833733240851866], "u": [809.8009680214124, 0.0011605343322815456, 0.00025358806348571924, 0.00017596084437900624, 0.0001408887053317005, 0.00013801697073242435, 0.00011729188042236845, 0.00012764406597156933, 0.0001265005927149527, 0.00010108628088426795, 0.00018637095441142993, 0.00012145504176442675, 9.544212808375519e-05, 9.241207700596125e-05, 9.210741723134438e-05, 0.00010303670068105068, 0.00010076922683249872, 0.00015479558891880006, 0.00010677738487383258, 8.619104255212803e-05, 0.00014352783890346843, 8.343816130488912e-05, 0.00010165402877812005, 0.00013544439550329025, 0.0001807472552865451, 9.999102238623001e-05, 9.093190845953571e-05, 8.747970641929465e-05, 0.00011879159325014933, 9.754770005589327e-05, 0.00021910830244385108, 6.856501131151058e-05, 6.72381235195946e-05, 0.0001275835341883766, 8.096110757866727e-05, 0.00011873942713279939, 0.00013596198836757887, 7.095351926117487e-05, 0.0001838563148370819, 0.00011786845759717752, 7.001083580520646e-05], "v": [1123.3214778157526, 0.0021533095440394467, 0.0003178061523476713, 0.000153296733847074, 0.00018142938959592682, 0.000405072184780653, 0.00010498736997430903, 0.00024517973335889487, 0.00012322114274795632, 8.21502228602699e-05, 0.00013463886909962077, 0.00014195785367132315, 8.560427447279345e-05, 7.609918268624057e-05, 0.00024340729235703754, 0.00012069154690688384, 9.449768512400588e-05, 8.209842727767522e-05, 8.968929175310226e-05, 8.153298675518398e-05, 9.432844954226074e-05, 0.00023505122315778808, 0.00012791150907686142, 0.00016106636059530017, 7.939705061735949e-05, 0.00014525502956300347, 0.0002411448626040061, 0.00012724466940840416, 7.723239469327156e-05, 0.00012689672386050315, 9.882144881931668e-05, 7.892958488526328e-05, 6.851793521128609e-05, 8.948830208304652e-05, 8.743621029845585e-05, 7.87916358772531e-05, 6.592561108237802e-05, 0.00011245800203083821, 0.0001428042559227909, 6.297972542500497e-05, 6.465295070673795e-05], "s": [8.990256408287587, 0.0022134079012426674, 0.0007169636258359317, 0.000719421281781581, 0.0007274577944653157, 0.000742234193726086, 0.0007147572866320364, 0.0007064755226622003, 0.0007051548334165618, 0.0007280608371266984, 0.0007275019713938192, 0.0007650537991280544, 0.0007490237000515273, 0.0007453205516300153, 0.0007637022051569998, 0.0007322384914876498, 0.0007190536697046563, 0.0006894206970605733, 0.0007354490934493298, 0.0007290247244255921, 0.0007301040905654734, 0.0007486940752144725, 0.0007613044766694598, 0.0007443365829941781, 0.0007278553792892581, 0.0007453090021195698, 0.0007295175045818422, 0.0007404921280063045, 0.0007476522554811796, 0.0007364786202709897, 0.000759190401234515, 0.0007599660392563363, 0.0007580094447252963, 0.0007634239906835973, 0.0007470099417387836, 0.0007468552750563972, 0.0007521395547371953, 0.0007530588536570687, 0.0007587319592892927, 0.0007430340404669174, 0.0007470900536571199], "H": [0.8541913963332339, 0.017086433284414705, 0.007364979339639975, 0.005688586920168683, 0.005131534210163884, 0.004837962126107513, 0.0046019065878469744, 0.004489380224226182, 0.004289350583945015, 0.004076316593585656, 0.004074545152351052, 0.004015684188620451, 0.003754012787979031, 0.003688379316624858, 0.0035778282946474296, 0.003485144535448719, 0.0035669751989525745, 0.0033411627242665052, 0.0033735221785954734, 0.0031004430498017504, 0.003018780171727575, 0.0029533210483275577, 0.003331227357758713, 0.0027710572792785473, 0.0027278047349761836, 0.002720677485288645, 0.002867122665516684, 0.0026432871781089506, 0.0026102362493781624, 0.002776124450450648, 0.0025932111936753026, 0.002504379719042796, 0.002489231417444214, 0.0025017158406353754, 0.002542329844623043, 0.0025763232712200444, 0.002417246766857441, 0.0023978865585024805, 0.002391023421029609, 0.00235897041955235, 0.002439195422933317],