{"fMOLHO 1": [67.67992753739186, 0.0010685547227458378, 0.00011575775536175085, 0.00019514154626089296, 0.003078125277771083, 7.340370233290146e-05, 0.005251117760649136, 4.969957987030622e-05, 0.0001797985882185838, 3.110812039663439e-05, 0.00012521094448218604], "fMOLHO 2": [39.653656725381, 0.0002984619888755912, 8.046201399293873e-05, 0.00016130029922199692, 0.10545067895175071, 0.00023679478921460594, 0.00213699274398506, 0.00015351121187977883, 0.00021618740929685821, 0.00014703134038741215, 0.0007102669503479306], "fMOLHO base 1": [2.039776905588645, 0.0007579580061917224, 0.000164431041158796, 0.0001014318062118258, 0.0004466245726974548, 6.874269343787957e-05, 9.846208238461431e-05, 6.571954853138744e-05, 6.353773011980516e-05, 6.100030926299679e-05, 0.00021233313845635192], "fMOLHO base 2": [2.6600770731920997, 0.0004911971532306711, 5.607171338551756e-05, 0.00010061202771179803, 0.0014627433641575776, 0.00022138563172240341, 0.00021878840317732828, 0.00020242159210869746, 0.0002056547510097273, 0.00019107253466501235, 0.0002903146028175139], "u": [0.031703357587239404, 0.0007683904090920176, 0.0005202528354432565, 0.0005202013567679392, 0.00045110549929795214, 0.0005394004005325298, 0.0005517941068437429, 0.0005498617515650464, 0.0005540514270398686, 0.0005469231996972693, 0.0005014580814104299], "v": [0.08168894917425892, 0.0020417353365451128, 0.0019412110114015906, 0.001876991658727926, 0.0017451834191195808, 0.001781827928602892, 0.0017950523038803936, 0.0017642804072162549, 0.0017758809882587093, 0.0017515775911463613, 0.0015720563357621187], "s": [0.4191897460713572, 0.0042811252960608245, 0.0035074883258117873, 0.002825941842418235, 0.003011604264093013, 0.0019461500349816023, 0.001753299572168645, 0.0016509843344510694, 0.0015064917996532542, 0.0014479882272230766, 0.0014611438040733368], "H": [0.6912246107265532, 0.01934852264144831, 0.016455124032085742, 0.013704681083217679, 0.012429766700433083, 0.011418257346260566, 0.011208109774645965, 0.011152557209525104, 0.011094151564811893, 0.011085025332841648, 0.01109923226142269], "C": [0.05809197570076303, 0.0010246739099873507, 0.0026453683323388174, 0.0016690407030672022, 0.002051296580814006, 0.0015448198907856037, 0.0009258118429680664, 0.000939906241481999, 0.0005147436090643775, 0.0007181922947837016, 0.002176811317295711], "vel log": [0.014318458640065718, 0.01231636503036531, 0.012283798109794903, 0.012311282605719476, 0.012236326352780396, 0.012314302897147121, 0.012324071356432714, 0.012321492841179515, 0.012329109745565198, 0.012321717038415596, 0.012261233520425404], "steps": [0, 10000, 20000, 30000, 40000, 50000, 60000, 70000, 80000, 90000, 100000]}