{"fMOLHO 1": [0.18867493582156036, 3.8651397962056206e-05, 2.8937048253968574e-05, 3.0446699884992947e-05, 2.7912763361739166e-05], "fMOLHO 2": [0.12162077268452502, 6.904453085273749e-05, 6.173392427219035e-05, 5.6410541177843285e-05, 5.903702121293547e-05], "fMOLHO base 1": [0.11680812659454039, 6.628442864408638e-05, 6.189563575984646e-05, 6.033874446950686e-05, 6.0366785924123705e-05], "fMOLHO base 2": [0.07772559848059246, 0.00017709627931512822, 0.0001709700238113342, 0.00016852241876262088, 0.00016792880986806998], "u": [0.7308108002630401, 6.058977482022604e-05, 3.4032549135736736e-05, 2.786913527448187e-05, 2.324514867941538e-05], "v": [0.24213512228457948, 4.296237631720504e-05, 2.2455815849479294e-05, 1.9832921908178265e-05, 1.8046199112329045e-05], "u_base": [0.2103716229387231, 9.73956121858657e-06, 8.248962157034795e-06, 6.0564665545271e-06, 6.40881782783086e-06], "v_base": [0.038366506508680225, 2.4234063027821445e-05, 1.7123010657989836e-05, 1.587495693527384e-05, 1.3038854429880753e-05], "s": [1.319750443114564, 5.5047056477689296e-05, 4.436264316239644e-05, 4.243359539707464e-05, 4.33832908329827e-05], "H": [0.17883220887629045, 0.0005416394620248654, 0.0003356434888425238, 0.0002969239635884011, 0.0002700187939622356], "C": [0.02138202499709005, 0.00024363250262781906, 0.0001937936926142809, 0.00016394798441709665, 0.00014738754430195747], "steps": [0, 10000, 20000, 30000, 40000]}