{"fMOLHO 1": [0.0002288112790996987, 4.805782841633802e-07, 4.62998504272116e-07, 4.885284407788814e-07, 4.6044694498901214e-07, 4.639754110092447e-07, 4.550091995064867e-07, 4.873556860120158e-07, 4.787982939654209e-07, 4.6491435186163787e-07, 4.779572620387917e-07, 4.757629899226067e-07, 5.3422753681564e-07, 5.229471550831317e-07, 5.031108233841221e-07, 5.019540564467582e-07], "fMOLHO 2": [0.0001437006281807579, 4.412886981552609e-07, 4.1342943859364393e-07, 4.1781740545257434e-07, 4.2065390244852535e-07, 4.2513454738950167e-07, 4.364625704994375e-07, 4.377592175962261e-07, 4.484301784683627e-07, 4.6430544788844974e-07, 4.5781324405043e-07, 5.089867126998586e-07, 4.791575925755771e-07, 4.615437143480715e-07, 4.433677609836176e-07, 4.371261196038885e-07], "fMOLHO base 1": [0.00014102167601719325, 3.816523284894371e-07, 3.7512286876320306e-07, 3.888265112103588e-07, 3.711110825076074e-07, 3.753961279177424e-07, 3.736445339797926e-07, 3.8288235143384737e-07, 3.8451838785505406e-07, 3.8053163546717735e-07, 3.8395643370928547e-07, 3.89310739078057e-07, 4.2017712050396515e-07, 4.1649792418998953e-07, 4.05635652297079e-07, 4.048434757705294e-07], "fMOLHO base 2": [9.462631867751547e-05, 5.047236934239145e-07, 4.968417935675996e-07, 4.992581938716392e-07, 5.008821983817048e-07, 5.047198866409742e-07, 5.115979420386648e-07, 5.241290065208723e-07, 5.267985515660029e-07, 5.291645226615e-07, 5.394428530431902e-07, 5.494584108470969e-07, 5.547051642928504e-07, 5.443394664958342e-07, 5.314405812748899e-07, 5.299190218592552e-07], "u": [0.16314266700460103, 0.00012448991912559815, 8.884525030524708e-05, 7.824485633542266e-05, 7.210058210539098e-05, 6.81416674919767e-05, 6.575537847491021e-05, 6.336384611102313e-05, 6.019223559929717e-05, 5.872900247777217e-05, 5.690666301348537e-05, 6.20615368264341e-05, 7.177057401867841e-05, 6.211550598486863e-05, 5.704806356145866e-05, 5.410247967120799e-05], "v": [0.2287066487877383, 0.00011575079188075187, 8.068609620718646e-05, 7.785306121018078e-05, 7.712178539184563e-05, 7.225090613573163e-05, 6.883145709839972e-05, 6.794045464485652e-05, 6.546765033562235e-05, 6.195987215286572e-05, 5.7355343316980905e-05, 5.386916829221482e-05, 7.279919599907006e-05, 6.344454252920315e-05, 5.325330926071248e-05, 5.022234876972453e-05], "u_base": [0.341137552930909, 2.0096105820906368e-05, 1.1922050752346597e-05, 1.1832377589668135e-05, 1.1450095040296627e-05, 1.2230941233750975e-05, 1.221253191011064e-05, 1.1427038886521125e-05, 1.054808658334276e-05, 1.0427719249420222e-05, 1.0427117719182404e-05, 1.0346431862489758e-05, 1.1974645126703163e-05, 1.216910713957439e-05, 1.2407482847738697e-05, 1.2257861481960805e-05], "v_base": [0.5078682523563272, 3.7651957689067754e-05, 3.0483188969527678e-05, 2.6976117724056117e-05, 2.3588565306705694e-05, 2.39179852100081e-05, 2.2745010256244425e-05, 2.1381170219106115e-05, 2.0205096735587257e-05, 2.03440856039957e-05, 1.9619076585133952e-05, 2.2482062615401585e-05, 2.018055670109936e-05, 2.0934842392208567e-05, 1.821901450805305e-05, 1.7827890307026823e-05], "s": [1.1309164308286692, 0.0001367512246860669, 0.00011711564055165667, 0.00010163627377004381, 9.617462418867746e-05, 9.277767431802809e-05, 9.245193614913057e-05, 9.703567445994282e-05, 9.117940619093691e-05, 8.899352736107455e-05, 8.499101172681585e-05, 8.349576157892275e-05, 0.00010603041251858137, 9.517243572742229e-05, 8.801674710560825e-05, 8.450692535404818e-05], "H": [0.5550819967518976, 0.0028205278865931845, 0.002315493077685434, 0.0019962062924912395, 0.00171662724287526, 0.001510153992608914, 0.001424791930735376, 0.0013100108277743154, 0.0012349482882569045, 0.0012335009853962635, 0.0011488874015668194, 0.0013273563660436297, 0.0012735771615770802, 0.0011392804222645117, 0.0011248064325091762, 0.0009996833641303586], "C": [0.1302999656215194, 0.0009033274059112603, 0.0007045155398431187, 0.0006057988215121893, 0.0005464425886378741, 0.0005058424161823801, 0.0004742618807152167, 0.0004479721951436771, 0.0004141961737876332, 0.0003945811839862091, 0.00036086866964269083, 0.00038699819060671834, 0.00042831989150956645, 0.0003980685358005688, 0.00034698353621806136, 0.00032017544495001413], "steps": [0, 10000, 20000, 30000, 40000, 50000, 60000, 70000, 80000, 90000, 100000, 110000, 120000, 130000, 140000, 150000]}