{"fSSA1": [16.151850445987996, 0.0015669273325891282], "fSSA2": [76.16234612325603, 0.004655169694901911], "u": [0.0031918362893639685, 0.00017001429910748394], "v": [0.018261115255132906, 0.000835547589405168], "s": [0.5445689877720588, 0.017108468047923014], "H": [0.13232103845974885, 0.023887890032915134], "C": [0.1675718722266979, 0.001000155231099009], "vel log": [0.006678069848076507, 0.005820706451151945], "steps": [0, 10000]}