{"fMOLHO 1": [2.1389325066741085, 0.00319879565177971], "fMOLHO 2": [11.841374629904141, 0.0021509213715559306], "fMOLHO base 1": [2.092364127204645, 0.011178807454933059], "fMOLHO base 2": [21.110115870698433, 0.049990487658638616], "u": [11.537342250543114, 0.004131972519196572], "v": [184.22791620755177, 0.024570158154025877], "u_base": [0.6734110309004419, 0.0010577675184638095], "v_base": [4.9505063355339844, 0.003167058699881325], "s": [2.1987363316454456, 0.10040562821134978], "H": [1.1041181009593146, 0.11237800993648489], "C": [0.19130943411550252, 0.004034601909672124], "steps": [0, 2000]}