{"fMOLHO 1": [26.43912706265958, 0.00709048659201341, 0.00681307748733699, 0.005729407952770297, 0.0060193443811308684, 0.002340144286170523], "fMOLHO 2": [26.036401944890653, 0.010649410150794646, 0.011168017002165534, 0.00894733871235043, 0.0008955121581897868, 0.003460664278093666], "fMOLHO base 1": [13.516261702269455, 0.0055647691463650084, 0.005352303089334995, 0.0025325409936371094, 0.004800940783752417, 0.0013575050490230202], "fMOLHO base 2": [13.576771028472427, 0.009141885061274859, 0.007022319587509202, 0.003073799793103733, 0.0033522117616339793, 0.0009443397004996268], "u": [0.05483687340864138, 0.0016320026619558179, 0.0015374820702099483, 0.001340581190169364, 0.001548930346555827, 0.0015445223741936956], "v": [0.08742861960755204, 0.0053635064320206585, 0.004936986232384087, 0.005010702842995845, 0.004453871098778861, 0.004929823776544213], "s": [2.9441905799544985, 0.0159971485002303, 0.08593870199758571, 0.1684644182404206, 0.007197490381835252, 0.000648183857317689], "H": [5.80602823095879, 0.17752465606148538, 0.4225932795196673, 0.45380628734879047, 0.30538250160878067, 0.033190176137748016], "C": [0.04286532819302287, 0.007908580931186914, 0.006110488694111564, 0.007390282661024278, 0.01358713274877311, 0.00985731891427339], "steps": [0, 10000, 20000, 30000, 40000, 50000]}