{"fMOLHO 1": [0.03325635617996666, 1.2574348462789673e-05, 1.0501996138608939e-05, 1.0416183871280176e-05, 1.034513137191584e-05, 8.99783629833439e-06, 9.580763534616415e-06, 9.88317864250246e-06, 1.0398814228875664e-05, 8.763291583306596e-06, 9.209592978090371e-06, 7.651519070403634e-06, 9.176299499386127e-06, 8.992412883478393e-06, 9.859098526126827e-06, 9.128835453848448e-06], "fMOLHO 2": [0.0210136969467746, 1.809911736606069e-05, 1.6430698188808326e-05, 1.6543255835688487e-05, 1.6131187730711664e-05, 1.7165797733195462e-05, 1.5855914067438077e-05, 1.5132308397001965e-05, 1.4012584878427254e-05, 1.5434825301819742e-05, 1.5416014172540697e-05, 1.857155015815914e-05, 1.4960440281538252e-05, 1.5383843697818405e-05, 1.4740638523080058e-05, 1.4985178538458902e-05], "fMOLHO base 1": [0.020513499664542755, 1.645238176916909e-05, 1.5553342086015376e-05, 1.5320565526687416e-05, 1.5074613167880521e-05, 1.462823052377794e-05, 1.4757190906264094e-05, 1.4617205236754347e-05, 1.4693376132922575e-05, 1.4434988893692057e-05, 1.445684973419338e-05, 1.438276424360257e-05, 1.448602406215224e-05, 1.4467839310929002e-05, 1.441898204929296e-05, 1.4498595805103144e-05], "fMOLHO base 2": [0.013421705552904607, 3.81821976794325e-05, 3.75209426453453e-05, 3.743555317742774e-05, 3.709389586521772e-05, 3.6669732065251325e-05, 3.666470973128037e-05, 3.6599440620093654e-05, 3.654101247611029e-05, 3.627835482159174e-05, 3.631023346911479e-05, 3.624766320086981e-05, 3.628193236188417e-05, 3.620639265641459e-05, 3.6522296409418874e-05, 3.607396327956397e-05], "u": [0.1572118602197654, 5.060493172932627e-05, 3.518387418676549e-05, 2.692960227814539e-05, 2.345401237402104e-05, 2.1660169612754966e-05, 2.0448684963687628e-05, 1.932280674561863e-05, 1.9358883049081516e-05, 1.7332237724681556e-05, 1.6311808284504334e-05, 1.839455075825071e-05, 1.5245358188732601e-05, 1.4909317484289818e-05, 1.5972327127128827e-05, 1.4342838436587559e-05], "v": [0.23739347856606086, 3.527046304536807e-05, 2.6908119059592626e-05, 2.1867483727871302e-05, 1.9894059688473222e-05, 2.2492502305875826e-05, 1.8705502257112343e-05, 1.840539692793929e-05, 2.3509761594957873e-05, 1.63502855344669e-05, 1.528622606980025e-05, 2.373014785114775e-05, 1.4006356369619743e-05, 1.353291725548844e-05, 1.3606322249467231e-05, 1.2693682890972716e-05], "u_base": [0.32870417223691456, 9.077289394814507e-06, 6.7637200579567885e-06, 5.487156851215736e-06, 5.030057084412838e-06, 5.050415274215528e-06, 4.75087640065538e-06, 4.653494667750809e-06, 4.614184407916877e-06, 4.90174944631775e-06, 4.514964290676498e-06, 5.78408803835696e-06, 4.214392130866442e-06, 4.063519285486071e-06, 3.9498534516291e-06, 3.836866047137839e-06], "v_base": [0.07382613607086928, 1.4710001141803408e-05, 1.1837920914817027e-05, 9.322555010306005e-06, 8.422135278006397e-06, 7.265856058309888e-06, 7.736897270533147e-06, 8.248317777225286e-06, 9.91229810557658e-06, 7.2820002979380005e-06, 6.811451029274675e-06, 6.439188266812362e-06, 6.443054572047837e-06, 5.7460261870368535e-06, 6.266090028349572e-06, 5.525404145213984e-06], "s": [1.2093011801406093, 4.605051396140595e-05, 4.036443145861451e-05, 3.764697030529469e-05, 3.679936519692415e-05, 3.592411751284682e-05, 3.278705978444482e-05, 3.297450202923222e-05, 3.342294281973685e-05, 3.159203352608921e-05, 3.085397996735486e-05, 3.3920875340823785e-05, 2.9524694383355866e-05, 2.9212378719547487e-05, 3.8485250453950895e-05, 2.9486829205406824e-05], "H": [0.06504711682734417, 0.00040663446512172847, 0.00033118044110899166, 0.00029603241313593925, 0.0002771009186968306, 0.00027388016356118977, 0.00024863942159271955, 0.00024142636014844879, 0.00026661211488322766, 0.0002379531254116609, 0.00022173070586578464, 0.0002612647375713814, 0.0002128129245679974, 0.00020863396198538193, 0.00022631432699409768, 0.00020274068752112784], "C": [0.031377636979897615, 0.0002627362970392338, 0.00020777311096462287, 0.00017810373830736892, 0.00015826210189572588, 0.00014228227291399363, 0.00012866752498459083, 0.00011890170348777212, 0.00011291656244854768, 0.0001057930149776147, 9.940377850557332e-05, 0.00010257763161985365, 8.93943549259793e-05, 8.498217523394504e-05, 8.791237900926292e-05, 7.850826354854368e-05], "steps": [0, 10000, 20000, 30000, 40000, 50000, 60000, 70000, 80000, 90000, 100000, 110000, 120000, 130000, 140000, 150000]}