{"fMOLHO 1": [53.93198454986759, 0.0016822158712794138, 0.0008438102607129006], "fMOLHO 2": [56.51136774967749, 0.0013537064627461856, 0.0009278318069224263], "fMOLHO base 1": [25.739252721578175, 0.0018531899672802942, 0.0017174975786678065], "fMOLHO base 2": [32.13301798376678, 0.0054504041476367004, 0.004348758183010158], "u": [0.046375693665774216, 0.0034201668394300624, 0.0026663439506536884], "v": [0.014115349901750182, 0.011744712980270872, 0.011957976463717525], "u_base": [0.8705611527054675, 0.00022534160313482168, 0.00022233579720031438], "v_base": [0.27286146663297084, 0.0008154034189479543, 0.0004193768061649263], "s": [0.4220835286984914, 0.019147149177801543, 0.01740482557580319], "H": [0.35947273390441253, 0.008695537529747235, 0.006108977899866093], "C": [0.06424848546066421, 0.003604922912379623, 0.0019989894890750886], "steps": [0, 10000, 20000]}