{"fMOLHO 1": [0.0002343904380012973, 1.2560227594220173e-05, 1.5485984524183886e-05, 1.585786877808128e-05, 1.6290307194116853e-05], "fMOLHO 2": [0.00011933899022569208, 5.510518192599419e-06, 6.256907561601542e-06, 6.856005741632229e-06, 6.729536753070846e-06], "fMOLHO base 1": [0.0001385724202173613, 8.074650767664336e-06, 9.95032161774902e-06, 1.018921909862785e-05, 1.046728303945519e-05], "fMOLHO base 2": [7.82017992107266e-05, 3.7137877499945334e-06, 4.18882209425895e-06, 4.54568124598434e-06, 4.478907003243391e-06], "u": [0.18828911799564238, 0.0024621524186472176, 0.0021104522022641604, 0.0018353649356182334, 0.0016734956298746404], "v": [0.18945180052286384, 0.0030005412051031066, 0.0022673341636070595, 0.0020629164774707207, 0.0018922347653544617], "u_base": [0.0689061899434665, 5.3924720243744414e-05, 5.065001290025872e-05, 4.7418479973637406e-05, 4.597862512801097e-05], "v_base": [0.2111795190364648, 0.00021559991710928274, 0.00019668416667461254, 0.00018652121071597308, 0.00017389931942615942], "s": [1.2044365914091786, 0.004073442525453874, 0.004111951756796563, 0.003721980148359305, 0.0031776640653881087], "H": [55.68422834511986, 0.1753613503699167, 0.13220579556639425, 0.07981311419763373, 0.07224142722987559], "C": [0.07811539539647877, 0.0006178991984572829, 0.0006247596473139843, 0.0006225312970670553, 0.0006273529609162133], "steps": [0, 10000, 20000, 30000, 40000]}