{"fSSA1": [231.70402494494752, 0.0038270451864241346, 0.00047308567914464605, 0.0023073548650657644, 0.000647840674345661, 0.0021240081414358575], "fSSA2": [348.94345547585476, 0.008827395625325076, 0.0004485677815581547, 0.004001154592676491, 0.0003956680351765201, 0.0006782835727378807], "u": [589.4644626284997, 0.00733699180675389, 0.0007396473892299779, 0.0011074516882117278, 0.0002867008614699311, 0.00030082532114171105], "v": [1129.3112124411716, 0.009466246252142905, 0.0007616637129981982, 0.0007274651738897105, 0.0004192412132576198, 0.0005087112886457253], "s": [0.9823035580255166, 0.03973583963417937, 0.00023259520811221896, 0.00011819585846418018, 8.289861505346419e-05, 7.608863840750829e-05], "H": [0.5894554872575325, 0.0025528599355000574, 0.001295327350465384, 0.001020001084359115, 0.0007447139326374559, 0.0005267796546408213], "C": [0.07290993520409403, 0.02583953013327291, 0.002136152335571887, 0.0014233341495075778, 0.0007647705640398772, 0.0005489513605894529], "steps": [0, 10000, 20000, 30000, 40000, 50000]}