{"fMOLHO 1": [55.19287854677955, 0.006847630360820882, 0.002950379043590926, 0.1536422493855889, 0.00514193605330434, 0.0026470697314311302, 0.0023417705738113144, 0.008252928527538136, 0.08772316874418368, 0.0059410832317418685, 0.0021556775570573962, 0.002175504367478501, 0.0037530920023901896, 0.002631483764024596, 0.0010699785744014364, 0.005450964611901025, 0.00235253523572709, 0.002233033237497377, 0.0021602754542490795, 0.25305751666231724, 0.013481182347553558, 0.0018459585646412972, 0.40527954159388746, 0.004120714896558514, 0.00432761220665924, 0.0032383969255540723, 0.005785577116707417, 0.005340741192877135, 0.002346515296165042, 0.0019647674250694415, 0.002651020034361273, 0.0034291758262446643, 0.0027188039156485736, 0.0024717581887328047, 0.004750516188278144, 0.0041918789793356295, 0.0023204543081329033, 0.002211190744647518, 0.0018253492714912956, 0.0037791376035442442, 0.001725617479739843, 0.00228661280461829, 0.002479224449719787, 0.003894978376274413, 0.018484553761829163, 0.009596294322504608, 0.009171092207233562, 0.0055812515009725444, 0.004639409443150878, 0.03674655551385604, 0.007170473194980403], "fMOLHO 2": [100.74331755944178, 0.01732319435862759, 0.005594781526278622, 0.17957451392045437, 0.009921710656091355, 0.009701975552945618, 0.01018376063431207, 0.014257603552535943, 0.10148990511639622, 0.016411400987351256, 0.00845429264841972, 0.012450663245515914, 0.006810727896577067, 0.006928950532873418, 0.007656812891685111, 0.005839330730181881, 0.009432659345984253, 0.009099831771105482, 0.009051834996658402, 0.8023106551332503, 0.012596141284693333, 0.010620296460562426, 0.18505138234761823, 0.007358896432888832, 0.008763542453510624, 0.010921857646556087, 0.009735684463030666, 0.007342801278292556, 0.009777348585453436, 0.009030333520288184, 0.00764166478981449, 0.008169291379030798, 0.010032038679077867, 0.009542827119836285, 0.010351374081679946, 0.010105388495380186, 0.00926228678509112, 0.008956120022662542, 0.008281963947473, 0.0039937787274306295, 0.007130734849519079, 0.005762139235408025, 0.00847550287751441, 0.010115106794003667, 0.012805296328924578, 0.013810467314256916, 0.013383485740329182, 0.011649833931955494, 0.01226452597764372, 0.02520339932547452, 0.01856855167922366], "fMOLHO base 1": [59.71328419651343, 0.013023827740052982, 0.009479933415505185, 0.17029137970143066, 0.018334944303159496, 0.0025193889097475837, 0.0011830471935332441, 0.01662668984780115, 0.07287296322424708, 0.0043485899026244855, 0.0013397794277179625, 0.0014561372446111245, 0.0013826880932145764, 0.0010607043470639934, 0.0011071493617269164, 0.00551695388202278, 0.0048268892966975814, 0.0014304103087359557, 0.002856783696579012, 7.966505402814369, 0.0637599648921688, 0.0011887670424500334, 5.105819704148981, 0.0013504330039077169, 0.001689792040052723, 0.002096757626144081, 0.005461453356992459, 0.005914349521331341, 0.0021331295747783283, 0.002503268402815797, 0.0008821476896861934, 0.0028948431561384652, 0.0019247551707980645, 0.007226151942300342, 0.008671062558356308, 0.0033361329814892487, 0.0009487605318390041, 0.005880845047194802, 0.0022993610454259167, 0.0030307320488436548, 0.00545118996475012, 0.002350464667593717, 0.003336114953006486, 0.005950665835165101, 0.019768478536469503, 0.007844331740598686, 0.015030913252855013, 0.010874057023121128, 0.006138289192736163, 0.02570262544572139, 0.02109496616646644], "fMOLHO base 2": [109.7964641717873, 0.04318449393094119, 0.030150287092232705, 0.14637438074976855, 0.021326513617445045, 0.021150995367866535, 0.0019289448007667746, 0.007662908639458925, 0.08258033813004495, 0.007732614188004621, 0.004820431013338576, 0.0041950453778609115, 0.004261470715680841, 0.00274482913284215, 0.003589666145388309, 0.01255912129785868, 0.0391885618349775, 0.0036172891484015117, 0.007983362425268049, 38.45583482933953, 0.009559962503702786, 0.002993350675124313, 1.8084802981397756, 0.0029605898332806307, 0.0052464354302232535, 0.004388181332959467, 0.004897919604828186, 0.015188764992428464, 0.013592951706327617, 0.057471229741875816, 0.002483449662007714, 0.007521851200092328, 0.008422256663100666, 0.025426250428099102, 0.008566538931794066, 0.006223934333376333, 0.001886073708185972, 0.007532779533544284, 0.0051176612361692325, 0.008064377101695861, 0.008331913222178184, 0.004429706788508551, 0.004375132846567386, 0.004799859262303661, 0.005879239758137448, 0.008922763468953463, 0.016883465354213537, 0.007854166878965684, 0.016147773922487427, 0.017487428727791746, 0.024951398681641226], "u": [1105.419994249052, 0.006407638843601055, 0.007029006184873883, 0.11451979048754866, 0.020657219038623203, 0.008975111481263596, 0.006122662111101163, 0.007939568587463173, 0.011003333889689552, 0.006512113953321677, 0.008679266136784408, 0.008770165814776305, 0.006715443504253718, 0.006533828282677455, 0.0065940635542881855, 0.003483189768311254, 0.006534346121981159, 0.00582879966391079, 0.007627098772509234, 0.28277932415057633, 0.02579807451656685, 0.010596706886011763, 0.07121433013882335, 0.009144672757453738, 0.006186705975082276, 0.00606485790584892, 0.009397563983965794, 0.0035763679151488486, 0.005216977681572643, 0.008616741225575245, 0.005099783171812039, 0.00410077594871612, 0.0068780079695036, 0.004794149388741746, 0.006712180525232122, 0.009522072823165435, 0.00700448346308646, 0.006418301207949292, 0.004706407875670589, 0.0027171964015360378, 0.005114612504543031, 0.005809275112059809, 0.0068106758736398865, 0.008015433741143892, 0.014639682886548792, 0.010826894189777699, 0.009470322099510299, 0.01094879515925856, 0.008519143362042772, 0.009687511618747932, 0.010025387299504711], "v": [1383.1767804689207, 0.02125443914048361, 0.0175666853327483, 0.05607538017841997, 0.01953692096502342, 0.019843659749900898, 0.018252167983519713, 0.020710431435100134, 0.02915400344423575, 0.018939268042815836, 0.02215580642576831, 0.02336702433210589, 0.02027369842575752, 0.01960322356493134, 0.019410095623816195, 0.007614354239806206, 0.02404013173515046, 0.018594690378986256, 0.021979010443379597, 1.865222435890597, 0.024029529307623042, 0.03434774907047999, 0.03992592857092819, 0.027421469059650084, 0.015335332009811355, 0.015140949365125066, 0.017315205166751495, 0.008080372774894458, 0.025589843478702027, 0.0474775558286704, 0.01699292290239493, 0.009604677232496295, 0.01766880805004484, 0.025573303720805806, 0.018952812413485128, 0.02314231660888524, 0.01803892095606225, 0.02155507014619298, 0.012399790618116269, 0.005997720935041664, 0.014864796409474641, 0.014485331892374146, 0.01766653582737808, 0.02318329419873495, 0.03159592653218303, 0.02808560639970525, 0.03055886993074293, 0.028814734417189413, 0.02474192698446851, 0.027223549609108912, 0.030114265413906983], "u_base": [4.824728710487223, 0.02532780564579705, 0.015732040939653715, 0.04568813782218801, 0.03587506913174183, 0.03640407519829118, 0.03812025583202198, 0.039459528221105516, 0.04031649250628281, 0.03894103634658878, 0.03883860829341081, 0.03915066742222231, 0.03899056035693991, 0.03873556616167551, 0.03857915088668626, 0.018378479894983125, 0.035748019191561606, 0.03741252217461211, 0.03730593716165442, 0.038724594152883006, 0.03770040639981347, 0.03770306009343406, 0.04055042180296721, 0.03794472619076783, 0.033192629670200854, 0.03243669695970926, 0.026838067473927134, 0.010623058086414401, 0.03706713070558356, 0.036842047172903465, 0.03697479330843051, 0.031118883259077842, 0.03467926690073551, 0.029346425323510634, 0.036933710428292625, 0.036186548260808256, 0.03384092598125822, 0.0338539735535326, 0.03222798400231924, 0.010406040721759418, 0.023435670235003727, 0.012643603308266067, 0.034158120919329515, 0.034273171899905294, 0.03758418353820141, 0.036974854926398786, 0.037249824947689296, 0.03685125405008457, 0.03628669061297724, 0.03645749554431164, 0.03710551197399932],