{"fMOLHO 1": [346.3307935619183, 0.001386661315872124, 0.00041591682959590945, 0.00029776653469617035, 0.0004814585363021811, 0.0005671803066519386, 0.00023878874037915445, 0.0001944293284422963, 0.00028141027908916243, 0.00031293771198179275, 0.00022798877741907528], "fMOLHO 2": [504.9786866434301, 0.0018385298945395973, 0.0003558781181830764, 0.00023348358496924995, 0.00028639646771151054, 0.0003545099339823067, 0.00018397407678323688, 0.00019373568284713143, 0.00032152236081979736, 0.0005300423087089381, 0.00022507427543353226], "fMOLHO base 1": [206.34184049499015, 0.0020677015198188042, 0.00044131235582669473, 0.00040627802799824287, 0.0007124022070384776, 0.0005849948124328418, 0.0003055137544854204, 0.0001855934449436038, 0.00034137344818125753, 0.0003132582683173998, 0.00018796204113481969], "fMOLHO base 2": [201.87772297275592, 0.0014029368909675283, 0.00034609017597464297, 0.00021896869097621203, 0.00037768738008677524, 0.00029202935663632113, 0.00018796660395393417, 0.00019647078100175843, 0.00023861848851251496, 0.0007911002299669516, 0.0002064392114457721], "u": [843.6276193502488, 0.002757761329380846, 0.0007001561913752087, 0.00021052640850304958, 0.00030476351689759417, 0.00019450608543686396, 0.00014569609350970354, 0.00013338559791840904, 0.00039926245038785955, 0.00017036513103700166, 0.0001794184758592231], "v": [1186.8533622317143, 0.003051308425763077, 0.00047204412778340985, 0.00022295707426312332, 0.00022307946822022756, 0.00013539730339366224, 0.00018493023802425328, 0.00010477134505067395, 0.00041936828829200354, 0.00012719273689470542, 0.00017489017707206984], "s": [13.105455173380962, 0.0015447122190427182, 0.0006591754169318552, 0.0005297019371724923, 0.0004898095844234826, 0.0004577395718451728, 0.0004310955343277915, 0.0004165160147498307, 0.00040422065427392096, 0.0003914559656186694, 0.00037871224488300354], "H": [0.2562712095116293, 0.01590099404547407, 0.006915042160697991, 0.005547735135426793, 0.004956328468980706, 0.004621585311428077, 0.004361832233339452, 0.004220179193874481, 0.004130543030031996, 0.004023697931183256, 0.00393185214032423], "C": [0.053836836855213184, 0.006202329737726542, 0.0006438199077432187, 0.00035355800645187475, 0.00027427504957492244, 0.0002316065966528835, 0.00019475406810856566, 0.00018028104590229744, 0.00016341062598802144, 0.00013510662338606612, 0.00013178231813762998], "steps": [0, 10000, 20000, 30000, 40000, 50000, 60000, 70000, 80000, 90000, 100000]}