{"fMOLHO 1": [104.01761409035387, 0.00038264584557025214, 0.00023031303397628023, 0.00020384759419275872, 0.00021964272996847278], "fMOLHO 2": [89.95367644706072, 0.00042015384577459314, 0.00026937959315726016, 0.00022441885908093594, 0.00025642135256905355], "fMOLHO base 1": [58.3047583056943, 0.0002647437284136963, 0.00017017853369395762, 0.00015733460105509363, 0.00012000357129024766], "fMOLHO base 2": [47.34780517689372, 0.0003461340579121474, 0.00022029536451735013, 0.0001917015745053089, 0.00015993803659484715], "u": [0.06778990737066944, 0.00019943843277678606, 8.368211913381115e-05, 6.606791583556352e-05, 5.979883962803143e-05], "v": [0.023614964893712904, 0.000371069420388919, 0.00014670920545101633, 0.0001139085251477699, 0.00010385692760555437], "s": [4.9237220980005345, 0.0009761626267176768, 0.0008716823757600451, 0.0008375282077754556, 0.000774970827932912], "H": [0.8064275089595536, 0.009181364819748527, 0.005142091714233045, 0.004286635444546605, 0.0038925405532113295], "C": [0.05753363311404911, 0.00870298464175216, 0.008325145771431872, 0.008171565266371137, 0.008081802251770473], "steps": [0, 10000, 20000, 30000, 40000]}