{"fMOLHO 1": [414.9727434916993, 0.0029963585178427116, 0.00171630841450191, 0.30445265913033664, 0.002047936403327823, 0.0012331097464818638, 0.02161016111895872, 0.0007421785605918867, 0.0008493318580217206, 0.000659088815776411, 0.0012875878237414995, 0.0010074097071105653, 0.0012757946442465786, 0.0015205984094143201, 0.0018982065961291508, 0.0009855762827832017], "fMOLHO 2": [389.30663582393174, 0.0036314602576132484, 0.0027797527780648035, 0.206806185325224, 0.00596214243738898, 0.005316003869551985, 0.014482871232042316, 0.005403264240342582, 0.005254019040871527, 0.0050959428012072394, 0.004056941710450334, 0.002892692942760813, 0.0035373735271585346, 0.001526120048438567, 0.0034891789597461657, 0.0017540620413322677], "fMOLHO base 1": [252.019266397575, 0.002546743738036967, 0.0025556998261960675, 0.20791329013131649, 0.0011134581859049372, 0.0008562099981483216, 0.012946362455136695, 0.0016087234297152556, 0.0008883253986383534, 0.0002739237979789719, 0.0011467396264916248, 0.002676338341718061, 0.001818227882295627, 0.00257562824230887, 0.0013700549928625377, 0.002208406631246797], "fMOLHO base 2": [234.41132106416237, 0.006470036673035067, 0.01040298814255267, 0.18099980650124858, 0.0018236530359304268, 0.0020123166652305895, 0.00614213683381779, 0.004910731165749274, 0.0024209650867243722, 0.0008586676023866624, 0.005717011132211245, 0.010946343522407533, 0.006129879464794995, 0.011317355251896933, 0.005169034211886179, 0.010837592431219617], "u": [0.2239809916631308, 0.0013433449729809512, 0.0006504399000121802, 0.013633335065041436, 0.006438782231528597, 0.006501377843629599, 0.00647329927647449, 0.006770792862057885, 0.0065496058793671486, 0.006127848463388087, 0.005517202227372254, 0.0007848144802753172, 0.0010343972712099157, 0.000738257748764651, 0.0036806670327569255, 0.000846596052239997], "v": [0.4102997857944525, 0.002855319782714535, 0.0033378666286942218, 0.0888166831753104, 0.015420611298927732, 0.016736856597367553, 0.018710988728836447, 0.020444143133920744, 0.019884735857585312, 0.017961682376769414, 0.003820711982876041, 0.0030971539823811682, 0.0022144422810285703, 0.003256667004902546, 0.002892297301213106, 0.003241839004467888], "u_base": [81.83329182838152, 0.0017109911963061573, 0.0007964996757787755, 0.059031255783696675, 0.008652991723395053, 0.01078193007584052, 0.013118624245159092, 0.013808523606760808, 0.013152251113323044, 0.012772268121651737, 0.006224178260816627, 0.0008925880625123616, 0.0010169535560788695, 0.0005444922673664982, 0.004657121091726779, 0.0008383091775879785], "v_base": [49.54483177762758, 0.0019475700805679553, 0.0009998332271008849, 0.10755825605268297, 0.06017539233160311, 0.07063585451094588, 0.08992776300329505, 0.09346593336303713, 0.09391850722919708, 0.08854485962072302, 0.003871730324247865, 0.0006411511217332303, 0.0023002189997589897, 0.0004207908427319388, 0.005403701947346152, 0.0004887622294573464], "s": [2.058592762799555, 0.04617613785918039, 0.039239178513246806, 0.04973915407809013, 0.049243816425359355, 0.049241000894630266, 0.04915800769078508, 0.04924906010347581, 0.04924887274068292, 0.049239218738082076, 0.04897244182203351, 0.03926233830964413, 0.04703089423032064, 0.0372931773795391, 0.048247130205618514, 0.04008787703849374], "H": [0.06811896712831617, 0.003261283516693544, 0.0016508183182989424, 8.298626272929821, 14.266337411871675, 3.9440053687794743, 2.1009572576852347, 0.8231114871332498, 0.295146551158439, 0.43873126818632974, 0.006524998851265501, 0.0017586427809717126, 0.003966988425237804, 0.001460431590898322, 0.015851570474035383, 0.0020635650380076364], "C": [0.02995663978363382, 0.008674486445375615, 0.005960975843443987, 0.011719666291873994, 0.01156548404269314, 0.011135966771948974, 0.012203080480784483, 0.012243952799859653, 0.012477338388235478, 0.012562788125788843, 0.009156247496420947, 0.005632800902536829, 0.008026133259482695, 0.004683474479885139, 0.00905890332537825, 0.006092519720324061], "steps": [0, 10000, 20000, 30000, 40000, 50000, 60000, 70000, 80000, 90000, 100000, 110000, 120000, 130000, 140000, 150000]}