{"fMOLHO 1": [106.6726787494363, 0.0003387926319156773, 0.00016484379340459844, 0.00022015769780598404, 0.00011233842076015702, 0.00012139055704271952, 0.0002140668904608483, 0.00014910863456604282, 0.00010892853318225937, 0.00010794730807148274, 0.0001356790711164022], "fMOLHO 2": [125.88958510688741, 0.00038724311197507895, 0.00023221584014637733, 0.00017486638424066148, 0.00019686646086921483, 0.00020878875983702623, 0.00041777684113947, 0.00021913678329064264, 0.000199639946733241, 0.00018277021669203456, 0.00022191628831758347], "fMOLHO base 1": [59.163747917915344, 0.00022242080500898246, 0.0001062315154005096, 0.00012465058009946488, 0.00011321662610980924, 8.896360005374921e-05, 0.00017034894086066256, 7.144027673786135e-05, 7.256439289411669e-05, 7.089417977888048e-05, 7.143654477179096e-05], "fMOLHO base 2": [78.65377618149051, 0.00030300864924139633, 0.00014829140207795006, 0.00022046356922459222, 0.00013338259444705306, 0.0001226372529365336, 0.0001703833419257151, 0.00010776310372770247, 0.00010106159202317751, 0.000100129208976174, 8.630469254177373e-05], "u": [0.010226581846885264, 0.00019887717824339365, 8.693840912298499e-05, 6.86265313642622e-05, 6.021009659154775e-05, 5.206439439152354e-05, 4.7288492649887504e-05, 4.629042838562739e-05, 4.460037390354555e-05, 4.391705266296713e-05, 4.34739290050959e-05], "v": [0.07803720959761924, 0.000398063022927555, 0.00014231063098812127, 0.00011684437515977465, 0.00010319966788368248, 9.232282949528327e-05, 8.967324649677235e-05, 8.518627748660617e-05, 8.165157341309748e-05, 7.860394034698458e-05, 7.810088633502892e-05], "s": [10.818141709320361, 0.0008797832158780242, 0.0007791582181750973, 0.0008523487080250145, 0.0007993173272978124, 0.0007904721686736146, 0.001022139610047461, 0.0007880050886193998, 0.0007914968722264437, 0.0007970824005299304, 0.0007951383899496139], "H": [0.34093436454949716, 0.009756040442540677, 0.0053009246183180385, 0.004331393912331974, 0.004001818401338506, 0.0036331964796445905, 0.003667851181210536, 0.003343687709141246, 0.0032270629890455396, 0.0031263095415717465, 0.0030342862399402367], "C": [0.06287597190783444, 0.00818452206444641, 0.007827426427476648, 0.0076987251412310356, 0.007570732154299795, 0.007499459433795857, 0.007433408823464793, 0.007407150907365753, 0.007383584164318241, 0.007355497005078991, 0.0073086757590112884], "steps": [0, 10000, 20000, 30000, 40000, 50000, 60000, 70000, 80000, 90000, 100000]}