{"fSSA1": [87.35966699863904, 0.0035962031136018546, 0.006571972974734084, 0.003073827788321371, 0.0038865339296405427, 0.0006192246668644082, 0.001002773292578516, 0.051493880104318886, 0.000608534031116702, 0.004673787113925178, 0.0012838064292942626], "fSSA2": [107.65794763079168, 0.0059716219881243045, 0.006250653396825448, 0.0024906593397334437, 0.006773837312203214, 0.0015812010771293903, 0.001484550384500773, 0.03802687003971209, 0.001297143238753592, 0.0020445063272322875, 0.001973681881274703], "u": [528.7831367500953, 0.003738616282431163, 0.003956589151740673, 0.004092407154910712, 0.00483665207081918, 0.0027459513243889987, 0.0026408985666116404, 0.05430821292853658, 0.0025574431475535865, 0.0032123853507848724, 0.0025592588629772374], "v": [809.3203782835075, 0.004567158445135008, 0.007111525294637482, 0.013327901099839758, 0.010394442087788298, 0.003851006477393878, 0.00451310822152102, 0.06982381031827752, 0.004339827337638889, 0.005013767325607905, 0.004734218602998311], "s": [1.6830451776721633, 0.008446941680620008, 0.007138887811318397, 0.005859655735292846, 0.004367257603032295, 0.005170718526654009, 0.004093287375399836, 0.003620071547024532, 0.004432107179416119, 0.003435868114614895, 0.003528629071254393], "H": [0.6516804815196243, 0.02037799453470076, 0.01744450220579686, 0.016271031474856795, 0.015482910835771144, 0.014620400759219603, 0.013848396427234911, 0.013180458727414666, 0.011913223175765203, 0.010841619118194767, 0.009480596224173878], "C": [0.060524858867782055, 0.005523065013943674, 0.00646460736531631, 0.005580864753101736, 0.004164475904364598, 0.003268773824173832, 0.0026781902181094303, 0.003105028241400992, 0.002843742457005469, 0.002553036325481206, 0.0020759922739898764], "vel log": [0.007189330063990793, 0.00398321061944604, 0.003973518080113304, 0.0044234133605660225, 0.004266409227366023, 0.003813372194448289, 0.0038987243836572823, 0.004729582105283574, 0.003788725866463013, 0.003960839923826091, 0.00375315230974417], "steps": [0, 10000, 20000, 30000, 40000, 50000, 60000, 70000, 80000, 90000, 100000]}