{"fMOLHO 1": [82.83775529811584, 0.0030980092510819617, 0.0015587925755219747, 0.0012636836416630311, 0.001143508743888685, 0.0011666572812808985, 0.0010732706646507805, 0.0010052878864554497, 0.0010620730637524438, 0.0009999808697378238, 0.0010291621125473006], "fMOLHO 2": [73.76167649517924, 0.0024665958017621435, 0.0015353498288180208, 0.0014050254252533764, 0.0013227179218501834, 0.001268268200333109, 0.001070663131444585, 0.0010273898395842728, 0.0011670606237928537, 0.0009430332629472872, 0.0009776329001377326], "fMOLHO base 1": [68.94184234032866, 0.0020688994718503313, 0.0009375022815015022, 0.0008579059506056396, 0.0008338145027149072, 0.0009515759039087551, 0.0006952018719620546, 0.0006602172591534132, 0.0007051449599613465, 0.0006454395927242997, 0.0007599031837122939], "fMOLHO base 2": [73.4791733476497, 0.004958358869261742, 0.0020804234016533448, 0.001794984302574208, 0.0019114882132094493, 0.0015813303829513446, 0.001345005826103529, 0.0013111048768493184, 0.0013765580091035104, 0.0010287826686376249, 0.0009765997618804345], "u": [1131.5357768254864, 0.0019435248050427298, 0.0005390127521937687, 0.0005855890597111811, 0.0005590076935161779, 0.0009708604625112989, 0.00025704176975271345, 0.00024154418588955774, 0.00028051504562609145, 0.0003260774313350273, 0.00041387016937198957], "v": [933.5339501011789, 0.0022083241954608816, 0.0007648594596895885, 0.0013726067798269144, 0.0005471722557621306, 0.0004187076306921434, 0.00038392657914084063, 0.0003750550411558327, 0.0003484269242523183, 0.0005965807033590822, 0.00048031118493482736], "u_base": [0.23294934423626668, 0.00042577196734663197, 0.00014888306028023658, 0.00015066650837311868, 0.00019463741315743277, 0.0001778844235393393, 8.507928168189186e-05, 7.605529343286385e-05, 0.00012493033887651226, 5.46984454380312e-05, 4.7591340083968045e-05], "v_base": [0.0925540825692991, 0.0004921892087164591, 0.00031367835434823545, 0.00018796318071055048, 0.00015198852222065616, 0.00018256009187696636, 0.00010947224522277126, 0.00011344067679678586, 0.00013689190999456832, 0.00048585523590803854, 0.000937532312272733], "s": [1.8357018531879707, 0.007298266827788386, 0.0030395576269600716, 0.00239539096383282, 0.002076462439378183, 0.0018999312366817223, 0.001795071650838065, 0.0016863410420709939, 0.0015941790403778712, 0.0015530450861742592, 0.0015084962742032205], "H": [1.5997992920235602, 0.03960144874416063, 0.020130707230849667, 0.01773629762079877, 0.016599017402087315, 0.015817941030455012, 0.01485954898643641, 0.01434458271896914, 0.014132413766312753, 0.013745458053679273, 0.01408362373762251], "C": [0.17813236909289432, 0.007405841868726573, 0.0037180838333854935, 0.002758232001250301, 0.002380458579540336, 0.0020041604974946406, 0.001719404245768854, 0.0015169052093825322, 0.0013588241700804202, 0.0012132599657954522, 0.001130935439287917], "steps": [0, 10000, 20000, 30000, 40000, 50000, 60000, 70000, 80000, 90000, 100000]}