{"fMOLHO 1": [46.50145524030246, 0.01144034449210552, 0.0029702677442092953, 0.004227983710359494, 0.00178868650827417, 0.005522727724276509], "fMOLHO 2": [31.68226726867696, 0.006171672891971387, 0.004851667395722968, 0.007839281149215048, 0.012557177969720707, 0.004872395120932152], "fMOLHO base 1": [39.61949724030466, 0.015459213570972657, 0.02047106100857771, 0.009663714668123078, 0.0018225509576568846, 0.017775373714056155], "fMOLHO base 2": [86.9258648581717, 0.01001070204228612, 0.002648755004737976, 0.018776543231391708, 0.0012644592556551263, 0.002582314391864737], "u": [1434.2644011199636, 0.16179757032324776, 0.022556696575242695, 0.02191630394569157, 0.0395103210227438, 0.01417044936614962], "v": [3874.5878463753093, 0.136943983726898, 0.0069115460271110185, 0.006742413111871834, 0.003314602118327037, 0.005676707776900315], "s": [7.8663157817057305, 0.11094541140770983, 0.10360057057525612, 0.11122567950201796, 0.11074058547474223, 0.1092184817055169], "H": [3.891401917719542, 14.356611765544926, 1.1901048107010834, 6.84019567129535, 8.691906358112922, 3.2080829879497372], "C": [0.07653033708309273, 0.020602233104456944, 0.0016266639883138862, 0.004887726998153912, 0.0028820925843255716, 0.010813806356279187], "steps": [0, 10000, 20000, 30000, 40000, 50000]}