{"fMOLHO 1": [102.16693335270348, 0.00504970690853078, 0.005207240267464239, 0.0016591257094581494, 0.0041598073505158565, 0.0009291106737102914, 0.009789878996339136, 0.0033934163017371954, 0.0018389630995382731, 0.012834085326807819, 0.0031590586295803524, 0.0018758574790535977, 0.0037192098193839216, 0.0033150647226806535, 0.005229748866837885, 0.001297598760952037, 0.00532649901470198, 0.003953917648466554, 0.0017826538592987159, 0.006376110566566814, 0.0012375072462380518], "fMOLHO 2": [121.5136975495283, 0.0041890699499826526, 0.006009693701690973, 0.002879233415715046, 0.006382021556694081, 0.013141711568932712, 0.014302491476868708, 0.005103419722983755, 0.004696122113577591, 0.007838324017673797, 0.004639992572345694, 0.012429456767471963, 0.006189593477110933, 0.006165059131294722, 0.004016352898045686, 0.007422222727941537, 0.009281892141360486, 0.005498386120730593, 0.009258559616833731, 0.005078124619491422, 0.0086045128609672], "fMOLHO base 1": [51.958357366885664, 0.002177048088300915, 0.0037632851519916045, 0.016318139725275654, 0.0013648073126688706, 0.0013922778468702273, 0.005672559920042942, 0.0014192203554980294, 0.0015222411810284508, 0.008034806296778278, 0.016902636015684213, 0.0010780396975338302, 0.0007203523010602364, 0.0018293477035029129, 0.0013266281533560328, 0.001498484355146971, 0.004087426177282698, 0.0017556272879433205, 0.001259156119454492, 0.0017638878837920424, 0.0012922273974943649], "fMOLHO base 2": [77.0040697848989, 0.005784339826721004, 0.009609727084046872, 0.03774168641838551, 0.003781785053185293, 0.004012214335090978, 0.0071795151641759905, 0.004421089304188064, 0.0047754541849813065, 0.012825413738420539, 0.04351048354630848, 0.0028441069422809437, 0.002396911577447815, 0.011680952115401993, 0.004624655439382076, 0.004670844129427081, 0.009383246019785593, 0.003861741133671119, 0.008797192774920736, 0.00441982467970967, 0.003913647028119676], "u": [0.6598996887150465, 0.007375153687169664, 0.005221809947351992, 0.005546350326533491, 0.00696161172815577, 0.006760345630883308, 0.007489841864882601, 0.006650146667225462, 0.006218629530596354, 0.005223157099921839, 0.005921284556651715, 0.005684331788975922, 0.006679049747921948, 0.007998003494008655, 0.006735419214408604, 0.0061653062596786126, 0.005609828409350249, 0.007778011157993448, 0.0067942822753395025, 0.0070518653247493, 0.006719135613503698], "v": [0.5592098394688895, 0.019311918295363308, 0.011296152138316437, 0.013723862921028656, 0.018988266233186297, 0.019189203980274593, 0.023546470692231435, 0.020349095659798845, 0.01519038168578035, 0.010683384023248055, 0.0176350052730464, 0.01945629096164303, 0.021259399086657874, 0.02740233524127121, 0.020594198195385646, 0.018120911283467215, 0.016174853879016224, 0.019419922267863984, 0.022605602442259256, 0.020340626587959154, 0.01910638950817457], "u_base": [1.1808178296685607, 0.00015950226869966105, 0.0001661813410559524, 0.002078402173991203, 0.0005366847735793742, 0.00015958611483182493, 0.00018770722300037656, 0.00018161896874119464, 0.00017536225051180155, 0.00014397217999317992, 0.0026500849760160445, 0.00023629602461497072, 0.0001882742745625226, 0.00019866536365982374, 0.00023483100288775746, 0.00015659273881639223, 0.00015638188094460202, 0.00024403014428549068, 0.0001676424710822053, 0.00020897715815815538, 0.0002513742497992263], "v_base": [0.1934486412981203, 0.00103005504740584, 0.0010365743276694276, 0.007983260745822325, 0.0028589861991135217, 0.0009984081569834804, 0.001135842272457017, 0.0010611733133173464, 0.0010146383608828113, 0.0008986156354267136, 0.010653683612373057, 0.0011325276486387217, 0.001097555066344626, 0.001151933272056265, 0.001358527262024584, 0.001022978885993421, 0.0009833338001871029, 0.0011791409425734084, 0.001053606308841287, 0.00116507989751517, 0.0013683866384029226], "s": [8.077981057398807, 0.48657513730006835, 0.47052055621137934, 0.04157543741228534, 0.4916655784073855, 0.4916867586857433, 0.4928670124746318, 0.4920371232601853, 0.49128187863674166, 0.44892032902634704, 0.04247144963142213, 0.4899356032517665, 0.4922365961708813, 0.49137617716664905, 0.4913514086092383, 0.49165526367005236, 0.4685212657693494, 0.4902414341187528, 0.49077094998697435, 0.4903148246883756, 0.4909736566372316], "H": [1.1087761255730695, 0.3522832954424526, 0.056993221408342044, 0.025848406151029835, 12.074937583818437, 6.936451672738877, 15.258806316048508, 0.45985783093807225, 0.11849767543258309, 0.06376177635767714, 0.03403768274200536, 6.940763465296122, 15.174527423448502, 1.3727206178573539, 0.2711779508783334, 0.12046018380874066, 0.0849507311651997, 5.657100054985599, 2.9057279482073333, 7.496345254943266, 13.918233331518763], "C": [0.09568228630077519, 0.0055409476553527955, 0.003281565864135463, 0.0058913534365140985, 0.01633492982745718, 0.011611992615218086, 0.011120621430117893, 0.01217952358896565, 0.013081082043318686, 0.008442813542149047, 0.006601455236908781, 0.009430066340830677, 0.008700834729923938, 0.009706096419523714, 0.013211837259113351, 0.011616110266513706, 0.006610063840303812, 0.010615688850153014, 0.010200623248191218, 0.01202410472944338, 0.013452327827920631], "steps": [0, 10000, 20000, 30000, 40000, 50000, 60000, 70000, 80000, 90000, 100000, 110000, 120000, 130000, 140000, 150000, 160000, 170000, 180000, 190000, 200000]}