{"fMOLHO 1": [0.00016591133228034962, 1.9658990942401085e-07, 1.6168050849629939e-07, 1.824882672287073e-07, 1.8631140572054932e-07], "fMOLHO 2": [0.00011292031675348776, 2.8441738492681926e-07, 2.730312213671372e-07, 2.738093506766786e-07, 2.8147551541889727e-07], "fMOLHO base 1": [0.00010875832190102949, 2.014422645574417e-07, 1.9122658010738436e-07, 1.973762278167998e-07, 1.944466027788914e-07], "fMOLHO base 2": [6.859886449040624e-05, 4.089776026153996e-07, 4.1457628398685915e-07, 4.2378914788081123e-07, 4.1586920548806605e-07], "u": [0.1847794583026461, 5.487691187753646e-05, 4.7208605177253646e-05, 3.476704136340485e-05, 3.18233728809531e-05], "v": [0.3816315228043171, 4.103747702891788e-05, 3.3668890097728444e-05, 2.709939631164758e-05, 2.555019497782809e-05], "u_base": [0.29147273346650326, 1.4658682325701124e-05, 1.0996123451314625e-05, 7.965463428453872e-06, 7.728105610853943e-06], "v_base": [1.7124832856764258, 2.0435027681007453e-05, 1.393516656186319e-05, 1.210364077738947e-05, 1.1694243939826613e-05], "s": [0.6696356603941608, 5.7712596147439104e-05, 5.153309075809236e-05, 4.82025750358558e-05, 4.256936260772342e-05], "H": [0.17346536911281768, 0.00046759443988499805, 0.0003572966943859955, 0.00030439083082490527, 0.00030003570920059407], "C": [0.05119320896601732, 0.00045863799153833854, 0.00034252895235048996, 0.00028071056954426796, 0.00025079008168038476], "steps": [0, 10000, 20000, 30000, 40000]}