{"fMOLHO 1": [235.0964512866905, 0.007483486386994675, 0.008128308284684018, 0.013014404116755527, 0.006426764722503597, 0.00817465413438238, 0.005284706727437799, 0.005405845335640092, 0.005705749550625336, 0.00536031649352316, 0.0067865633701458036], "fMOLHO 2": [240.27416471343355, 0.006611288096085542, 0.006905020345709651, 0.019195178127869375, 0.011475311974625332, 0.01460619549520444, 0.012352421724871629, 0.009189199871317728, 0.007743551429144412, 0.007947496907947002, 0.02268649121934907], "fMOLHO base 1": [135.2330806757087, 0.007791960162659954, 0.003904643597413178, 0.008818771451311002, 0.00668180489969803, 0.006653728498721839, 0.007282628051867892, 0.007616178318997448, 0.008173718894680014, 0.008311410443568668, 0.00809246371808287], "fMOLHO base 2": [316.8430578395659, 0.01042929493039307, 0.012748209136850916, 0.028578983175660874, 0.03216835116243374, 0.03454173558131933, 0.028952721235042125, 0.035101195073805214, 0.03549046286253235, 0.03500747513433408, 0.0514302506435127], "u": [632.4396858615452, 0.006229313400678576, 0.004383379961029287, 0.002351307254836515, 0.003417763914613614, 0.00344263311303004, 0.0027281027936456614, 0.00335659562011902, 0.0022008840873617955, 0.0023396666324997707, 0.002781708046926199], "v": [3708.964983387278, 0.02866191814984606, 0.012065676185470263, 0.009464286229970812, 0.012119645436146588, 0.012681649698123285, 0.015655843535991552, 0.013433477537492812, 0.01184858647893136, 0.01383640435460664, 0.008031918464270984], "u_base": [126504.93240480994, 0.18108258711123662, 0.04779057465442775, 0.020241676133417284, 0.006772578231669624, 0.01174536218782197, 0.010657527119660138, 0.0016220297413802691, 0.0010399148919107276, 0.0018363675945419818, 0.0007763335593985544], "v_base": [150032.24372598252, 0.15472733802320793, 0.007247482511106048, 0.004242918380840674, 0.008253571161786447, 0.00403202161118651, 0.07853518431479221, 0.018129741768703328, 0.01380381158609769, 0.019090274658833506, 0.016324515853576648], "s": [4.693950876782053, 0.240224436956022, 0.20883332131610985, 0.12917363483928157, 0.10290393508317539, 0.09130104852638406, 0.08472248876795059, 0.08281982326528704, 0.07714714865044048, 0.07147771638752785, 0.0721822797616134], "H": [9.1025958691686, 0.8337569481581689, 0.10798700785809956, 0.042185655080700005, 0.03645180881463373, 0.03413503563010642, 0.042719314274785126, 0.03291668074864925, 0.031931824727101425, 0.02741186725884994, 0.02802827003044896], "C": [0.0493315225915389, 0.027001597285962926, 0.008188811536519652, 0.0009976222276353503, 0.0006881731850887997, 0.00047079778752722563, 0.0028082323819572856, 0.001715221919296929, 0.00035262260086031915, 0.0002949770915785138, 0.0013249070070877832], "steps": [0, 10000, 20000, 30000, 40000, 50000, 60000, 70000, 80000, 90000, 100000]}