{"fMOLHO 1": [9.0580530337633e-05, 2.1237421086990057e-07, 2.1099827213106678e-07, 2.134678078004646e-07, 2.0754525164861797e-07], "fMOLHO 2": [8.46984788598338e-05, 2.87737654704788e-07, 2.617193893630913e-07, 2.579965807487066e-07, 2.5835444791886305e-07], "fMOLHO base 1": [6.236809707129372e-05, 2.1398164777139858e-07, 2.1829722425785645e-07, 2.1530107014502334e-07, 2.1206901062499493e-07], "fMOLHO base 2": [4.2577290474555815e-05, 4.223459779856077e-07, 4.172743463474821e-07, 4.156631426821529e-07, 4.1272799672786806e-07], "u": [0.17291191013285098, 6.0530320554674925e-05, 4.4731226191489024e-05, 3.6969477091018904e-05, 3.340752215293071e-05], "v": [0.3572604391846803, 4.6400467582991765e-05, 3.746006212150088e-05, 3.279087542348956e-05, 2.9903519525757126e-05], "u_base": [0.10703526128082269, 8.331718973275039e-06, 7.054788508082535e-06, 5.835735564969958e-06, 5.405323135967728e-06], "v_base": [0.2604589424062527, 1.9008358069894256e-05, 1.4667967349503111e-05, 1.2956433214282805e-05, 1.2473298267276577e-05], "s": [0.4788715998411351, 7.926851880879315e-05, 6.21718674059194e-05, 5.103646646729458e-05, 4.3264299950084306e-05], "H": [0.1994567435454734, 0.0008986965789760063, 0.0007428699456393598, 0.0006602652954638108, 0.0006126830296579528], "C": [0.023089959508244762, 0.0002519708206749369, 0.00022178071286416384, 0.000202460117386315, 0.00018860119985653707], "steps": [0, 10000, 20000, 30000, 40000]}