{"fMOLHO 1": [0.0003285166832726139, 5.248793031657094e-07, 4.460999463490816e-07, 4.6245927321014785e-07, 4.785334465477774e-07, 4.821294329558534e-07, 4.904332179146321e-07, 5.337212029504663e-07, 6.849239772181721e-07, 5.529248061304391e-07, 5.495932687223758e-07, 5.815917594852355e-07, 5.43124845654989e-07, 5.566756942276374e-07, 5.762338749355106e-07, 5.73919317986723e-07], "fMOLHO 2": [0.000190105316522828, 4.8541747159006e-07, 4.4940667665778266e-07, 4.426890842239729e-07, 4.4398221935883713e-07, 4.5449815662888346e-07, 4.5680131980108764e-07, 4.697267395722144e-07, 5.8113851926551e-07, 5.010210573066399e-07, 5.048449843908235e-07, 5.257417963745438e-07, 5.183360580411461e-07, 5.208232036540751e-07, 5.533946476848537e-07, 5.260455769649377e-07], "fMOLHO base 1": [0.00020118122416859293, 4.079361193779391e-07, 3.7063749958166845e-07, 3.7928321036540963e-07, 3.8692383555735e-07, 3.896278172545913e-07, 3.955805383832955e-07, 4.2465261620196325e-07, 5.177069264925487e-07, 4.330058465694639e-07, 4.34605820753553e-07, 4.540514251249299e-07, 4.3052488801148536e-07, 4.387488618710555e-07, 4.54815374848875e-07, 4.521392490172311e-07], "fMOLHO base 2": [0.00011787129560203784, 5.27519377810367e-07, 5.142688617697715e-07, 5.154754554431716e-07, 5.161207706076545e-07, 5.246756789371411e-07, 5.306725046248415e-07, 5.427613993166823e-07, 6.044179348609697e-07, 5.661669943214378e-07, 5.775897006120191e-07, 5.726932082233494e-07, 5.768833393770478e-07, 5.808181701077724e-07, 5.895663421398497e-07, 5.81229818006261e-07], "u": [0.16169419798495158, 0.00014718188847450295, 0.00010724184041492321, 9.018325922715916e-05, 8.432758144481303e-05, 7.781299726430853e-05, 7.069308524657972e-05, 6.519223329368822e-05, 0.00011109785599482061, 6.491755024298281e-05, 5.863878718126378e-05, 7.180622834370999e-05, 5.3715262099068465e-05, 5.107742283890516e-05, 4.945154781256238e-05, 4.8126129126087555e-05], "v": [0.8805648243004638, 0.00015703574268256145, 9.153299986654299e-05, 7.35039698050585e-05, 6.4192363290268e-05, 6.120482784793261e-05, 6.050535180381639e-05, 5.8338768278320326e-05, 0.00011241331701453204, 6.188490454379954e-05, 5.524788561303306e-05, 6.367182989914973e-05, 5.1218247369725815e-05, 4.9389784367815196e-05, 4.763082999195578e-05, 4.5450645223741704e-05], "u_base": [0.750891317955458, 2.4768319895654194e-05, 1.5377221976910735e-05, 1.5113683421779703e-05, 1.442973268061075e-05, 1.4125680854142713e-05, 1.366475737831769e-05, 1.2984541468861469e-05, 1.4519610479504067e-05, 1.2619294086413125e-05, 1.2180113997622823e-05, 1.2556303105243266e-05, 1.1501719342248823e-05, 1.080819942049076e-05, 1.0305499585047717e-05, 9.936660377543638e-06], "v_base": [0.1611716010884839, 4.520127077207432e-05, 3.354582750959947e-05, 3.0394821688039984e-05, 2.8253807538818837e-05, 2.6963094519281e-05, 2.5491006779268645e-05, 2.448024664267456e-05, 3.242476228248427e-05, 2.3595512982456186e-05, 2.258414676918348e-05, 2.7489646387244047e-05, 2.227315477436877e-05, 2.2040453798459777e-05, 2.2386709856430932e-05, 2.205135234206298e-05], "s": [1.4018188823672675, 0.00017325971517547157, 0.0001240711999057512, 0.00011236100999520931, 0.00010354012258878037, 9.742732804514979e-05, 9.199991904418563e-05, 9.106453835512721e-05, 0.00017867442921252138, 9.900994475050862e-05, 8.897046465341425e-05, 9.677350644040841e-05, 8.080866035935036e-05, 7.904195745150965e-05, 7.656344881575947e-05, 7.21357725905718e-05], "H": [0.7745889831511327, 0.002824272551159354, 0.0023137049254059548, 0.0019956824107306534, 0.001806148107507932, 0.0016566649373051258, 0.0015357730723367772, 0.001419511823077103, 0.0016580314538530646, 0.0016391777825991696, 0.0013045256675429538, 0.0013507816947286426, 0.0011801965281880216, 0.0011566478760120962, 0.0012485709515461867, 0.0010645160043776056], "C": [0.054979614403941696, 0.0005133190259933472, 0.00046680862280774747, 0.0004434159266547756, 0.0004205255375816628, 0.0003965300286046992, 0.00036963122060637294, 0.0003480174870241512, 0.0003890746308839308, 0.00033323918703478847, 0.000318766974856918, 0.0003287817827307645, 0.0002907871944568596, 0.0002783021612527123, 0.0002681639196376229, 0.00025856910206284006], "steps": [0, 10000, 20000, 30000, 40000, 50000, 60000, 70000, 80000, 90000, 100000, 110000, 120000, 130000, 140000, 150000]}