{"fMOLHO 1": [0.00040542767671948994, 3.8250018600969905e-06, 3.747733808686136e-06, 3.7501570423322118e-06, 3.693886524774969e-06], "fMOLHO 2": [0.00046122885981591025, 1.6447858817302742e-06, 1.6450678117486708e-06, 1.5267809004308417e-06, 1.5209501898956676e-06], "fMOLHO base 1": [0.00023803190850122188, 4.9589151080115445e-06, 4.938630710988844e-06, 4.945678627670931e-06, 4.919015070649712e-06], "fMOLHO base 2": [0.00024026490344660194, 1.449478607018591e-06, 1.48998323195749e-06, 1.425263538859015e-06, 1.4026969172200931e-06], "u": [0.31427297663080556, 7.967107128094944e-06, 6.1341184809670215e-06, 5.338266325261174e-06, 4.976863297672376e-06], "v": [0.06098592829004774, 1.0639371001090559e-05, 7.060269983655817e-06, 5.7900746847685815e-06, 5.575960729016095e-06], "u_base": [0.022513445767948555, 1.080091300061511e-06, 1.5733445170258227e-07, 4.6878530328847533e-08, 6.672979978683244e-08], "v_base": [0.10882390720850221, 1.0472996418084643e-06, 1.428355828980113e-07, 5.2784230111597675e-08, 3.969894968855614e-08], "s": [1.4815515268219688, 1.8994899140149906e-05, 1.4964201451813814e-05, 1.524620133022127e-05, 1.2421488421223908e-05], "H": [0.13608943232641404, 0.00034588758689651865, 0.00024242724208054913, 0.00022528500709054629, 0.00019555592787987182], "C": [0.03850154033599573, 4.632400463539153e-05, 2.7670065227476026e-05, 1.987144312985657e-05, 1.576601453013509e-05], "steps": [0, 10000, 20000, 30000, 40000]}