{"fMOLHO 1": [113.7877903802387, 0.007480691464252085, 0.0023236477665109887], "fMOLHO 2": [54.67692931644935, 0.0014670867637363017, 0.001516105896058471], "fMOLHO base 1": [77.24866965373336, 0.0016655028606668639, 0.0020564967919396793], "fMOLHO base 2": [49.616980354766, 0.006880989102940795, 0.005643528580118799], "u": [0.8239990809789668, 0.005348664202339264, 0.0012149678658962292], "v": [1.4577697298675498, 0.011483591772181318, 0.002527220749927832], "s": [0.37194578963589986, 0.0491504761699833, 0.04828327999701766], "H": [2.2288254637734517, 0.0377778593068475, 0.0068950154271783925], "C": [0.0496204660365925, 0.00957582942128324, 0.0015565214847751468], "steps": [0, 10000, 20000]}