{"fMOLHO 1": [0.0008015974795098676, 1.914325883956065e-07, 1.4917129610462159e-07, 1.789784778638507e-07, 1.705258336753745e-07], "fMOLHO 2": [0.00037802546613539665, 2.3018780594118646e-07, 2.1254879894399065e-07, 2.2703164686689405e-07, 1.9751128458747463e-07], "fMOLHO base 1": [0.0005141865155615114, 1.9923271890581571e-07, 1.885317407796012e-07, 1.895617026723934e-07, 1.9302776805793764e-07], "fMOLHO base 2": [0.00024039914382557325, 4.12198668122403e-07, 3.980129789131594e-07, 4.048105187352586e-07, 4.1691484840424124e-07], "u": [0.33856867332885354, 0.00024322142873863057, 0.00010514762496892614, 8.802453550098403e-05, 8.042918757115517e-05], "v": [1.3760602023750852, 0.0002951931140371262, 0.0001315663118313096, 0.00010595818926577447, 9.786918295186463e-05], "u_base": [39.51509979608848, 0.0004145691444243174, 0.0002787347500314573, 0.00020582327674122702, 0.00013887223602640004], "v_base": [44.605440941462284, 0.0003742754435048722, 0.00019373285900417246, 0.00016308477186158753, 0.0006089498622019368], "s": [15.292406593665259, 0.0005709226190413202, 0.0005471945973309988, 0.00042392999824262384, 0.0003828375996250135], "H": [3.097742606734897, 0.005450064102747464, 0.0038609090912329756, 0.0029741309325688197, 0.0029728383370456013], "C": [0.06198763193737793, 0.0005711555832864271, 0.0005274261851135926, 0.0005096917535169061, 0.0004949466518362045], "steps": [0, 10000, 20000, 30000, 40000]}