{"fMOLHO 1": [205.65021956331435, 0.0015678649200211601, 0.004593224624324735, 0.0036643744048817806, 0.011477004327583222, 0.007440269311903961, 0.0066650494872330145, 0.001173823663708049, 0.010131049984629967, 0.002044653499820699, 0.0025073222554017507], "fMOLHO 2": [112.76107476671524, 0.002265036758750614, 0.008254266492911532, 0.00879241135631774, 0.001698135838720661, 0.0035393618741101653, 0.003620358773018144, 0.020890563750153236, 0.007376597225943198, 0.01428691089199428, 0.002640650147919575], "fMOLHO base 1": [122.3110604290907, 0.013312614750666165, 0.0017682598081506513, 0.0018281644192262156, 0.0006480265774351561, 0.0017696320582494048, 0.003687744504904829, 0.0008466209834883156, 0.007699769770597345, 0.002077585988480155, 0.012005836067400438], "fMOLHO base 2": [66.7147031639, 0.0523167166336084, 0.0064892086042429836, 0.009681597838839115, 0.0017470314374962107, 0.003949215030773991, 0.012931115873266369, 0.00291262042932703, 0.02587895225862874, 0.005629258560360125, 0.04971806078344286], "u": [0.13684897551693304, 0.0024000925203816383, 0.006734305031397256, 0.00741932384410702, 0.005916684813406649, 0.004892818314101248, 0.006343784932779936, 0.0049351554926975235, 0.0029933551989852676, 0.002960657730697717, 0.002255661894653336], "v": [0.41939302647615195, 0.006097589978108938, 0.016955209883279122, 0.02136181305442039, 0.019627580717085074, 0.011647969903088598, 0.019205954463122368, 0.011463570620463786, 0.00545076854669643, 0.004843092761779506, 0.006525515940556606], "u_base": [0.15094753758013266, 0.0004935514821546202, 0.000398758156909679, 0.0003617416280978675, 0.00020565628681298005, 0.00014104530943865508, 0.0001759810071650755, 0.00015185965404338313, 0.0001592100193807554, 0.00015155288711367554, 0.00025703918518763885], "v_base": [0.08553219121248486, 0.0016405170086123998, 0.0013348989529894807, 0.0015541309549081134, 0.0012092189023653586, 0.0011169343052861336, 0.0011149684309087716, 0.0013826637809687722, 0.0011304231230624088, 0.001087552111594311, 0.0022382207550312536], "s": [4.904956127453535, 0.06672413209654848, 0.24597995405097312, 0.24593319023676702, 0.24615363030514856, 0.23790010144393128, 0.2453983293508372, 0.2432780985223262, 0.1544252736063571, 0.2328022435197708, 0.05518830956377745], "H": [2.33896814784713, 0.03219863480233507, 33.54150298548248, 11.03094085830564, 1.3166126122145767, 0.19235149971481505, 29.285915015037546, 0.3743243421004109, 0.03972101349988713, 0.04979352534338665, 0.018413466920424587], "C": [0.052961260671882955, 0.004179286377789536, 0.016872989780163397, 0.019354032267327768, 0.009057742107349746, 0.007634100202362341, 0.009888902597749025, 0.008175670967638233, 0.0026142971883912967, 0.006781943495278712, 0.0026714588706126204], "steps": [0, 10000, 20000, 30000, 40000, 50000, 60000, 70000, 80000, 90000, 100000]}