{"fMOLHO 1": [99.64125755959932, 0.002000862170825701, 0.0001711377132947571, 0.00017541957144776826, 0.0001397147892308966, 0.0001214136087615221], "fMOLHO 2": [84.0626781894705, 0.001085478798137196, 0.00021132848446062593, 0.0002950934981341547, 0.00020365088513339845, 0.0001638545344503605], "fMOLHO base 1": [58.79282340808352, 0.0010838143953250958, 0.00014682101050751844, 0.00010037672227219179, 8.863900905043536e-05, 0.00011434495397247852], "fMOLHO base 2": [45.96794262372052, 0.0008063643461130879, 0.00018713989322873784, 0.0001288754554826239, 0.00011826969976264807, 0.0001333606959697794], "u": [0.020270817000054783, 0.00017481027827330047, 7.77010748281645e-05, 6.0313925652519895e-05, 5.031596061056432e-05, 4.466488198988982e-05], "v": [0.10678044023403248, 0.0003324154408718858, 0.00013965358443598786, 0.00011119442114883344, 0.00010252067944021927, 9.731546972035232e-05], "s": [5.159902097764999, 0.0012038329372042007, 0.0007749115760870286, 0.0007553723717261886, 0.0007791646198975269, 0.0008147422941552324], "H": [0.8545993397995815, 0.008994828745938864, 0.00524275536661853, 0.0041922672800081, 0.003808016793787037, 0.0036569996182136974], "C": [0.04374452223967224, 0.008717092800990527, 0.008337663925690028, 0.008168887011455109, 0.008071857170904745, 0.008002334433698143], "steps": [0, 10000, 20000, 30000, 40000, 50000]}