{"fMOLHO 1": [6.134899569552142e-05, 3.4615617990201966e-07, 3.706563081467e-07, 3.556440542509678e-07, 3.5637455854581074e-07, 3.459718823301784e-07, 3.276344079269763e-07, 3.2732984200418277e-07, 3.18060606367102e-07, 3.22746175208242e-07, 3.267842722192719e-07, 3.1321876591254127e-07, 3.453876241166158e-07, 3.2819288853562136e-07, 3.2531705995664894e-07, 3.2299804880865275e-07], "fMOLHO 2": [5.805687089532805e-05, 3.9082593122826206e-07, 3.8046022643279697e-07, 3.772618395308458e-07, 3.727352094136999e-07, 3.8504895674399403e-07, 3.679882771186585e-07, 3.6594367365205003e-07, 3.6907181080958616e-07, 3.677306879820728e-07, 3.6582980301628544e-07, 3.820436448492987e-07, 3.622186416210862e-07, 3.6689158763184726e-07, 3.6873931447107547e-07, 3.701875692793305e-07], "fMOLHO base 1": [3.9144135546680423e-05, 3.0264395727116783e-07, 3.238705279604409e-07, 3.171391656827346e-07, 3.167239191816576e-07, 3.110278760955586e-07, 2.9686668243133593e-07, 2.9704986504509383e-07, 2.923758273835406e-07, 2.936760661677164e-07, 2.9865035655064787e-07, 2.929428761871296e-07, 2.9120797057405505e-07, 2.9406867400354673e-07, 2.931830160517487e-07, 2.937169482024507e-07], "fMOLHO base 2": [3.329149174498307e-05, 4.820257798370994e-07, 4.85311308336402e-07, 4.876549663774354e-07, 4.830222386730645e-07, 4.862988085608955e-07, 4.846762466088739e-07, 4.851058921071604e-07, 4.843925357243279e-07, 4.866973620621761e-07, 4.903676400274656e-07, 4.873764346113013e-07, 4.906471752931957e-07, 4.9739483774545e-07, 4.957018826461683e-07, 4.948002622847746e-07], "u": [0.060788299381452436, 0.00010597078572064765, 7.915307901619672e-05, 6.891201681721587e-05, 6.0353388609548854e-05, 5.71573734137345e-05, 5.131791855920668e-05, 4.6141802228935345e-05, 4.266807020623217e-05, 4.104034520559502e-05, 4.064092835298027e-05, 4.119289191610283e-05, 4.1475269133086414e-05, 3.784546531194659e-05, 3.6732383965319304e-05, 3.554308578880054e-05], "v": [0.2462101670708805, 0.0001022983833560613, 8.222584677056261e-05, 6.808877848632159e-05, 5.880446977399453e-05, 5.1962084928174155e-05, 4.6069790180226775e-05, 4.420072368188547e-05, 4.447169326807373e-05, 4.433271970767524e-05, 4.3457364275338024e-05, 4.0865165414811225e-05, 4.2634351390923044e-05, 3.766558889497341e-05, 3.634687041199237e-05, 3.49317525991321e-05], "u_base": [0.07132932498146222, 1.8424645823633075e-05, 1.3528406777442515e-05, 1.3442944371256331e-05, 1.3542700546793508e-05, 1.3928137405655233e-05, 1.3363529455178361e-05, 1.2732746402839308e-05, 1.193126952357244e-05, 1.1236942099627869e-05, 1.0708369096117334e-05, 1.0356004970428502e-05, 1.0683747643743635e-05, 8.639239560713909e-06, 8.17023182292986e-06, 7.837876725328273e-06], "v_base": [0.05512136827046896, 3.084922498318378e-05, 2.2007187487808408e-05, 1.790286700979787e-05, 1.7234136055634926e-05, 1.7769868786577322e-05, 1.697169495325915e-05, 1.5806214360687828e-05, 1.511269869931918e-05, 1.4844707596499917e-05, 1.4855114879121258e-05, 1.53897262007059e-05, 1.4701185680283815e-05, 1.4378085610101553e-05, 1.3986605218319789e-05, 1.378705743018766e-05], "s": [0.45801622837456163, 0.00011162492317127029, 9.059264775457227e-05, 9.067335789239271e-05, 8.921687414586064e-05, 8.267922613854677e-05, 7.242308560970966e-05, 6.681951781117255e-05, 6.503597952206124e-05, 6.384344054918813e-05, 6.364017852579561e-05, 7.040820772219247e-05, 6.256095554101018e-05, 5.876671837171153e-05, 5.692586803243517e-05, 5.507138093479023e-05], "H": [0.39349219647101896, 0.0027205997528129155, 0.002186341451018864, 0.001865704211588423, 0.001650089579113214, 0.0014986098570962344, 0.0013656950833582527, 0.001277439922605216, 0.0012112578764968923, 0.0011533559194565415, 0.0012566104999553733, 0.0010629899384099447, 0.0014017265400155486, 0.0009922100230387147, 0.0009680320414997581, 0.0009352061603279412], "C": [0.05179932966563802, 3.542176584401365e-06, 2.859614348353675e-06, 2.8501246098718475e-06, 2.797862847590742e-06, 2.9370911512233723e-06, 2.874238662447956e-06, 2.8304460675144594e-06, 2.7728532370012386e-06, 2.725245573601361e-06, 2.7507553420381122e-06, 2.7173923661776623e-06, 2.995314788748269e-06, 2.8122226566491783e-06, 2.8134241011285247e-06, 2.8147749680896097e-06], "steps": [0, 10000, 20000, 30000, 40000, 50000, 60000, 70000, 80000, 90000, 100000, 110000, 120000, 130000, 140000, 150000]}