{"fMOLHO 1": [150238.72729411584, 1599.851848436251, 1616.7844808811446, 1793.8016620705614, 1941.145547137652, 1962.40023605034, 2117.871964775013, 2228.5748018525383, 2090.9777479271697, 2070.8555591338977, 2096.090013107286], "fMOLHO 2": [1061493.0110984975, 5128.859982578932, 5042.760024863947, 5426.660785632223, 6412.932781995, 5754.503157653256, 6455.574405979939, 6459.3281530338445, 6683.156938673165, 6848.073880839218, 6529.331894392025], "fMOLHO base 1": [85546.35466295504, 11054.073678290884, 11009.545238088227, 11048.560868348106, 11802.244719803866, 11940.354447435217, 11325.991708682892, 11148.593657768035, 11531.653488454986, 11367.263095481689, 11611.967135663888], "fMOLHO base 2": [341114.2476833821, 36632.54551139087, 38458.10865087701, 38322.51265723225, 42945.423749359914, 42881.319204853455, 39001.74231485977, 38286.01712386561, 42231.06498920347, 40256.25020397265, 41426.92868298442], "u": [796.595106186238, 8.997580979370987, 14.078160681718263, 16.20535693042694, 17.690160184386198, 19.885804507229444, 20.72719604111098, 17.839573719174716, 19.150293045102586, 16.423004879090225, 16.96288824385866], "v": [2132.7058255279353, 53.71593655630938, 60.6141015906127, 60.06658947146113, 69.91136477458375, 74.60577636011318, 84.69768939068506, 96.47797794371137, 97.09355958317961, 97.50650424869848, 105.27000503994911], "u_base": [34376651613559.188, 11457490168.875187, 5796638566.522527, 3816001634.708359, 3160560779.614734, 2549140914.7186384, 1939267770.2166352, 1826077200.396573, 1550189709.0798714, 1345859915.5859544, 1138084478.8011923], "v_base": [123263658056800.64, 26530955382.724792, 11756340650.731247, 7655428631.616121, 9087690364.384256, 5726527264.315114, 3320520930.56055, 3554841572.296881, 3280686816.0420284, 2167903523.1888237, 1410552901.6662784], "s": [3.605603119878527, 4.350252915600524, 2.945346612187497, 4.506960874983394, 7.406355819968227, 6.094876328206402, 6.374903240518948, 5.632791265030108, 4.439505869757199, 3.978340772039143, 3.292403406452412], "H": [6.459692603139184, 3.252839620402373, 3.6800790904859584, 4.285314823306712, 5.374695743801331, 5.8324109781132325, 6.246754286794007, 6.9178381378894285, 6.943763133106946, 7.559182627499315, 7.214046498575409], "C": [0.041290673864578104, 0.0970887256050567, 0.08291855175514057, 0.09055898910723971, 0.09095401126245795, 0.0918423586056945, 0.08998201779932291, 0.09166042995152676, 0.09470719280795524, 0.09300111937768728, 0.09503297276291574], "steps": [0, 10000, 20000, 30000, 40000, 50000, 60000, 70000, 80000, 90000, 100000]}