{"fSSA1": [15.161339144114134, 0.0002753669578066092, 0.0004211923837466964, 0.0004722849424980807, 0.0005525226278975805, 0.0002274730218368976], "fSSA2": [79.0574078386166, 0.00021673442034611694, 0.00023216930240505372, 0.00042863694250062185, 0.0002446801341390269, 0.00025600124921244024], "u": [0.0031089710939599742, 0.0003001877325434149, 0.00024139173143808694, 0.00023446985066453548, 0.00021843043024565291, 0.0001882739440192207], "v": [0.01803822273161216, 0.0008082771535909444, 0.0005537525782633991, 0.0004964498466024229, 0.00045249738480551823, 0.0004134447438702281], "s": [0.5191037529789866, 0.0017953779147442948, 0.0012208151386974902, 0.0010169666655139608, 0.0009584464742741319, 0.000756084553767463], "H": [0.12011213892105109, 0.010465532181951571, 0.00862349815835439, 0.007754076659755554, 0.007102298054561505, 0.005896573314534948], "C": [0.17535081936241334, 0.002374481799347632, 0.0016982177186370578, 0.0014547644853302648, 0.0013589400307934196, 0.0012046761128045222], "vel log": [0.006650179591089255, 0.006012516268284555, 0.0058852612633840985, 0.005824796892559638, 0.005819847761626825, 0.00578990552421306], "steps": [0, 10000, 20000, 30000, 40000, 50000]}