{"fMOLHO 1": [0.00036744836076182795, 3.5232657264452345e-07, 3.1525814715644183e-07, 2.914358375782238e-07, 2.9573558580528613e-07], "fMOLHO 2": [0.00017126874748573778, 3.681447791389696e-07, 3.731159405177318e-07, 3.6272291981112374e-07, 3.9877724654683387e-07], "fMOLHO base 1": [0.0002344493977803074, 2.987421522269476e-07, 2.791957723878304e-07, 2.6316058711494353e-07, 2.588374361340324e-07], "fMOLHO base 2": [0.00010776908185779728, 4.845676782188991e-07, 4.903474943629407e-07, 4.853250989930029e-07, 4.806737415108657e-07], "u": [0.24578484399907816, 0.00051569121646982, 0.00034995385420121596, 0.00029368890532962817, 0.00027080948353731083], "v": [0.19952584547989047, 0.000594130477646312, 0.0004671880162304422, 0.00041940424008201786, 0.0003789889373374542], "u_base": [17.588084689468594, 0.0007523358628998117, 0.0004829323591430176, 0.00042649318534483617, 0.0004464873650772812], "v_base": [16.403081570458728, 0.0006927351090116877, 0.0005437824000820272, 0.0004785170232160528, 0.0005727673391986652], "s": [17.988155573970946, 0.0010419808163500252, 0.0009629389368556069, 0.0009071370969129605, 0.0008514311845470115], "H": [0.05361345649860998, 0.0016358395636590266, 0.001382434624069017, 0.0012384864205080052, 0.0011171913815596415], "C": [5.287016612614464, 0.01836933858681572, 0.012116903212338173, 0.009560285497529073, 0.008186083309574894], "steps": [0, 10000, 20000, 30000, 40000]}