{"fMOLHO 1": [208.45978709158757, 0.003714286042125997, 0.00563273807017683, 0.003608507660058161, 0.005048403300818717, 0.0017053941915026176, 0.002296207479327356, 0.005466379584855343, 0.0031978083317826013, 0.004873868119755906, 0.003492317459944583, 0.0029412677357562728, 0.003162889044873602, 0.0028605108812623367, 0.002778758397510832, 0.0028406338674434313, 0.002834495041815024, 0.0028419292779241286, 0.002711154387189291, 0.0027931948343878923, 0.0027254691640565035], "fMOLHO 2": [300.5119151420336, 0.010493592390037948, 0.007820764000674142, 0.004500563498558096, 0.006323820480709129, 0.009573361360924239, 0.009293440079678889, 0.01180113463663242, 0.0067966932712210885, 0.00903853019797873, 0.004936031823683184, 0.004417616555389401, 0.0038699354422748536, 0.004447833192339634, 0.0035137596289315553, 0.004040860861049846, 0.0036543493353442713, 0.0034665796745851434, 0.0033318661864084765, 0.003369381977130314, 0.003330970397888777], "fMOLHO base 1": [178.21916373481946, 0.004482638027014611, 0.013985752678674067, 0.01364267764026252, 0.011949124228820262, 0.0011360704470967816, 0.0023817017623270014, 0.007124487531789717, 0.0017107627001237571, 0.004691435255149378, 0.011857880322857402, 0.01162938201235426, 0.014780193358009022, 0.010764109974618633, 0.011167244763830578, 0.01083734682029986, 0.01121188071319493, 0.011182714064737408, 0.012083112384516696, 0.010781433111639305, 0.011635589816709707], "fMOLHO base 2": [210.78959872289047, 0.0061269042249423354, 0.033665788950106613, 0.04814551787939353, 0.043953246742305545, 0.003922485737762444, 0.007661654517381297, 0.029291247188686472, 0.004333914020782099, 0.010992843426906113, 0.04197147069412099, 0.04299139038909643, 0.04732751464341929, 0.03728619527035201, 0.038853505054628444, 0.037983251599847376, 0.03606875128413012, 0.03701579461332831, 0.03950891881103748, 0.03393504512189482, 0.03677681943593885], "u": [1947.3367380547515, 0.014517454384899035, 0.006148272286496756, 0.004766595878960053, 0.004793535990552502, 0.005131218425335739, 0.004678374241043491, 0.014897440306864452, 0.004689332879976114, 0.004552063768386994, 0.006030308337455658, 0.004795896006838091, 0.0030374637176608407, 0.006681193089345779, 0.0054177963977388235, 0.007510452919660082, 0.006549511249218549, 0.004491582433635187, 0.0038350641324324712, 0.008819247484967884, 0.004038963071457652], "v": [386.0970995853931, 0.01620860235331777, 0.013976482628567915, 0.016591586529232167, 0.01611100479079787, 0.013858884766285587, 0.012144260900269188, 0.026924328387989548, 0.012405714150535898, 0.011098429703352713, 0.01949430379636951, 0.017719877324780378, 0.014104268540323246, 0.021362241268989755, 0.019535368868384424, 0.019511777828962205, 0.025028183049486973, 0.020576300843074918, 0.017021418934420704, 0.02582864860225389, 0.019028147985291802], "u_base": [22.271590036373187, 0.037646131772636426, 0.03354945116576379, 0.013240136844535007, 0.009769869626120076, 0.03680429704125449, 0.03590636673246352, 0.014710596251463296, 0.03645698293091006, 0.033311991979202725, 0.008419909047180901, 0.004255661913976989, 0.003763053657266304, 0.0033535926909165625, 0.0030796905469705994, 0.0028386059268777158, 0.002691134069395026, 0.002613436582054601, 0.00241529151066759, 0.002421075619403249, 0.0022488213155855657], "v_base": [4.914966278406697, 0.20535373315621605, 0.15506054041985076, 0.03965914856130418, 0.025799655915636033, 0.21927959180155057, 0.18132809725613597, 0.04733563710165896, 0.17742697100612442, 0.1573197038955233, 0.022252111296726367, 0.011654750312055828, 0.009365511781069967, 0.00848833067453769, 0.007600976464664543, 0.007291453788037697, 0.006645111569582546, 0.006748876344700643, 0.0061143195929084316, 0.006181819988290746, 0.005735927439110656], "s": [6.345398863208314, 0.24314819406313318, 0.12102255910830857, 0.07060785931911878, 0.08299719067353689, 0.24376202877021153, 0.2354315963727496, 0.1129009657458054, 0.2404787548997211, 0.2181486598919672, 0.07526970308586595, 0.054995339135505666, 0.05168017664365725, 0.04895475344417837, 0.04719186441310814, 0.046139322774431425, 0.04484843487792632, 0.04466376872223022, 0.04348516449980273, 0.04310165517061405, 0.04255724763150292], "H": [8.889583552452804, 0.8937724735722679, 0.09079021823192171, 0.034466539080216164, 0.04222540430532713, 11.933339008806785, 0.20758375611926788, 0.05102453981968207, 6.167188533839344, 0.12206114051633266, 0.03374326844408225, 0.022814334894959796, 0.01922736265359935, 0.019833997329596013, 0.016869653818664676, 0.018027639611444296, 0.015381937365136008, 0.016491025900301094, 0.01434077865752273, 0.014475032021322705, 0.013630291019044236], "C": [0.03885195289213273, 0.012330284458146072, 0.001665859653690998, 0.0009523916281813232, 0.0012190995754512203, 0.014775298944746319, 0.010621020616317556, 0.007132631275942594, 0.0084881770010351, 0.0076872499738644415, 0.0011760343405516883, 0.0006059567277822397, 0.00048041023284483387, 0.00040874877125011196, 0.00036084279384499, 0.0003947906432375039, 0.00038205384289818466, 0.0003741954188701257, 0.0004041326354334195, 0.0003863862271253081, 0.0003735613804830674], "steps": [0, 10000, 20000, 30000, 40000, 50000, 60000, 70000, 80000, 90000, 100000, 110000, 120000, 130000, 140000, 150000, 160000, 170000, 180000, 190000, 200000]}