{"fMOLHO 1": [0.04659011247522071, 1.7661087409183067e-05, 1.0865482680047107e-05, 9.594179831251619e-06, 9.599116115274736e-06], "fMOLHO 2": [0.02816813637726457, 1.9235391988576043e-05, 1.5330331162401006e-05, 1.539323403269265e-05, 1.3622687697484034e-05], "fMOLHO base 1": [0.03001740168377287, 1.7411739647621183e-05, 1.3190592071341426e-05, 1.241343291763112e-05, 1.208265477702492e-05], "fMOLHO base 2": [0.017698806933554582, 3.143208052870886e-05, 2.987754448885928e-05, 2.9399279866387725e-05, 2.935743902661957e-05], "u": [0.1754352365186542, 0.00016429523690212908, 7.330481398765049e-05, 5.730272645857476e-05, 4.189806562808818e-05], "v": [0.09222850936793074, 0.00020827609044887546, 7.454493446638492e-05, 4.347427121422084e-05, 3.240914284661175e-05], "u_base": [23.119189972983268, 0.00023534226565143286, 0.0001237740199095095, 0.00023695761602611506, 6.298508951561277e-05], "v_base": [16.086270321871314, 0.00017557101929335987, 8.509738035072176e-05, 5.9809115422356476e-05, 5.619834387665684e-05], "s": [1.7457991673384878, 0.00013972261524995352, 6.358886974832688e-05, 5.023254525746305e-05, 4.450938193318091e-05], "H": [0.10236426124791638, 0.000931884256031379, 0.0006129734828360328, 0.0005188021630563247, 0.0004644804161267905], "C": [0.04975608833158474, 0.00029680008022911584, 0.0002813228537485683, 0.00026579254284381937, 0.0002468872408993726], "steps": [0, 10000, 20000, 30000, 40000]}