{"fMOLHO 1": [78.77740005846583, 0.00030945291993152494, 0.00020799066425711992, 0.00015750901040281642, 0.000138054828288113], "fMOLHO 2": [86.11954931808233, 0.0003616215139186014, 0.0002914765630625811, 0.00025851706696197106, 0.00022182446957430104], "fMOLHO base 1": [46.2641088773476, 0.00029357536076117866, 0.00012034792755452253, 8.618941607458877e-05, 8.277450813095893e-05], "fMOLHO base 2": [52.354075290086094, 0.0005541780644942147, 0.00015990142618808092, 0.00013635272502709805, 0.0001218169516256054], "u": [0.006630790997550169, 0.0001970380372594917, 5.619156817712568e-05, 4.886750133416442e-05, 4.446626448517415e-05], "v": [0.013883553226023675, 0.00028079745470040797, 9.049600966029773e-05, 6.610312163154457e-05, 5.4675251738884676e-05], "s": [8.335591327358978, 0.0009389434147278346, 0.0007941659018608565, 0.0008436240129785586, 0.0008544559511323047], "H": [0.6768810606005272, 0.009210541112926046, 0.0054119161975587, 0.004377889262425274, 0.004056002098742406], "C": [0.05603604223339703, 0.0131419697967157, 0.012617330651105057, 0.01236628121141016, 0.012231344589409268], "steps": [0, 10000, 20000, 30000, 40000]}