{"fMOLHO 1": [0.000405141884083415, 4.6467639345525056e-07, 4.4792531986763753e-07, 4.959777004146939e-07, 5.318989493569799e-07, 5.356692314172041e-07, 5.606340092549986e-07, 5.439483410446541e-07, 5.326769432437586e-07, 5.469531363065817e-07, 5.914016344245294e-07, 6.509940272511155e-07, 5.92271970920549e-07, 5.910090183806303e-07, 5.871918977355716e-07, 5.865389474297268e-07], "fMOLHO 2": [0.0002959343865133017, 4.809259942497286e-07, 4.767357044436078e-07, 4.730671255167852e-07, 4.6438688724609375e-07, 4.643010457098068e-07, 4.4923950370206486e-07, 4.739078434384893e-07, 4.900895996021761e-07, 4.942186912283025e-07, 5.021753137333103e-07, 5.638525143204144e-07, 4.876252584343975e-07, 4.81227627859663e-07, 4.510106944955567e-07, 4.7060037675161763e-07], "fMOLHO base 1": [0.00026824336520191736, 3.658331104931085e-07, 3.710664504578632e-07, 4.04333402586534e-07, 4.272900761257249e-07, 4.269999673502272e-07, 4.444145331063633e-07, 4.3308494104084164e-07, 4.2583688329900155e-07, 4.3452606682835453e-07, 4.6281181011714926e-07, 4.910067658701332e-07, 4.6413750578610277e-07, 4.608319292848599e-07, 4.651910293623151e-07, 4.5906108247781916e-07], "fMOLHO base 2": [0.0001826636942766404, 5.382971195373308e-07, 5.397064017381524e-07, 5.446097969129416e-07, 5.457329161373311e-07, 5.365072037166e-07, 5.495019703569465e-07, 5.525893063812078e-07, 5.629394976146668e-07, 5.777897182221816e-07, 5.628269495742848e-07, 6.023271228274466e-07, 5.647704715290196e-07, 5.550057875653488e-07, 5.554132512817982e-07, 5.49209113359384e-07], "u": [0.06413227906430041, 0.00013308963553449523, 9.70022881278436e-05, 8.642484061406822e-05, 7.541374249798453e-05, 7.82545036233441e-05, 7.130720790981418e-05, 6.138761144841726e-05, 5.822672385297899e-05, 5.565386159695821e-05, 6.57658455457381e-05, 6.690776456410466e-05, 5.4470061771379575e-05, 5.131003186786125e-05, 5.127862132347908e-05, 4.846701518278329e-05], "v": [0.4957201067915031, 0.00011737464714659082, 8.728579506328741e-05, 7.125789569395957e-05, 6.071616440840888e-05, 6.082953879098369e-05, 5.8942598246581965e-05, 4.9823675147742184e-05, 4.750106241782462e-05, 4.591659521270733e-05, 5.295817168849141e-05, 8.177795034848331e-05, 5.177888868904553e-05, 4.642579541197696e-05, 4.5675377681852554e-05, 4.224177464609656e-05], "u_base": [0.17164105286693945, 1.543583490153701e-05, 1.264633312769788e-05, 1.2218837868159038e-05, 1.1242466883684288e-05, 1.001322146235676e-05, 9.56916509282622e-06, 9.025612224777665e-06, 8.84503580644739e-06, 8.634474101671737e-06, 8.789996455491474e-06, 1.07535060401996e-05, 8.922775920611715e-06, 8.670551355447993e-06, 9.33214863442699e-06, 8.325457311969776e-06], "v_base": [0.18403946249899716, 3.4677028502662036e-05, 3.007361348763734e-05, 2.2859763528683857e-05, 1.9782802711777505e-05, 1.8214700085762984e-05, 2.0492917448595664e-05, 1.6696183570301064e-05, 1.610311565403186e-05, 1.5488769218624745e-05, 1.5937828921788563e-05, 2.130401938369106e-05, 1.69747380267137e-05, 1.6198860156290436e-05, 1.707854700702607e-05, 1.53918438667923e-05], "s": [1.809222291852829, 0.00013349149350340024, 0.0001103359379106128, 0.0001045285416107065, 9.667309322112039e-05, 9.637120635081399e-05, 8.911197061612352e-05, 8.264901377860943e-05, 8.17256237660789e-05, 7.951544791181846e-05, 9.649664025076409e-05, 0.00010917161930349443, 8.286607253981137e-05, 7.656621948956885e-05, 0.00010918175220572944, 7.308787359207556e-05], "H": [0.6302006336603403, 0.0027110083413132363, 0.0021019431786746174, 0.0017992296002410123, 0.0016281292107253416, 0.001575503612548172, 0.002738122531426076, 0.001339657120951496, 0.0013069132574052248, 0.0011940055774274315, 0.0011993221870210534, 0.0011922797096292341, 0.001097039418992061, 0.0010630496698997615, 0.0011287823415554066, 0.0010723960657469638], "C": [0.0258446892140622, 0.00026219116060571514, 0.00025237259435328485, 0.0002489040093550521, 0.00024297306127679379, 0.0002361957108531964, 0.00023128916108654525, 0.00022484773855694243, 0.00022176964342541323, 0.00021902201909011431, 0.00021848315094567596, 0.00021896592969755646, 0.0002029821175684812, 0.00019545943373500883, 0.00019053631732667152, 0.00018619901973319062], "steps": [0, 10000, 20000, 30000, 40000, 50000, 60000, 70000, 80000, 90000, 100000, 110000, 120000, 130000, 140000, 150000]}