{"fMOLHO 1": [104.25087681041163, 0.0016737100479211368, 0.0006656481876625819], "fMOLHO 2": [84.48826906035366, 0.0016445350754132188, 0.0006122343999354334], "fMOLHO base 1": [78.08332941844495, 0.002026501636151122, 0.00154648501347043], "fMOLHO base 2": [68.07335096149183, 0.010259533905001951, 0.008023805772782888], "u": [639.8392793512144, 0.002088008384111138, 0.0013996142366249514], "v": [577.0442924740074, 0.0033254526232134006, 0.0014001984156470104], "s": [0.5122366498526795, 0.04805450881338224, 0.0446452310753167], "H": [0.2869022141443852, 0.009022403906030443, 0.004865271508870722], "C": [0.05064688661372105, 0.0018220888724793148, 0.001155471386089449], "steps": [0, 10000, 20000]}