{"fMOLHO 1": [8.376522150330122e-05, 1.7102340843090713e-07, 1.461497586131161e-07, 1.281971727965403e-07, 2.0996724098377396e-07, 1.3633897297312314e-07, 1.3703967207084516e-07, 1.4091075253107696e-07, 1.4123325634389769e-07, 1.427864661992834e-07, 1.4243071863047055e-07, 1.3570633969414471e-07, 1.4008063590567007e-07, 1.3688430995274529e-07, 1.4086893301136068e-07, 1.414402845147745e-07], "fMOLHO 2": [6.749600189819894e-05, 2.3699058455976218e-07, 2.304857687094273e-07, 2.072382214254095e-07, 2.5859502711547834e-07, 2.079429768772805e-07, 2.0888468235593687e-07, 2.0959602748642292e-07, 2.1913794681830945e-07, 2.088720422657207e-07, 2.0467086008151987e-07, 2.1855218976127156e-07, 2.072279313696447e-07, 2.0826596634876182e-07, 2.1261858869854844e-07, 2.0981008209205202e-07], "fMOLHO base 1": [5.0720537997236444e-05, 1.850688436098504e-07, 1.7989761428617457e-07, 1.762514571011989e-07, 1.7715995413588237e-07, 1.7585856541798013e-07, 1.7809003399084598e-07, 1.7785668112249656e-07, 1.7864957436320992e-07, 1.797792102011451e-07, 1.801991555016012e-07, 1.7937024516063883e-07, 1.794277184106756e-07, 1.78792694836297e-07, 1.791341719253104e-07, 1.799806132729845e-07], "fMOLHO base 2": [3.480883956123294e-05, 4.15984601094345e-07, 4.0262444109130523e-07, 4.053200952190545e-07, 4.073526438378952e-07, 4.093975525541217e-07, 4.085909922001253e-07, 4.058617176960468e-07, 4.0625591665171334e-07, 4.059053381043309e-07, 4.063836432690276e-07, 4.060529288923343e-07, 4.0556752098182644e-07, 4.0575321948830806e-07, 4.06911023351065e-07, 4.066849401707075e-07], "u": [0.09241126729614679, 0.0003054089959541622, 0.00012250045838571564, 9.023643672923381e-05, 0.0001297984039122956, 7.153783707796675e-05, 6.771483903419738e-05, 6.323643572352638e-05, 6.167935917526812e-05, 6.0066963468001314e-05, 5.8141986852435156e-05, 5.616739278377724e-05, 5.4014935376531e-05, 5.354072429312774e-05, 5.380715430452349e-05, 5.341394595719816e-05], "v": [0.14697415980365264, 0.00039271240727536613, 0.00016291266661788473, 0.00011825779819978306, 0.00013133065267961522, 8.758429806557787e-05, 7.912146931005542e-05, 7.557583902567775e-05, 7.390179231272522e-05, 7.087202815769306e-05, 6.747507008458066e-05, 6.474529334798607e-05, 6.055559498343708e-05, 5.783431763660897e-05, 5.733374687367066e-05, 5.42462815993882e-05], "u_base": [22.82530739184695, 0.00035007835392708337, 0.00017176541729076183, 0.00018689843965806295, 0.0005355178525758352, 0.00010995202161836536, 0.00010454308174752664, 9.373270796392569e-05, 9.083059959276874e-05, 8.480874476761578e-05, 8.016314922162958e-05, 8.364420471667879e-05, 7.17253698868555e-05, 7.053441108198403e-05, 7.093029176152756e-05, 6.565542038662985e-05], "v_base": [122.69691557912354, 0.0004180431087918794, 0.0006488654263890128, 0.00023618368173388945, 0.0004923665013333508, 0.00013046958238923552, 0.00010080354702998246, 8.88612290547152e-05, 9.747326857820543e-05, 8.527585017749176e-05, 9.21388135714433e-05, 0.00012588213306203723, 8.04431502245252e-05, 7.993253161169895e-05, 0.00012816287271638126, 7.41808689226587e-05], "s": [4.2909965376446095, 0.0005170693434607726, 0.0008952998101122521, 0.0003558941160513794, 0.0004988712807596114, 0.0003201691565008984, 0.00030990952007877256, 0.00030459069253665973, 0.00030337316954644043, 0.00030037955782244403, 0.0002895770649871523, 0.0002845471681388536, 0.00027478149411164687, 0.00027716658680808956, 0.0003229471043659006, 0.0002651928632114515], "H": [0.05419026178918221, 0.00128215410916552, 0.0007399167018097372, 0.0006235345532832308, 0.0005744172642097788, 0.0005311105897410949, 0.0005155950815459968, 0.0005019159874872944, 0.000489565178632934, 0.0004759116854155567, 0.0004644669858049442, 0.00045407139876778497, 0.00044035608571409417, 0.00043003032303428853, 0.00042120426227186086, 0.00040758598649592246], "C": [0.4538091228492201, 0.004823384052781689, 0.0024709650148337296, 0.002099301158258927, 0.0018581906482775168, 0.0014361883727309593, 0.0012900870993929013, 0.0011400168502869988, 0.0010753910502103354, 0.0009895220576622225, 0.0009688784186862285, 0.0009107677947446916, 0.0008289460712106066, 0.0007953442401531822, 0.0007900871389305829, 0.0007147601140025325], "steps": [0, 10000, 20000, 30000, 40000, 50000, 60000, 70000, 80000, 90000, 100000, 110000, 120000, 130000, 140000, 150000]}