{"fMOLHO 1": [0.00014639718784674065, 1.3311301540304312e-07, 1.366785992697822e-07, 1.3049984033106064e-07, 1.349185363086603e-07], "fMOLHO 2": [7.435167472459928e-05, 2.1886344882071733e-07, 2.109996184534988e-07, 2.0089188738796953e-07, 2.1136853910350463e-07], "fMOLHO base 1": [9.346952101370109e-05, 1.6991872187482547e-07, 1.735924084027727e-07, 1.7125548244151294e-07, 1.7241432945602883e-07], "fMOLHO base 2": [4.377736545807834e-05, 4.038352906063908e-07, 4.0479972225920084e-07, 4.0035555192415734e-07, 4.0107550656493767e-07], "u": [0.0835297770101059, 0.00020605024050027073, 0.00010166660601060322, 8.183092538314131e-05, 7.432714892684688e-05], "v": [0.6752734610166061, 0.00025508405834320086, 0.00011355772532490022, 9.982659089511469e-05, 8.941678089528782e-05], "u_base": [7.739811449971602, 0.0002675983376210095, 0.00016843181315409533, 0.0001479686062306023, 0.00014381426281507786], "v_base": [12.830530966416408, 0.00022522860714441873, 0.00015832012099680856, 0.00012236365829993573, 0.0001309397211792665], "s": [7.697576422806786, 0.0004151836976599943, 0.0003622241767112406, 0.0003230329729625237, 0.00031908442721860237], "H": [0.08888577535815133, 0.0010376080167698693, 0.0007208604972442584, 0.0006320870813706202, 0.0005893196111941687], "C": [0.9315152239703953, 0.004274243304946245, 0.0023561102878850455, 0.0019352720952706055, 0.0017311959089495264], "steps": [0, 10000, 20000, 30000, 40000]}