{"fMOLHO 1": [77.76504093175724, 0.0036248596313759075, 0.0037569755442902818, 0.002039553200194729, 0.0026060044843787267, 0.0021258828661226484, 0.002773949580587028, 0.001818439647181052, 0.0030452747306060532, 0.005312744197726531, 0.0036991975772140556], "fMOLHO 2": [135.96637385985102, 0.00611888273248741, 0.0045943186430313, 0.0025348766718692956, 0.006985993387452121, 0.006926876596869648, 0.003966739627943586, 0.015030247776683055, 0.003822218788149798, 0.00956764597370522, 0.008278126485567085], "fMOLHO base 1": [39.51652027839099, 0.0013635933183605892, 0.0037807478708577077, 0.011518881187056565, 0.0010862025538735777, 0.0008922685658130886, 0.0012819748202834345, 0.0017966465555678747, 0.01060863267669167, 0.012113281067790901, 0.002130160990184058], "fMOLHO base 2": [81.85594662004112, 0.0041372883496282225, 0.011765824207756364, 0.04259565234104429, 0.0031902991675109666, 0.0039126815380327055, 0.0043873056658390325, 0.007604522029754821, 0.04702259391077444, 0.017414513512304004, 0.004414906985031027], "u": [0.18126287609887146, 0.006385202162058446, 0.005357436259637576, 0.004142549888122132, 0.006196317345636631, 0.006612680972095989, 0.006574781999058212, 0.005760358578812769, 0.0058444485689733055, 0.008477235798722409, 0.00638568032382754], "v": [0.5972016972438966, 0.01916137845980062, 0.015068883442553138, 0.014632165010294837, 0.01783052996890562, 0.018329721255518704, 0.01354864095147468, 0.01213772026955374, 0.01670562933306308, 0.025622224530207023, 0.019778061588475115], "u_base": [0.21638843880687247, 0.0002257256443009226, 0.00014283818096344158, 0.0015848247456558414, 0.0002808441035310315, 0.0002287000354672659, 0.00015055982523199177, 0.0001292652907987206, 0.000812884853980157, 0.0009180210590397907, 0.00014733122486984836], "v_base": [0.21095962004524552, 0.0011183160155380054, 0.001092796177279719, 0.009749069501947129, 0.001199030647886738, 0.0017132781589707174, 0.0008778353950064168, 0.001116304572650643, 0.006399373793971056, 0.0032688859370871006, 0.0011189536990710955], "s": [2.434562246229047, 0.24379250383720374, 0.22122524369593616, 0.05807895105511312, 0.24608344428852016, 0.2455324385524558, 0.2447410484725874, 0.24127565709251894, 0.07583106459228127, 0.23041623929495955, 0.24440352494298268], "H": [4.975970126076963, 2.956939898787302, 0.09436533022492909, 0.03180271501637154, 57.88697520703268, 25.931919215835748, 0.6798313888987491, 0.27080857483841475, 0.02922173212954228, 25.621067992379906, 89.39255758096098], "C": [0.11285059515204082, 0.011487600360768778, 0.0010149412340486484, 0.0013597381987394011, 0.010837929006062839, 0.01033260706041435, 0.009507030052419674, 0.005954239514816708, 0.002192262363810673, 0.02171869608466773, 0.006777878095390525], "steps": [0, 10000, 20000, 30000, 40000, 50000, 60000, 70000, 80000, 90000, 100000]}