{"fSSA1": [262.3428986554581, 0.006973913063205098, 0.0008238958513246709, 0.005056349730707994, 0.0010475823150232098, 0.00015389142531017656, 0.0007980779363372253, 0.00079466258866621, 0.00038018140119649145, 0.0006975588630330729, 0.003135652155754258], "fSSA2": [461.1452254711346, 0.006769914018809088, 0.0005669340547055765, 0.004257265773522117, 0.0008652721824690329, 0.0001600598643923746, 0.00026870872652546803, 0.0003386064054254779, 0.00011401688698673871, 0.00025982994038586634, 0.0006088376791735581], "u": [867.8983451898132, 0.006578683813535708, 0.0004590722403930102, 0.0005252473567499809, 0.00025215515753441764, 0.00016058144679289012, 0.00019185690616655446, 0.0001889914126476133, 0.00013867720608513567, 0.00016816519604940809, 0.0004688248886782413], "v": [801.0146739058216, 0.003980776914251139, 0.0005935992027541422, 0.0015765750842630932, 0.0007675940997267723, 0.00017657830147477704, 0.00018040379838521538, 0.00013466059028800867, 0.0001369188959752914, 0.00011799055928838106, 0.00014378481351819442], "s": [4.472056149491672, 0.004243813291093701, 0.00044301427111626825, 0.00033409231745051545, 0.00041638270982558305, 0.00028710832073367936, 0.0002835524375558689, 0.0002748376039539896, 0.00027657834857374103, 0.000260625882384304, 0.0002740552847535251], "H": [1.540016064429596, 0.006183393771789645, 0.001709399737745661, 0.0011025910575932717, 0.0010149045372101523, 0.0007651775904779371, 0.0006637291647347965, 0.000564968324116676, 0.0004889058688754152, 0.00044297855812300025, 0.00042761292520519133], "C": [0.05246208361806501, 0.006201263448455684, 0.003085191536765238, 0.0018185498607490582, 0.0018215927059763843, 0.001179889596994301, 0.0010714567774770725, 0.0010160908403356863, 0.00097755878241745, 0.000930954857185425, 0.0009284132149874878], "steps": [0, 10000, 20000, 30000, 40000, 50000, 60000, 70000, 80000, 90000, 100000]}