{"fMOLHO 1": [0.0001619474808973837, 5.984115338939716e-08, 2.0397317314181646e-06, 1.5888054304558637e-05, 1.639540427288487e-06, 4.175305246769756e-07, 1.3500019273789753e-07, 1.050680607525614e-07, 9.958002521820002e-08, 1.025422771872205e-07, 2.229752552082865e-07, 5.865030418577755e-07, 3.722136725537794e-07, 5.855450354745525e-07, 1.4848106805210632e-07, 9.151949050937703e-08], "fMOLHO 2": [0.00031140092042987336, 1.1647713180097952e-07, 2.7292831429878694e-06, 9.889004195469472e-06, 1.811725570047142e-06, 6.558125907351132e-07, 2.578503069950267e-07, 1.7449155712399716e-07, 1.646507321168103e-07, 1.684015321894357e-07, 3.938910387030451e-07, 7.343484422077203e-07, 4.5499842707630147e-07, 6.611888157340133e-07, 2.5237630951286965e-07, 1.980969611544002e-07], "fMOLHO base 1": [0.00010134788816506845, 9.306668587883838e-08, 1.4962744865778276e-06, 1.0477139908755513e-05, 1.1500288643433515e-06, 3.243407556254292e-07, 1.3364347562904712e-07, 1.0923020402840254e-07, 1.0519150700007092e-07, 1.0867966961278598e-07, 2.005879037807659e-07, 4.45493362672142e-07, 2.923150044428932e-07, 4.21807305823902e-07, 1.3974354557663406e-07, 1.036986033792253e-07], "fMOLHO base 2": [0.00020554292203034383, 1.8516319241590748e-07, 2.5505283752715703e-06, 6.998937778091675e-06, 1.5539721270038403e-06, 5.741125812632095e-07, 2.547968193474219e-07, 2.1669870455030975e-07, 2.1513113629887138e-07, 2.1729193714430953e-07, 4.1932344782144184e-07, 1.0864290453380236e-06, 3.804498636462151e-07, 5.46794943105507e-07, 2.7233415853200255e-07, 2.4018123566539685e-07], "u": [0.15501003740708044, 4.9667426937796664e-05, 0.001985093432832899, 0.0028771710674219647, 0.001881848484531061, 0.0005844507527317858, 7.054332650062929e-05, 3.550536498861478e-05, 2.863874480217625e-05, 2.496749773214789e-05, 0.00021627673336276792, 0.0004338379746268908, 0.000378544877230774, 0.0004164714016093723, 5.374642459103462e-05, 2.383244009023676e-05], "v": [0.355120215061756, 5.316952688046868e-05, 0.0019868703465142404, 0.008321426948243137, 0.001991925206408986, 0.0005555571512478415, 4.69614728271843e-05, 2.1608356284273152e-05, 2.1432326617593385e-05, 2.4867849540997314e-05, 0.00015637058029575675, 0.0005050440373484589, 0.0003490465493151716, 0.0005337232540850771, 4.354014884082467e-05, 2.1065442239718508e-05], "s": [1.7736856435165367, 5.735090874264467e-05, 0.0024167894792183897, 0.014252980847401295, 0.0027356888259023053, 0.0005231530985011576, 7.51800102493984e-05, 4.637511864783229e-05, 4.1702658008363286e-05, 4.0331964705721195e-05, 0.00011672113129338297, 0.0005112072873151048, 0.0003728670847938948, 0.00044510470519243747, 6.120964252292477e-05, 4.093464210696422e-05], "H": [2.06017567202089, 0.0001448285461644632, 0.002291031257684794, 0.043153817295988044, 0.0018102123569612824, 0.0005215767721717507, 8.325678979906449e-05, 5.2360496750692365e-05, 4.87203860895958e-05, 4.2718063938531105e-05, 9.45462332113327e-05, 0.0005356160294869088, 0.0003885488278447345, 0.0004198532391126654, 6.030611639497213e-05, 3.6695592275555254e-05], "C": [0.07305624587164984, 0.00044521318866580197, 0.000629197867938577, 0.000683145120436657, 0.0006329856335626938, 0.000592064998641279, 0.0004983823266768527, 0.0003478582092388644, 0.00024766761707448247, 0.00017883474441092968, 0.0003776758058195718, 0.0006051216069872229, 0.0006180874358069965, 0.000595357129228905, 0.0004841069839536498, 0.0002463359339378141], "steps": [0, 10000, 20000, 30000, 40000, 50000, 60000, 70000, 80000, 90000, 100000, 110000, 120000, 130000, 140000, 150000]}