{"fMOLHO 1": [0.004038390274738585, 8.378843014797258e-06, 6.210357023435788e-06, 5.868542478222891e-06, 5.829777212312916e-06], "fMOLHO 2": [0.004396301397654166, 1.2088933677347346e-05, 9.83178505733608e-06, 9.311851043490787e-06, 9.575546876874676e-06], "fMOLHO base 1": [0.002290568311604039, 9.322819468927843e-06, 8.276321228663996e-06, 8.131211157934127e-06, 8.212123113391623e-06], "fMOLHO base 2": [0.0021514817336276454, 2.0111656686351155e-05, 1.937595457780184e-05, 1.9172629479620483e-05, 1.916673862417785e-05], "u": [0.42556042956520534, 5.9957356845399315e-05, 4.0828468592965174e-05, 3.522889929265365e-05, 3.1555134125236584e-05], "v": [0.15577854436374927, 8.316637852445649e-05, 3.0283176557543957e-05, 2.5132402995262292e-05, 2.209922100717084e-05], "u_base": [0.13212731018469154, 1.1072856720657476e-05, 7.065680636726401e-06, 6.604231737272655e-06, 5.896410129143339e-06], "v_base": [0.6420590604599011, 1.7865478277758458e-05, 9.727171534896805e-06, 8.269163012260132e-06, 7.3347963708860225e-06], "s": [0.5758207921964961, 0.0001578479412466162, 4.1153033076436796e-05, 3.8352973460345124e-05, 3.5645217923036064e-05], "H": [0.055064934706431076, 0.00044219024682202643, 0.0003455601943805107, 0.000315326532036469, 0.0002977163184188127], "C": [0.04356849230251934, 0.00022162401560898493, 0.00019483593418615297, 0.00018027202211110674, 0.0001673092217757771], "steps": [0, 10000, 20000, 30000, 40000]}