{"fMOLHO 1": [134.37295110735295, 0.004950966763182209, 0.0060450690039437795, 0.011728735761507443, 0.01143857194939035, 0.01190702328349866], "fMOLHO 2": [82.52360744568435, 0.004035772498313502, 0.00778358249310291, 0.006647501261200229, 0.007152828806236026, 0.002571609248353697], "fMOLHO base 1": [79.77181006798739, 0.0016217871225740717, 0.001163194773605023, 0.0024168086011169296, 0.002552099297391794, 0.0027282038621997055], "fMOLHO base 2": [44.93562578326629, 0.0022262261263206453, 0.0006912595680415192, 0.004589997305661766, 0.003562116144420405, 0.001399980602600555], "u": [0.023365015683257842, 0.0015031896838786283, 0.0015003610233683094, 0.0012947133258151234, 0.001497030693296353, 0.0007652770769489605], "v": [0.07433861428659212, 0.00480534915452862, 0.004686728775727259, 0.0031934098554050948, 0.003813016354055362, 0.0029788626662589205], "s": [6.692112924561295, 0.0025256375128784765, 0.0009705818449279841, 0.48608261321905777, 0.46603037237796907, 0.4912586992464298], "H": [3.809274822023764, 0.06581279074509504, 0.0347865668813257, 8.971342514014596, 2.769646867461862, 1.6480457523816314], "C": [0.06336110615111662, 0.013091074584477325, 0.010008187917970996, 0.018341288598662048, 0.017975805957224505, 0.014838161399007278], "steps": [0, 10000, 20000, 30000, 40000, 50000]}