{"fMOLHO 1": [5.307254168941715e-05, 1.6885944133586095e-07, 1.7139092696328592e-07, 1.4684760767250215e-07, 1.3836232578091845e-07, 1.3235953361688237e-07, 1.3359575150838764e-07, 1.413368631161595e-07, 1.4388405361294001e-07, 1.4876569448070898e-07, 1.5715403403992667e-07, 1.429705738504353e-07, 1.3608151219007927e-07, 1.491944616312154e-07, 1.377356175916007e-07, 1.2889447090359778e-07], "fMOLHO 2": [5.3957977400398164e-05, 2.892994883494367e-07, 2.8785002699712064e-07, 2.642682206039597e-07, 2.525931510785718e-07, 2.584965902616047e-07, 2.534864956077819e-07, 2.51975506146964e-07, 2.534183539386994e-07, 2.590562219166008e-07, 3.0963950780441837e-07, 2.54233922048379e-07, 2.3483521080890015e-07, 2.4191574605397083e-07, 2.446204185823412e-07, 2.445419266876008e-07], "fMOLHO base 1": [3.90823100886331e-05, 1.9408589077723408e-07, 1.8792738142482968e-07, 1.8535078197017256e-07, 1.8231107747641083e-07, 1.8230189515676981e-07, 1.824904927934792e-07, 1.8159738584103876e-07, 1.8306716916797054e-07, 1.8444644970758914e-07, 1.8529233517575935e-07, 1.819706665259276e-07, 1.7970952688088442e-07, 1.7975941741141038e-07, 1.7993338291831036e-07, 1.792328316769706e-07], "fMOLHO base 2": [3.247378045373616e-05, 4.523500540479232e-07, 4.3926224003209466e-07, 4.3812207157384746e-07, 4.402869234972539e-07, 4.39864103866194e-07, 4.367371936466379e-07, 4.3344599973883645e-07, 4.3561582727473046e-07, 4.401039844853449e-07, 4.4038902705723884e-07, 4.373202310143263e-07, 4.3328521426085707e-07, 4.3253213976929237e-07, 4.3093238887617283e-07, 4.271472339032119e-07], "u": [0.3313777976185131, 4.5229523266784086e-05, 2.8445310638314123e-05, 2.0212224595874612e-05, 1.7403117027465137e-05, 1.8909939886008586e-05, 1.6225656633332812e-05, 1.1433159790197401e-05, 1.0264724295403487e-05, 9.55883224431927e-06, 1.011063820160654e-05, 7.572215777848425e-06, 7.453911204093353e-06, 8.433747355051374e-06, 6.201523125542388e-06, 9.750715966811125e-06], "v": [0.2224743152795107, 3.510924976531518e-05, 2.020839816950235e-05, 1.324879246212321e-05, 1.2686642761412065e-05, 1.0447848428530988e-05, 8.577666417758753e-06, 7.797514494441779e-06, 7.301689893784493e-06, 6.973728270175767e-06, 3.6181053623299965e-05, 5.870479861340113e-06, 1.0516396045643955e-05, 5.593490570041148e-06, 5.1667660538745495e-06, 6.4232676887364685e-06], "u_base": [0.08222729049897794, 8.908769362556871e-06, 6.1835125126257285e-06, 4.25564077412754e-06, 3.4389588608402095e-06, 3.2952312545323084e-06, 2.912058729238059e-06, 2.473997861295666e-06, 2.355875219970993e-06, 2.306771972572402e-06, 2.485369957580499e-06, 2.0408748534547783e-06, 2.001856409369023e-06, 1.9538415131506566e-06, 1.7047209093087642e-06, 1.8273842798951337e-06], "v_base": [0.02351964223208618, 1.5990641483127513e-05, 8.665357204942004e-06, 5.766783510213046e-06, 4.806428547040654e-06, 3.7449482117199327e-06, 3.143051510814709e-06, 2.769644463254386e-06, 2.555029883094666e-06, 2.435015646680953e-06, 3.958484029251792e-06, 2.118170605231614e-06, 2.3638933501651576e-06, 1.95860630037727e-06, 1.8453486395397085e-06, 1.7674592222274786e-06], "s": [0.4653579311175154, 4.0947694877916187e-05, 3.648943311777952e-05, 3.139925160110946e-05, 2.970577630743128e-05, 2.873508649118743e-05, 2.7103714075329755e-05, 2.6350593703170184e-05, 2.557434892328589e-05, 2.48926867862608e-05, 4.114121400034976e-05, 2.334257881705606e-05, 2.9117552155336474e-05, 2.2293096429850556e-05, 2.129614567327887e-05, 2.4416191724179062e-05], "H": [0.6678419177026274, 9.257032790574974e-05, 6.235927690633165e-05, 5.199640305266518e-05, 0.00011206331721303453, 4.4839482318691736e-05, 3.8600196291934404e-05, 3.486682158748694e-05, 2.9957182063195013e-05, 2.389703769611048e-05, 0.00012282148058110205, 1.769652847846087e-05, 3.340632376839695e-05, 1.6789960675241734e-05, 1.3193664462197473e-05, 2.1154707962707502e-05], "C": [0.058827959590836316, 3.379332437093952e-06, 2.252332415945909e-06, 2.102434220962704e-06, 1.9909782611813395e-06, 1.8973081512847594e-06, 1.7630296892331307e-06, 1.6459125797745275e-06, 1.5660946063186742e-06, 1.512381769173861e-06, 1.4749252716696985e-06, 1.4002369320955575e-06, 1.3631211389769303e-06, 1.2873534205971544e-06, 1.1529628691290776e-06, 1.0528362630267913e-06], "steps": [0, 10000, 20000, 30000, 40000, 50000, 60000, 70000, 80000, 90000, 100000, 110000, 120000, 130000, 140000, 150000]}