{"fSSA1": [15.164977952467746, 0.0015812775761192292], "fSSA2": [79.76061742885396, 0.0036666398126131068], "u": [0.0032784452494086735, 2.1271896216524238e-05], "v": [0.01742247652462329, 9.222225259114003e-05], "s": [0.5078558131851573, 0.02518307027894841], "H": [0.13232103845974885, 0.021914647113132416], "C": [0.2519056048600515, 0.009886088813999137], "vel log": [0.006640879805698979, 0.005312655503778232], "steps": [0, 10000]}