{"fMOLHO 1": [151.9839369278147, 0.0018032754944828065, 0.002092012469126051, 0.005133671306391549, 0.0052403753074536, 0.0060274535297497114, 0.0026040682556887, 0.004510767685937204, 0.0018129441720567757, 0.005633046969614097, 0.0038384854011424014], "fMOLHO 2": [223.08824288577765, 0.0024885754470210736, 0.002541264804812442, 0.009582956748141434, 0.011002514393114978, 0.005401543464482144, 0.007253726466889878, 0.0029788260981491784, 0.003987990381337331, 0.00762727126909038, 0.0052784638122938075], "fMOLHO base 1": [80.70190293533292, 0.012133675549775062, 0.012506555566016571, 0.05540609001589233, 0.06360048408900482, 0.005426460101414915, 0.0020104528850559585, 0.0015326824844734575, 0.0017467801048558287, 0.0015691738825545842, 0.00974023588812324], "fMOLHO base 2": [122.11051101613411, 0.04422611050034358, 0.041530340183562164, 0.013897726527884147, 0.015583281605247658, 0.0037108748364178324, 0.0078676754039543, 0.005508886689510077, 0.006747870453452947, 0.006016204096893725, 0.04326072543252245], "u": [0.2566700575951782, 0.004487019519360306, 0.003675351520494905, 0.010318570561304082, 0.009248112123597989, 0.006585882860685565, 0.0064290462260236875, 0.0062302539456417835, 0.007681662529575006, 0.006486017800697961, 0.005947816715523359], "v": [0.13111703662855895, 0.014040409850077153, 0.013587535359631147, 0.02056066560924017, 0.02482353600143157, 0.01878785930237096, 0.020729394815096933, 0.016609175095294533, 0.021788336006815807, 0.01709971130443852, 0.019206484943320074], "u_base": [0.4516772931301136, 0.0018963441733007053, 0.0014278573557203564, 0.001454957995296877, 0.001210365406048702, 0.0014749227490093804, 0.000192150530718383, 0.0001640524962468885, 0.00017608806945691233, 0.0001531240316821817, 0.0007296977729911718], "v_base": [0.6319147312278648, 0.009315647048011909, 0.00841980349098518, 0.0042092802938234995, 0.004230481257588785, 0.0027886453796260213, 0.0012305785163025428, 0.0011343896001086212, 0.0011930154184698594, 0.0011125013889088156, 0.006361892973520887], "s": [4.0408300668837684, 0.05015172268015251, 0.04065519764640075, 0.2412469910180279, 0.24397487937281834, 0.24466296469484777, 0.24610734089132305, 0.2430869684632921, 0.2446197492780055, 0.24127962547628426, 0.08493888327070297], "H": [2.1893253999116915, 0.03254794807987866, 0.021273237803792363, 40.58813826916465, 29.59732798084144, 11.926126648051552, 2.242951010446467, 0.48624949461358924, 3.483732802656065, 0.36517235183819075, 0.05759585386399789], "C": [0.1632202098564762, 0.0068211957291266345, 0.007064885610418507, 0.027837879502766137, 0.021987240152193867, 0.01787588188819477, 0.008884202992705287, 0.008371500275632595, 0.008169107065326246, 0.00996349807674905, 0.005703970118399189], "steps": [0, 10000, 20000, 30000, 40000, 50000, 60000, 70000, 80000, 90000, 100000]}